il,ilce,yapimYili,katSayisi,zeminDukkan,bitisik,hasar,kullanimAmaci,kisaKolon,agirCikma,planTipi,bitisikHiza,zeminSinifi,gercekEtiket,ultrasonikSesHizi,geriSicramaSayisi,basincDayanimi
kayseri,sarız,2008,3,hayir,hayir,yok,konut,var,yok,L,farkli,Z3,Düşük,4.253,22.7,23.9
giresun,alucra,2004,9,evet,evet,hafif,ofis,emin_degil,yok,L,yok,Z4,Orta,5.17,44.0,65.43
tekirdağ,kapaklı,2020,1,evet,hayir,hafif,konut,var,buyuk,U,yok,Z3,Orta,4.74,28.6,23.63
bartın,ulus,1996,2,evet,hayir,hafif,konut,emin_degil,hafif,T,uyumlu,Z3,Orta,4.097,20.7,22.5
adana,tufanbeyli,2006,10,hayir,evet,kolon,sanayi,emin_degil,hafif,U,yok,Z4,Orta,4.13,23.8,14.22
istanbul,çatalca,1984,9,hayir,hayir,yok,sanayi,var,hafif,kompleks,yok,Z2,Orta,4.32,28.2,23.34
kahramanmaraş,ekinözü,1969,6,evet,evet,kolon,hastane,emin_degil,hafif,kompleks,yok,Z3,Yüksek,4.45,27.9,20.89
kocaeli,kandıra,1997,8,evet,evet,yok,konut,yok,hafif,U,yok,Z2,Orta,4.53,25.4,20.1
eskişehir,inönü,2024,9,hayir,evet,hafif,konut,yok,yok,L,uyumlu,Z4,Düşük,4.6,36.6,34.7
diyarbakır,lice,2022,3,evet,hayir,kolon,hastane,var,buyuk,kompleks,uyumlu,Z2,Yüksek,4.77,30.8,25.2
kayseri,yahyalı,2018,12,evet,evet,yok,sanayi,emin_degil,yok,kompleks,farkli,Z3,Orta,4.127,18.3,18.32
istanbul,pendik,1972,12,hayir,hayir,yok,konut,emin_degil,yok,dikdortgen,uyumlu,Z2,Düşük,4.407,24.3,28.06
antalya,kumluca,1965,5,evet,evet,hafif,okul,var,buyuk,kompleks,farkli,Z4,Yüksek,4.26,24.0,16.67
artvin,yusufeli,2012,12,evet,hayir,kolon,ofis,yok,yok,dikdortgen,farkli,Z1,Orta,4.55,27.0,20.3
diyarbakır,çermik,2006,11,evet,hayir,hafif,hastane,yok,yok,U,farkli,Z2,Orta,4.69,30.6,27.85
edirne,ipsala,1985,12,evet,evet,kolon,ofis,emin_degil,hafif,dikdortgen,uyumlu,Z3,Yüksek,4.48,26.0,19.61
şanlıurfa,bozova,1973,6,evet,hayir,hafif,sanayi,emin_degil,hafif,kompleks,yok,Z2,Orta,4.243,16.0,16.99
izmir,karaburun,1979,12,hayir,hayir,kolon,konut,emin_degil,yok,kompleks,uyumlu,Z1,Orta,3.9,21.8,12.45
edirne,enez,2020,6,hayir,evet,yok,okul,var,hafif,kompleks,uyumlu,Z3,Düşük,4.52,28.3,26.09
bursa,keles,2019,7,evet,hayir,kolon,okul,var,yok,kompleks,farkli,Z2,Yüksek,4.74,34.3,37.64
çankırı,yapraklı,1988,11,hayir,hayir,kolon,hastane,emin_degil,buyuk,T,farkli,Z3,Yüksek,4.52,32.6,30.3
bartın,ulus,2005,11,evet,hayir,hafif,hastane,yok,buyuk,T,yok,Z3,Orta,4.123,18.0,16.05
batman,sason,2004,2,evet,hayir,kolon,okul,emin_degil,yok,U,farkli,Z3,Orta,5.13,43.0,65.92
istanbul,silivri,1979,2,hayir,evet,kolon,konut,var,buyuk,T,farkli,Z3,Yüksek,4.213,24.7,27.48
izmir,kiraz,1981,6,evet,evet,yok,okul,emin_degil,buyuk,dikdortgen,farkli,Z2,Orta,4.96,37.3,40.99
kastamonu,cide,1989,9,hayir,hayir,yok,hastane,var,hafif,kompleks,yok,Z2,Orta,4.67,31.2,27.26
kayseri,sarız,2003,8,evet,evet,yok,konut,yok,yok,dikdortgen,uyumlu,Z3,Düşük,4.62,28.4,24.52
adana,saimbeyli,1997,11,evet,hayir,hafif,ofis,emin_degil,yok,U,uyumlu,Z4,Orta,4.73,32.5,30.89
sivas,suşehri,2022,6,evet,hayir,kolon,okul,emin_degil,yok,dikdortgen,yok,Z2,Orta,4.45,31.0,27.46
trabzon,of,2006,11,evet,hayir,hafif,okul,var,yok,T,yok,Z3,Orta,4.37,26.0,19.22
eskişehir,inönü,1981,10,evet,hayir,yok,okul,var,buyuk,T,yok,Z4,Yüksek,4.596,42.0,38.4
trabzon,hayrat,2010,12,hayir,evet,kolon,sanayi,var,yok,dikdortgen,uyumlu,Z2,Orta,5.39,45.0,60.82
kayseri,sarız,1982,9,hayir,hayir,kolon,ofis,emin_degil,yok,U,yok,Z3,Yüksek,4.17,22.0,14.42
trabzon,of,2017,7,evet,evet,kolon,okul,var,buyuk,dikdortgen,uyumlu,Z3,Yüksek,5.09,38.8,47.23
kars,kağızman,1990,6,evet,hayir,yok,okul,var,hafif,U,uyumlu,Z2,Orta,4.4,35.0,30.5
afyonkarahisar,sultandağı,1976,3,evet,hayir,hafif,ofis,yok,yok,U,uyumlu,Z3,Düşük,4.53,25.4,20.1
artvin,yusufeli,2000,8,evet,evet,hafif,okul,emin_degil,buyuk,kompleks,farkli,Z1,Yüksek,4.16,25.0,21.57
edirne,enez,1968,5,evet,hayir,kolon,okul,yok,buyuk,L,farkli,Z3,Yüksek,4.33,22.0,23.31
afyonkarahisar,çay,1986,1,evet,evet,kolon,okul,var,hafif,T,yok,Z3,Yüksek,4.6,36.6,34.7
eskişehir,inönü,2005,12,hayir,hayir,hafif,sanayi,var,buyuk,kompleks,uyumlu,Z4,Orta,4.35,28.4,19.81
mersin,çamlıyayla,1993,7,hayir,hayir,yok,okul,emin_degil,yok,kompleks,uyumlu,Z3,Düşük,4.12,21.7,17.11
istanbul,silivri,1994,1,hayir,hayir,yok,ofis,var,yok,dikdortgen,uyumlu,Z3,Düşük,4.173,25.3,27.48
sivas,divriği,1986,11,hayir,hayir,yok,okul,var,hafif,T,uyumlu,Z2,Orta,5.22,41.4,50.01
ardahan,göle,2003,8,hayir,hayir,yok,okul,var,hafif,dikdortgen,uyumlu,Z2,Düşük,4.407,24.3,28.06
erzurum,ispir,1982,1,hayir,evet,yok,sanayi,var,yok,L,farkli,Z3,Düşük,4.25,20.7,19.13
trabzon,hayrat,2005,2,hayir,hayir,kolon,hastane,emin_degil,buyuk,U,farkli,Z2,Orta,4.723,33.7,33.73
balıkesir,kepsut,1988,10,hayir,evet,yok,okul,emin_degil,yok,L,farkli,Z3,Orta,4.18,22.8,15.0
bartın,ulus,1981,6,hayir,evet,hafif,sanayi,yok,yok,dikdortgen,yok,Z3,Düşük,3.963,25.0,20.3
kayseri,sarız,2008,11,evet,evet,hafif,ofis,var,yok,L,farkli,Z3,Orta,5.39,45.0,60.82
ardahan,göle,1977,10,evet,evet,hafif,hastane,emin_degil,buyuk,U,yok,Z2,Yüksek,4.29,28.0,23.54
uşak,,1980,10,evet,hayir,hafif,sanayi,emin_degil,hafif,U,farkli,Z3,Orta,4.5,30.0,33.0
çankırı,yapraklı,1975,4,hayir,evet,kolon,okul,yok,yok,kompleks,farkli,Z3,Yüksek,4.89,43.5,43.67
sivas,divriği,1980,8,evet,hayir,yok,konut,emin_degil,yok,T,uyumlu,Z2,Orta,4.227,19.7,17.94
izmir,karaburun,1990,1,hayir,evet,yok,okul,emin_degil,yok,dikdortgen,uyumlu,Z1,Düşük,4.73,30.0,25.3
kars,kağızman,2010,4,hayir,evet,yok,sanayi,yok,buyuk,dikdortgen,yok,Z2,Düşük,4.85,33.8,35.5
ardahan,göle,2007,4,evet,evet,kolon,ofis,yok,hafif,dikdortgen,yok,Z2,Orta,5.11,52.3,55.82
yozgat,akdağmadeni,1995,3,evet,hayir,kolon,hastane,var,buyuk,dikdortgen,yok,Z2,Yüksek,4.55,30.5,27.46
edirne,ipsala,1989,6,evet,hayir,yok,ofis,var,hafif,dikdortgen,yok,Z3,Orta,3.9,21.8,12.45
edirne,ipsala,1987,1,evet,hayir,kolon,hastane,var,buyuk,dikdortgen,yok,Z3,Yüksek,4.69,30.0,26.18
samsun,alaçam,2014,1,hayir,evet,yok,okul,var,buyuk,L,farkli,Z3,Orta,4.72,33.8,33.93
sivas,akıncılar,1968,3,hayir,evet,yok,hastane,var,hafif,dikdortgen,yok,Z2,Orta,3.92,18.0,13.11
istanbul,silivri,1983,1,hayir,evet,kolon,okul,var,yok,U,uyumlu,Z3,Yüksek,4.12,20.7,20.34
çorum,kargı,1967,3,hayir,hayir,yok,hastane,emin_degil,yok,dikdortgen,yok,Z3,Orta,4.61,26.4,20.2
edirne,ipsala,2022,9,hayir,evet,yok,sanayi,var,hafif,T,yok,Z3,Düşük,4.65,29.0,23.83
giresun,çamoluk,2001,8,evet,hayir,kolon,sanayi,yok,hafif,L,yok,Z4,Yüksek,4.51,28.9,22.36
trabzon,hayrat,1969,11,evet,hayir,kolon,konut,emin_degil,buyuk,dikdortgen,yok,Z2,Yüksek,4.82,41.1,43.23
giresun,çamoluk,1993,4,hayir,evet,yok,konut,var,hafif,U,farkli,Z4,Orta,5.22,43.0,58.37
erzurum,ispir,1984,8,hayir,evet,kolon,hastane,emin_degil,yok,T,yok,Z3,Yüksek,5.049,40.1,64.82
ordu,mesudiye,1998,12,hayir,evet,yok,konut,var,hafif,dikdortgen,farkli,Z2,Orta,4.48,28.6,23.05
trabzon,of,1985,7,hayir,evet,kolon,konut,var,buyuk,L,yok,Z3,Yüksek,4.3,19.0,23.77
giresun,çamoluk,2005,6,hayir,hayir,yok,okul,emin_degil,buyuk,kompleks,uyumlu,Z4,Orta,4.84,33.0,31.87
bartın,ulus,1990,3,evet,evet,hafif,sanayi,yok,yok,kompleks,yok,Z3,Orta,4.31,24.4,15.3
artvin,yusufeli,1973,8,evet,hayir,yok,okul,var,hafif,U,yok,Z1,Orta,4.55,27.4,22.36
ardahan,göle,2017,11,evet,hayir,kolon,sanayi,emin_degil,hafif,kompleks,uyumlu,Z2,Orta,4.45,24.6,16.67
balıkesir,kepsut,2015,11,evet,hayir,yok,ofis,yok,buyuk,L,yok,Z3,Orta,5.05,37.2,40.31
uşak,,2023,12,hayir,evet,yok,okul,var,yok,kompleks,uyumlu,Z3,Orta,4.77,37.3,41.19
giresun,alucra,1988,10,evet,hayir,hafif,konut,yok,buyuk,dikdortgen,farkli,Z4,Yüksek,4.03,21.6,12.85
çorum,kargı,2012,1,evet,hayir,kolon,ofis,var,hafif,L,farkli,Z3,Orta,4.1,26.2,14.42
ordu,akkuş,1967,3,evet,evet,yok,ofis,emin_degil,buyuk,L,farkli,Z2,Orta,4.78,38.4,36.15
edirne,ipsala,2022,1,evet,evet,yok,okul,yok,yok,dikdortgen,yok,Z3,Düşük,4.17,22.0,14.42
uşak,,2015,3,evet,evet,yok,sanayi,var,hafif,U,yok,Z3,Düşük,4.33,22.0,23.31
balıkesir,kepsut,1970,11,hayir,hayir,yok,ofis,var,yok,L,uyumlu,Z3,Orta,4.2,22.1,15.1
bartın,ulus,2011,1,evet,hayir,kolon,okul,var,buyuk,T,yok,Z3,Orta,4.77,30.3,27.36
kastamonu,cide,1989,5,hayir,evet,yok,okul,yok,hafif,U,farkli,Z2,Düşük,4.93,35.4,40.7
kastamonu,cide,1972,1,evet,hayir,yok,ofis,var,buyuk,U,farkli,Z2,Orta,4.48,29.1,22.36
istanbul,silivri,1982,5,hayir,hayir,yok,okul,emin_degil,yok,kompleks,yok,Z3,Orta,4.3,32.0,24.07
istanbul,silivri,1989,7,hayir,evet,yok,ofis,yok,yok,L,farkli,Z3,Düşük,4.8,55.5,56.9
bursa,harmancık,1998,7,evet,evet,hafif,konut,var,yok,T,farkli,Z2,Orta,4.69,30.0,26.18
istanbul,silivri,2002,1,hayir,evet,yok,sanayi,var,yok,T,uyumlu,Z3,Düşük,4.9,34.0,53.27
kayseri,yahyalı,2004,1,evet,hayir,yok,okul,var,yok,L,uyumlu,Z3,Düşük,4.58,29.8,23.54
giresun,çamoluk,1970,12,hayir,hayir,yok,sanayi,var,hafif,dikdortgen,uyumlu,Z4,Yüksek,4.157,23.0,21.41
balıkesir,kepsut,1996,10,hayir,evet,yok,okul,var,yok,L,farkli,Z3,Orta,4.317,23.7,25.91
artvin,yusufeli,1993,4,evet,hayir,hafif,hastane,yok,yok,dikdortgen,yok,Z1,Düşük,4.51,27.0,27.73
kastamonu,cide,2000,12,evet,hayir,yok,konut,var,hafif,dikdortgen,farkli,Z2,Orta,4.92,37.0,46.68
bartın,ulus,1994,3,evet,evet,yok,konut,emin_degil,yok,U,uyumlu,Z3,Düşük,4.26,24.0,16.67
bartın,ulus,1966,7,evet,evet,hafif,konut,yok,hafif,dikdortgen,yok,Z3,Orta,5.15,51.3,54.22
çankırı,yapraklı,1975,4,hayir,hayir,yok,okul,yok,yok,kompleks,yok,Z3,Düşük,4.17,23.0,14.51
bartın,ulus,2001,3,evet,hayir,kolon,konut,emin_degil,buyuk,U,farkli,Z3,Orta,4.3,26.3,27.0
edirne,enez,2008,12,hayir,hayir,kolon,hastane,emin_degil,buyuk,dikdortgen,yok,Z3,Yüksek,4.55,30.0,23.63
kayseri,sarız,1998,8,hayir,hayir,kolon,konut,yok,yok,T,yok,Z3,Orta,4.28,28.3,23.14
istanbul,avcılar,1992,8,evet,evet,hafif,konut,var,buyuk,L,farkli,Z4,Yüksek,4.96,37.3,41.19
izmir,bayraklı,2005,12,evet,hayir,yok,ofis,emin_degil,buyuk,T,yok,Z4,Orta,4.51,30.4,23.25
ankara,etimesgut,1998,9,hayir,hayir,kolon,hastane,var,hafif,dikdortgen,yok,Z4,Yüksek,4.8,38.1,40.4
sakarya,merkez,1999,5,evet,evet,hafif,konut,yok,hafif,kompleks,uyumlu,Z4,Orta,4.36,26.3,22.87
aydın,efeler,1980,6,evet,hayir,kolon,okul,var,yok,U,yok,Z4,Yüksek,5.22,53.5,58.93
giresun,alucra,2010,10,hayir,hayir,yok,konut,emin_degil,buyuk,L,yok,Z4,Orta,4.458,37.0,33.2
istanbul,sarıyer,2015,4,hayir,hayir,yok,konut,yok,yok,dikdortgen,yok,Z1,Düşük,4.02,20.3,17.19
bursa,gemlik,1995,7,evet,evet,hafif,konut,var,hafif,T,farkli,Z4,Yüksek,4.26,28.5,22.16
antalya,finike,1988,8,evet,hayir,yok,konut,emin_degil,buyuk,kompleks,yok,Z4,Orta,4.25,23.1,23.3
kocaeli,izmit,2001,6,evet,evet,hafif,ofis,yok,hafif,U,uyumlu,Z4,Orta,4.796,31.2,39.8
muğla,datça,2018,2,hayir,hayir,yok,konut,yok,yok,dikdortgen,yok,Z1,Düşük,4.52,30.0,26.38
hatay,antakya,1990,7,evet,evet,kolon,hastane,var,buyuk,kompleks,farkli,Z4,Yüksek,4.47,26.0,31.35
ankara,çankaya,2020,15,hayir,hayir,yok,ofis,yok,yok,dikdortgen,yok,Z1,Düşük,4.43,23.7,23.98
izmir,karaburun,1985,3,hayir,hayir,yok,konut,var,hafif,L,yok,Z1,Düşük,4.779,30.5,42.51
samsun,bafra,1975,5,evet,hayir,hafif,konut,emin_degil,yok,T,yok,Z4,Orta,4.45,30.9,27.46
eskişehir,merkez,1992,8,evet,evet,yok,okul,var,buyuk,U,farkli,Z4,Yüksek,4.327,17.7,19.48
manisa,demirci,2005,4,hayir,hayir,yok,konut,yok,yok,dikdortgen,yok,Z2,Düşük,4.317,23.7,25.91
ordu,merkez,2012,10,hayir,hayir,yok,konut,var,hafif,L,yok,Z2,Düşük,4.92,37.0,46.68
erzincan,merkez,1999,4,evet,evet,hafif,konut,emin_degil,yok,kompleks,uyumlu,Z4,Orta,4.057,23.7,21.69
istanbul,fatih,1970,6,evet,evet,kolon,konut,var,hafif,dikdortgen,farkli,Z2,Yüksek,5.39,45.0,60.82
bursa,yıldırım,2010,5,hayir,hayir,yok,konut,yok,yok,dikdortgen,yok,Z2,Düşük,4.35,37.9,39.4
adana,seyhan,1985,9,evet,evet,hafif,konut,var,buyuk,T,farkli,Z4,Yüksek,4.45,32.0,31.39
mardin,merkez,2000,4,hayir,hayir,yok,konut,yok,yok,dikdortgen,yok,Z1,Düşük,4.097,20.7,22.5
yalova,merkez,1998,5,evet,hayir,kolon,okul,var,buyuk,L,yok,Z4,Yüksek,4.2,24.5,15.89
diyarbakır,bağlar,2005,8,hayir,evet,yok,konut,yok,hafif,U,uyumlu,Z2,Düşük,4.48,28.6,22.16
antalya,merkez,2015,5,hayir,hayir,yok,konut,yok,yok,dikdortgen,yok,Z1,Düşük,4.49,43.5,41.5
samsun,canik,1995,6,evet,evet,hafif,konut,emin_degil,hafif,kompleks,uyumlu,Z2,Orta,4.097,20.7,22.5
kayseri,melikgazi,2012,12,hayir,hayir,yok,konut,yok,yok,dikdortgen,yok,Z2,Düşük,4.15,23.5,16.18
tekirdağ,çorlu,2008,7,hayir,evet,yok,konut,var,hafif,L,uyumlu,Z2,Düşük,4.51,25.4,16.67
izmir,konak,1975,8,evet,evet,hafif,konut,var,buyuk,T,farkli,Z3,Yüksek,5.08,49.1,52.65
artvin,merkez,2018,5,hayir,hayir,yok,konut,yok,yok,dikdortgen,yok,Z1,Düşük,4.458,37.0,33.2
mersin,toroslar,2000,6,hayir,hayir,yok,konut,var,hafif,U,yok,Z2,Düşük,4.1,26.2,14.42
istanbul,bakırköy,1990,7,evet,evet,hafif,hastane,emin_degil,buyuk,kompleks,farkli,Z4,Yüksek,4.58,29.3,24.52
ankara,gölbaşı,2010,4,hayir,hayir,yok,konut,yok,yok,dikdortgen,yok,Z4,Düşük,4.213,24.3,25.59
konya,selçuklu,2005,10,hayir,evet,yok,konut,var,hafif,L,uyumlu,Z3,Orta,5.27,36.0,50.23
giresun,merkez,1985,6,evet,hayir,kolon,okul,var,yok,U,yok,Z4,Yüksek,5.089,45.4,48.81
uşak,merkez,2015,3,hayir,hayir,yok,konut,yok,yok,dikdortgen,yok,Z3,Düşük,4.54,26.0,19.12
balıkesir,edremit,1992,5,evet,evet,hafif,konut,emin_degil,hafif,kompleks,farkli,Z4,Orta,4.32,27.3,19.22
tekirdağ,merkez,2000,6,hayir,hayir,yok,konut,var,yok,T,yok,Z3,Düşük,4.35,25.5,20.1
izmir,bornova,1988,10,evet,evet,kolon,konut,var,buyuk,L,farkli,Z4,Yüksek,4.45,30.9,26.97
istanbul,kartal,2012,12,hayir,hayir,yok,konut,yok,yok,dikdortgen,yok,Z1,Düşük,4.92,40.8,50.8
trabzon,ortahisar,2005,8,hayir,evet,yok,konut,emin_degil,hafif,U,uyumlu,Z3,Düşük,4.77,30.0,28.05
kocaeli,gebze,2015,5,hayir,hayir,yok,konut,yok,yok,dikdortgen,yok,Z2,Düşük,4.45,29.9,27.46
adana,çukurova,2018,12,hayir,hayir,yok,konut,yok,yok,dikdortgen,yok,Z2,Düşük,3.92,18.0,13.11
malatya,yeşilyurt,1995,6,evet,evet,hafif,konut,var,hafif,kompleks,uyumlu,Z3,Orta,4.79,41.3,42.53
sakarya,serdivan,2008,4,hayir,hayir,yok,konut,yok,yok,dikdortgen,yok,Z3,Düşük,5.17,39.0,53.27
edirne,merkez,1980,5,evet,evet,hafif,konut,emin_degil,yok,T,farkli,Z3,Orta,4.13,20.7,20.4
istanbul,avcılar,2005,8,evet,hayir,yok,ofis,var,buyuk,L,yok,Z4,Orta,4.033,16.3,15.53
kırklareli,merkez,2010,4,hayir,hayir,yok,konut,yok,yok,dikdortgen,yok,Z1,Düşük,5.22,39.0,60.14
aydın,kuşadası,2015,5,hayir,hayir,yok,konut,yok,yok,dikdortgen,yok,Z2,Düşük,4.173,25.3,27.48
giresun,alucra,1990,8,evet,evet,hafif,konut,var,buyuk,kompleks,farkli,Z4,Yüksek,4.9,39.0,41.14
izmir,karşıyaka,1982,9,evet,evet,kolon,konut,var,buyuk,T,farkli,Z4,Yüksek,4.7,30.7,25.69
istanbul,arnavutköy,2018,5,hayir,hayir,yok,konut,yok,yok,dikdortgen,yok,Z2,Düşük,4.682,29.7,36.75
antalya,lara,2020,4,hayir,hayir,yok,konut,yok,yok,dikdortgen,yok,Z1,Düşük,4.92,40.8,50.8
bursa,nilüfer,2005,7,evet,hayir,yok,konut,emin_degil,hafif,U,yok,Z3,Düşük,4.443,27.0,26.44
ankara,yenimahalle,1995,8,evet,evet,hafif,konut,var,buyuk,L,uyumlu,Z3,Orta,4.397,20.7,19.41
kocaeli,kandıra,1980,4,hayir,hayir,yok,konut,yok,yok,dikdortgen,yok,Z2,Düşük,4.55,28.0,24.22
istanbul,beşiktaş,1975,6,evet,evet,hafif,konut,var,hafif,kompleks,farkli,Z3,Orta,4.55,29.4,24.03
hatay,iskenderun,2008,10,evet,hayir,kolon,ofis,emin_degil,buyuk,T,yok,Z4,Yüksek,4.45,32.0,31.39
samsun,atakum,2015,12,hayir,hayir,yok,konut,yok,yok,dikdortgen,yok,Z3,Düşük,4.5,32.7,27.92
manisa,merkez,1992,6,evet,evet,hafif,konut,var,yok,U,uyumlu,Z3,Orta,4.55,30.0,23.63
kahramanmaraş,merkez,1985,7,evet,hayir,kolon,hastane,var,buyuk,L,yok,Z3,Yüksek,3.85,22.9,14.81
tekirdağ,çorlu,2018,5,hayir,hayir,yok,konut,yok,yok,dikdortgen,yok,Z2,Düşük,4.888,43.3,39.23
izmir,balçova,1998,6,evet,evet,hafif,konut,emin_degil,hafif,kompleks,uyumlu,Z4,Orta,4.25,23.1,23.3
istanbul,başakşehir,2010,12,hayir,hayir,yok,konut,yok,yok,dikdortgen,yok,Z2,Düşük,4.347,22.7,24.48
antalya,konyaaltı,2015,6,hayir,evet,yok,konut,var,hafif,T,uyumlu,Z3,Düşük,4.51,27.0,27.73
bursa,osmangazi,1988,9,evet,evet,hafif,konut,var,buyuk,U,farkli,Z4,Yüksek,4.55,33.8,35.3
ankara,mamak,2000,7,hayir,hayir,yok,konut,yok,yok,dikdortgen,yok,Z2,Düşük,4.65,25.1,17.16
sivas,merkez,2012,8,hayir,evet,yok,konut,var,hafif,L,uyumlu,Z2,Düşük,4.67,31.2,27.26
giresun,alucra,2022,12,hayir,hayir,yok,konut,yok,yok,dikdortgen,yok,Z4,Düşük,4.32,26.0,18.63
erzincan,merkez,1982,5,evet,evet,kolon,konut,var,buyuk,kompleks,farkli,Z4,Yüksek,4.17,21.8,15.49
istanbul,maltepe,2005,6,hayir,hayir,yok,konut,var,hafif,U,yok,Z2,Düşük,5.0,41.0,50.01
aydın,kuşadası,1995,4,hayir,evet,yok,konut,yok,yok,dikdortgen,uyumlu,Z2,Düşük,4.98,40.0,49.13
izmir,buca,2010,7,hayir,hayir,yok,konut,yok,yok,dikdortgen,yok,Z2,Düşük,4.147,17.7,18.32
istanbul,zeytinburnu,1978,6,evet,evet,hafif,konut,var,hafif,kompleks,farkli,Z3,Orta,4.327,17.7,19.48
bursa,keles,1985,3,hayir,hayir,yok,konut,yok,yok,dikdortgen,yok,Z2,Düşük,4.22,22.7,22.54
kayseri,merkez,2000,8,hayir,evet,yok,konut,emin_degil,hafif,T,uyumlu,Z3,Düşük,4.93,43.8,44.75
adana,yüreğir,1992,6,evet,evet,hafif,konut,var,buyuk,L,farkli,Z4,Yüksek,5.2,36.0,59.35
muğla,dalaman,2015,4,hayir,hayir,yok,konut,yok,yok,dikdortgen,yok,Z4,Düşük,5.119,46.8,47.99
istanbul,tuzla,2008,5,hayir,evet,yok,konut,var,hafif,U,uyumlu,Z3,Düşük,5.2,36.0,59.35
ankara,keçiören,2012,8,hayir,hayir,yok,konut,yok,yok,dikdortgen,yok,Z2,Düşük,3.957,17.0,13.65
konya,meram,1995,6,evet,evet,hafif,konut,emin_degil,hafif,kompleks,uyumlu,Z3,Orta,4.45,30.5,25.99
samsun,çarşamba,1980,5,evet,hayir,kolon,okul,var,buyuk,T,yok,Z4,Yüksek,4.78,36.0,39.45
antalya,demre,2018,3,hayir,hayir,yok,konut,yok,yok,dikdortgen,yok,Z4,Düşük,4.66,31.0,30.11
bursa,yıldırım,1990,7,evet,evet,hafif,konut,var,hafif,L,farkli,Z2,Orta,4.3,22.6,24.2
istanbul,pendik,2020,10,hayir,hayir,yok,konut,yok,yok,dikdortgen,yok,Z2,Düşük,4.19,23.5,14.42
izmir,konak,2005,8,hayir,evet,yok,konut,var,hafif,U,uyumlu,Z3,Düşük,4.33,21.7,22.82
adana,çukurova,2012,12,hayir,hayir,yok,ofis,yok,yok,dikdortgen,yok,Z2,Düşük,5.13,31.0,38.65
istanbul,kadıköy,1985,6,evet,evet,hafif,konut,emin_degil,buyuk,kompleks,farkli,Z2,Orta,4.82,25.0,27.96
sakarya,merkez,1992,5,evet,hayir,kolon,hastane,var,buyuk,T,yok,Z4,Yüksek,5.22,41.5,50.01
ankara,sincan,2008,7,hayir,evet,yok,konut,var,hafif,L,uyumlu,Z3,Düşük,4.7,46.9,49.2
bursa,gemlik,1975,6,evet,evet,hafif,konut,var,buyuk,U,farkli,Z4,Yüksek,4.54,31.0,29.03
istanbul,çatalca,2015,3,hayir,hayir,yok,konut,yok,yok,dikdortgen,yok,Z2,Düşük,4.84,33.0,31.87
izmir,bayraklı,1999,10,evet,evet,hafif,konut,emin_degil,hafif,kompleks,uyumlu,Z4,Orta,4.457,27.3,29.94
giresun,alucra,1982,5,evet,hayir,kolon,okul,var,buyuk,T,yok,Z4,Yüksek,4.637,26.7,28.73
bursa,nilüfer,2018,8,hayir,hayir,yok,konut,yok,yok,dikdortgen,yok,Z3,Düşük,4.77,32.0,32.36
istanbul,sarıyer,2012,10,hayir,hayir,yok,konut,yok,yok,dikdortgen,yok,Z1,Düşük,4.73,30.0,25.3
kocaeli,kandıra,1995,4,hayir,evet,yok,konut,var,hafif,L,uyumlu,Z2,Düşük,4.25,26.7,27.19
ankara,etimesgut,2005,6,evet,evet,hafif,konut,emin_degil,hafif,U,uyumlu,Z4,Orta,4.36,25.8,16.18
bursa,gemlik,1992,9,evet,evet,hafif,konut,var,buyuk,L,farkli,Z4,Yüksek,4.77,37.1,39.42
izmir,bornova,1985,10,evet,hayir,kolon,okul,emin_degil,hafif,U,yok,Z4,Yüksek,4.18,22.0,19.92
istanbul,bakırköy,1978,7,evet,evet,yok,konut,var,buyuk,kompleks,farkli,Z4,Yüksek,4.784,24.1,26.09
adana,yüreğir,2005,12,evet,hayir,hafif,konut,yok,buyuk,T,yok,Z4,Orta,4.27,22.3,24.94
sakarya,merkez,1994,4,evet,evet,yok,ofis,var,hafif,dikdortgen,uyumlu,Z4,Orta,4.93,43.8,44.75
aydın,efeler,2012,6,hayir,hayir,yok,konut,yok,yok,dikdortgen,yok,Z4,Düşük,4.97,48.4,52.12
giresun,alucra,1980,5,evet,evet,kolon,hastane,var,buyuk,L,farkli,Z4,Yüksek,4.293,25.7,31.74
ankara,etimesgut,2015,10,evet,hayir,yok,konut,emin_degil,yok,U,yok,Z4,Orta,4.38,28.1,21.38
konya,merkez,1999,8,hayir,evet,hafif,konut,var,hafif,kompleks,uyumlu,Z4,Orta,4.45,31.0,27.46
istanbul,avcılar,2021,5,hayir,hayir,yok,konut,yok,yok,dikdortgen,yok,Z4,Düşük,5.1,39.0,43.44
hatay,antakya,1975,6,evet,evet,hafif,okul,var,buyuk,L,farkli,Z4,Yüksek,4.99,41.2,50.8
erzincan,merkez,2008,12,evet,hayir,yok,ofis,yok,hafif,dikdortgen,yok,Z4,Orta,4.093,20.7,19.61
antalya,lara,2010,4,hayir,hayir,yok,konut,yok,yok,dikdortgen,yok,Z1,Düşük,4.99,41.2,50.8
mardin,merkez,1992,3,hayir,hayir,yok,konut,var,yok,L,yok,Z1,Düşük,5.08,38.0,52.29
kocaeli,izmit,1988,9,evet,evet,kolon,konut,emin_degil,hafif,U,farkli,Z4,Yüksek,4.27,22.3,24.94
izmir,bayraklı,2017,14,hayir,hayir,yok,ofis,yok,yok,dikdortgen,yok,Z4,Düşük,4.66,31.0,30.11
ankara,çankaya,1985,10,hayir,hayir,yok,konut,var,hafif,dikdortgen,yok,Z1,Düşük,5.2,36.0,59.35
istanbul,sarıyer,2000,5,hayir,hayir,yok,konut,yok,yok,dikdortgen,yok,Z1,Düşük,4.62,31.9,28.14
bursa,yıldırım,1995,6,evet,evet,hafif,konut,emin_degil,hafif,kompleks,uyumlu,Z2,Orta,4.627,32.0,34.66
balıkesir,edremit,1982,5,evet,hayir,kolon,okul,var,buyuk,T,yok,Z4,Yüksek,5.05,42.0,65.43
trabzon,ortahisar,2012,8,hayir,evet,yok,konut,yok,hafif,L,uyumlu,Z3,Düşük,4.26,28.0,22.85
istanbul,şile,2018,3,hayir,hayir,yok,konut,yok,yok,dikdortgen,yok,Z2,Düşük,4.77,30.3,27.36
adana,çukurova,1999,10,hayir,hayir,hafif,konut,var,hafif,U,yok,Z2,Orta,4.85,41.5,37.65
eskişehir,odunpazarı,2005,6,evet,evet,yok,ofis,emin_degil,yok,dikdortgen,uyumlu,Z2,Düşük,4.77,30.0,28.05
diyarbakır,yenişehir,1980,8,evet,evet,hafif,konut,var,buyuk,kompleks,farkli,Z3,Yüksek,4.147,17.7,18.32
kayseri,melikgazi,2015,15,hayir,hayir,yok,konut,yok,yok,dikdortgen,yok,Z2,Düşük,4.51,27.0,27.73
tekirdağ,çorlu,1992,5,evet,hayir,kolon,hastane,var,hafif,L,yok,Z2,Yüksek,4.77,32.0,32.36
manisa,demirci,1975,4,hayir,hayir,yok,konut,yok,yok,dikdortgen,yok,Z2,Düşük,4.347,22.7,24.48
izmir,karaburun,2020,2,hayir,hayir,yok,konut,yok,yok,dikdortgen,yok,Z1,Düşük,4.667,42.0,39.8
istanbul,kadıköy,1998,12,hayir,evet,hafif,konut,var,hafif,T,uyumlu,Z2,Orta,4.93,43.8,44.75
muğla,datça,2010,4,hayir,hayir,yok,konut,yok,yok,dikdortgen,yok,Z1,Düşük,4.92,40.8,50.8
antalya,finike,1985,7,evet,evet,kolon,konut,emin_degil,buyuk,kompleks,farkli,Z4,Yüksek,4.48,26.3,23.05
ankara,gölbaşı,2018,5,hayir,hayir,yok,konut,yok,yok,dikdortgen,yok,Z4,Düşük,4.6,30.2,25.1
bursa,gemlik,2006,8,evet,hayir,hafif,ofis,var,hafif,U,yok,Z4,Orta,4.51,28.5,25.2
samsun,bafra,1990,6,evet,evet,yok,konut,emin_degil,yok,dikdortgen,uyumlu,Z4,Orta,4.097,20.7,22.5
izmir,konak,1970,9,evet,evet,hafif,hastane,var,buyuk,L,farkli,Z3,Yüksek,4.5,36.0,28.69
istanbul,kartal,2015,18,hayir,hayir,yok,konut,yok,yok,dikdortgen,yok,Z1,Düşük,4.91,33.0,45.32
kocaeli,gebze,2000,7,evet,hayir,yok,konut,var,hafif,T,yok,Z2,Düşük,5.02,38.0,52.3
antalya,merkez,1995,6,hayir,hayir,yok,konut,yok,yok,dikdortgen,yok,Z1,Düşük,5.3,43.0,68.87
hatay,iskenderun,1982,10,evet,evet,kolon,konut,var,buyuk,kompleks,farkli,Z4,Yüksek,4.71,55.5,56.5
malatya,yeşilyurt,2012,8,hayir,evet,yok,konut,emin_degil,hafif,U,uyumlu,Z3,Düşük,4.92,40.8,50.8
yalova,merkez,1999,5,evet,hayir,hafif,ofis,var,buyuk,L,yok,Z4,Yüksek,4.88,34.4,42.95
istanbul,beykoz,2020,4,hayir,hayir,yok,konut,yok,yok,dikdortgen,yok,Z1,Düşük,4.72,45.7,47.6
aydın,kuşadası,1988,6,evet,evet,yok,konut,var,hafif,dikdortgen,uyumlu,Z2,Düşük,4.543,27.0,28.81
izmir,karşıyaka,2005,11,evet,hayir,hafif,konut,emin_degil,buyuk,T,yok,Z4,Orta,4.45,28.2,20.99
ankara,etimesgut,1992,8,evet,evet,kolon,okul,var,hafif,kompleks,farkli,Z4,Yüksek,4.4,33.0,25.79
istanbul,fatih,1975,5,evet,hayir,yok,konut,var,yok,dikdortgen,yok,Z2,Düşük,4.93,30.0,37.47
konya,selçuklu,2010,12,hayir,hayir,yok,konut,yok,yok,dikdortgen,yok,Z3,Düşük,3.957,17.0,13.65
sakarya,serdivan,2015,4,hayir,evet,yok,konut,var,hafif,L,uyumlu,Z3,Düşük,4.28,21.0,27.02
giresun,alucra,1995,9,evet,evet,hafif,hastane,emin_degil,buyuk,U,farkli,Z4,Yüksek,4.37,26.0,19.22
istanbul,avcılar,1980,8,evet,hayir,kolon,konut,var,buyuk,kompleks,yok,Z4,Yüksek,4.5,30.0,33.0
izmir,bornova,2022,12,hayir,hayir,yok,konut,yok,yok,dikdortgen,yok,Z4,Düşük,5.17,44.0,65.43
ankara,mamak,1998,7,evet,evet,hafif,konut,var,hafif,dikdortgen,uyumlu,Z2,Düşük,4.7,34.0,29.81
bursa,nilüfer,2018,10,hayir,hayir,yok,konut,yok,yok,dikdortgen,yok,Z3,Düşük,4.884,31.7,43.58
kayseri,melikgazi,2000,6,evet,hayir,yok,ofis,var,yok,L,yok,Z2,Düşük,4.62,27.0,20.89
antalya,konyaaltı,2012,5,hayir,hayir,yok,konut,yok,yok,dikdortgen,yok,Z3,Düşük,4.27,22.3,24.94
hatay,antakya,1990,12,evet,evet,hafif,konut,emin_degil,buyuk,T,farkli,Z4,Yüksek,4.53,25.4,20.1
istanbul,bakırköy,2008,10,evet,hayir,yok,hastane,var,hafif,U,yok,Z4,Orta,4.88,33.0,35.5
adana,seyhan,1978,9,evet,evet,kolon,okul,var,buyuk,kompleks,farkli,Z4,Yüksek,5.0,41.0,50.41
eskişehir,merkez,2015,6,hayir,hayir,yok,konut,yok,yok,dikdortgen,yok,Z4,Düşük,3.95,22.0,14.32
erzincan,merkez,1995,8,evet,evet,hafif,konut,var,buyuk,L,uyumlu,Z4,Yüksek,4.69,30.0,28.44
samsun,atakum,2010,12,hayir,hayir,yok,konut,yok,yok,dikdortgen,yok,Z3,Düşük,4.937,30.3,51.35
istanbul,pendik,1985,7,evet,hayir,yok,ofis,emin_degil,hafif,dikdortgen,yok,Z2,Düşük,4.097,20.7,22.5
tekirdağ,marmaraereğlisi,2005,4,hayir,hayir,yok,konut,yok,yok,dikdortgen,yok,Z3,Düşük,4.65,25.1,17.16
izmir,buca,1999,6,evet,evet,hafif,konut,var,hafif,U,uyumlu,Z2,Orta,4.5,33.0,27.3
ankara,yenimahalle,2012,8,hayir,hayir,yok,konut,yok,yok,dikdortgen,yok,Z3,Düşük,4.48,26.0,19.61
kocaeli,izmit,1982,5,evet,evet,kolon,hastane,var,buyuk,T,farkli,Z4,Yüksek,4.29,29.6,22.85
bursa,osmangazi,2008,10,evet,hayir,yok,konut,emin_degil,hafif,L,yok,Z4,Orta,4.29,28.0,23.73
aydın,kuşadası,1995,4,hayir,evet,yok,konut,var,yok,dikdortgen,uyumlu,Z2,Düşük,4.3,32.0,24.07
samsun,çarşamba,1988,6,evet,hayir,hafif,okul,var,buyuk,kompleks,yok,Z4,Yüksek,4.88,32.8,34.62
istanbul,tuzla,2015,8,hayir,hayir,yok,konut,yok,yok,dikdortgen,yok,Z3,Düşük,4.65,25.1,17.16
manisa,demirci,1980,5,evet,evet,yok,konut,emin_degil,hafif,U,farkli,Z2,Düşük,4.45,30.5,25.99
giresun,alucra,2021,12,hayir,hayir,yok,ofis,yok,yok,dikdortgen,yok,Z4,Düşük,4.64,31.0,28.44
antalya,demre,2005,3,evet,hayir,yok,konut,var,yok,L,yok,Z4,Düşük,5.0,37.0,41.78
bursa,keles,1990,2,hayir,hayir,yok,konut,yok,yok,dikdortgen,yok,Z2,Düşük,4.96,37.3,40.99
istanbul,zeytinburnu,1985,7,evet,evet,hafif,konut,var,buyuk,kompleks,farkli,Z3,Yüksek,4.127,19.3,19.81
adana,yüreğir,2010,11,evet,hayir,yok,konut,emin_degil,hafif,T,yok,Z4,Orta,4.02,20.3,17.19
konya,meram,2018,6,hayir,hayir,yok,konut,yok,yok,dikdortgen,yok,Z3,Düşük,5.239,42.4,70.77
istanbul,silivri,1992,5,evet,evet,kolon,okul,var,hafif,U,uyumlu,Z3,Yüksek,4.093,20.7,19.61
ankara,sincan,2005,8,hayir,hayir,yok,konut,yok,yok,dikdortgen,yok,Z3,Düşük,4.8,55.5,56.9
bursa,gemlik,1978,6,evet,evet,hafif,konut,var,buyuk,L,farkli,Z4,Yüksek,4.784,24.1,26.09
izmir,balçova,2015,10,hayir,hayir,yok,ofis,yok,yok,dikdortgen,yok,Z4,Düşük,5.23,36.0,49.44
istanbul,maltepe,1995,7,evet,hayir,yok,konut,emin_degil,hafif,dikdortgen,yok,Z2,Düşük,4.93,43.8,44.75
antalya,lara,2022,4,hayir,hayir,yok,konut,yok,yok,dikdortgen,yok,Z1,Düşük,4.52,32.6,30.3
sakarya,merkez,1985,12,evet,evet,kolon,hastane,var,buyuk,T,farkli,Z4,Yüksek,4.85,35.2,39.72
ankara,keçiören,2000,10,hayir,hayir,yok,konut,var,hafif,dikdortgen,yok,Z2,Düşük,4.66,31.0,30.11
istanbul,pendik,2012,6,hayir,evet,yok,konut,yok,yok,dikdortgen,uyumlu,Z2,Düşük,4.8,33.5,34.32
izmir,konak,1992,8,evet,hayir,hafif,okul,var,buyuk,kompleks,yok,Z3,Orta,4.4,35.0,30.5
adana,çukurova,2008,12,hayir,hayir,yok,konut,yok,yok,dikdortgen,yok,Z2,Düşük,4.297,20.0,22.77
istanbul,kadıköy,1980,6,evet,evet,hafif,konut,emin_degil,buyuk,L,farkli,Z2,Orta,4.17,21.8,15.49
bursa,yıldırım,2015,5,hayir,hayir,yok,konut,yok,yok,dikdortgen,yok,Z2,Düşük,4.173,25.3,27.48
istanbul,avcılar,1999,9,evet,hayir,hafif,konut,var,hafif,U,yok,Z4,Orta,4.3,22.6,24.2
erzincan,merkez,1988,6,evet,evet,kolon,sanayi,var,buyuk,dikdortgen,farkli,Z4,Yüksek,3.95,22.0,14.32
samsun,bafra,2005,4,hayir,hayir,yok,konut,yok,yok,dikdortgen,yok,Z4,Düşük,4.18,18.3,18.11
izmir,bornova,1995,7,evet,evet,hafif,konut,emin_degil,hafif,kompleks,uyumlu,Z4,Orta,4.45,27.9,20.89
ankara,etimesgut,1985,10,evet,hayir,kolon,okul,var,buyuk,T,yok,Z4,Yüksek,4.24,23.3,19.82
istanbul,çatalca,2018,4,hayir,hayir,yok,konut,yok,yok,dikdortgen,yok,Z2,Düşük,4.38,23.3,28.94
bursa,gemlik,2012,12,hayir,hayir,yok,ofis,yok,yok,dikdortgen,yok,Z4,Düşük,4.407,26.7,25.6
istanbul,bakırköy,1990,8,evet,evet,hafif,konut,var,hafif,L,farkli,Z4,Yüksek,4.113,22.0,23.03
istanbul,sarıyer,2010,4,hayir,hayir,yok,konut,yok,yok,dikdortgen,yok,Z1,Düşük,4.881,31.4,43.24
bursa,gemlik,1985,7,evet,evet,hafif,konut,var,buyuk,L,farkli,Z4,Yüksek,4.16,25.0,21.57
izmir,bornova,1992,10,evet,hayir,kolon,hastane,emin_degil,hafif,U,yok,Z4,Yüksek,4.62,28.7,23.05
ankara,çankaya,2018,6,hayir,hayir,yok,ofis,yok,yok,dikdortgen,yok,Z1,Düşük,4.88,34.0,52.48
sakarya,serdivan,2005,5,evet,evet,yok,konut,var,hafif,kompleks,uyumlu,Z3,Düşük,4.45,30.5,25.99
giresun,alucra,1988,8,evet,hayir,hafif,konut,var,buyuk,T,yok,Z4,Yüksek,4.69,37.5,33.89
istanbul,avcılar,1995,6,evet,evet,kolon,konut,var,buyuk,L,farkli,Z4,Yüksek,5.22,41.4,50.01
antalya,finike,2000,4,hayir,hayir,yok,konut,yok,yok,dikdortgen,yok,Z4,Düşük,4.45,30.4,26.28
kocaeli,izmit,1978,9,evet,evet,hafif,okul,emin_degil,hafif,U,farkli,Z4,Yüksek,4.78,36.0,39.45
manisa,demirci,2012,3,hayir,hayir,yok,konut,yok,yok,dikdortgen,yok,Z2,Düşük,4.39,31.0,28.18
adana,seyhan,1982,12,evet,hayir,kolon,hastane,var,buyuk,kompleks,yok,Z4,Yüksek,4.784,24.1,26.09
ankara,etimesgut,2008,7,hayir,evet,yok,konut,emin_degil,hafif,T,uyumlu,Z4,Orta,4.7,30.7,25.69
izmir,karşıyaka,1990,8,evet,evet,hafif,konut,var,buyuk,L,farkli,Z4,Yüksek,4.28,23.3,24.36
istanbul,fatih,1965,5,evet,evet,kolon,konut,var,hafif,dikdortgen,farkli,Z2,Yüksek,4.62,30.8,28.93
bursa,nilüfer,2015,10,hayir,hayir,yok,ofis,yok,yok,dikdortgen,yok,Z3,Düşük,5.27,37.0,54.05
hatay,antakya,1985,6,evet,hayir,hafif,okul,var,buyuk,U,yok,Z4,Yüksek,4.62,31.9,28.14
erzincan,merkez,2002,4,hayir,evet,yok,konut,yok,yok,dikdortgen,uyumlu,Z4,Düşük,4.66,30.8,28.14
ankara,mamak,2010,12,hayir,hayir,yok,konut,yok,yok,dikdortgen,yok,Z2,Düşük,3.93,21.1,12.45
istanbul,pendik,1975,10,evet,evet,hafif,hastane,var,buyuk,kompleks,farkli,Z2,Yüksek,4.78,31.8,31.58
samsun,bafra,1998,5,evet,hayir,yok,konut,emin_degil,hafif,T,yok,Z4,Orta,5.22,42.0,50.01
izmir,bayraklı,2012,15,hayir,hayir,yok,ofis,yok,yok,dikdortgen,yok,Z4,Düşük,4.0,22.0,14.8
kayseri,melikgazi,2005,6,hayir,evet,yok,konut,var,hafif,L,uyumlu,Z2,Düşük,4.45,29.2,22.56
tekirdağ,çorlu,1980,5,evet,hayir,kolon,okul,var,buyuk,U,yok,Z2,Yüksek,4.32,26.0,18.63
muğla,datça,2020,2,hayir,hayir,yok,konut,yok,yok,dikdortgen,yok,Z1,Düşük,4.333,28.7,36.33
istanbul,zeytinburnu,1992,7,evet,evet,hafif,konut,emin_degil,hafif,kompleks,uyumlu,Z3,Orta,4.75,33.9,33.05
bursa,osmangazi,1970,8,evet,evet,kolon,hastane,var,buyuk,T,farkli,Z4,Yüksek,5.18,40.6,49.33
konya,selçuklu,2015,12,hayir,hayir,yok,ofis,yok,yok,dikdortgen,yok,Z3,Düşük,3.91,17.3,12.82
aydın,kuşadası,2008,4,hayir,evet,yok,konut,var,hafif,L,uyumlu,Z2,Düşük,3.95,22.0,14.32
sakarya,merkez,1995,6,evet,hayir,hafif,okul,emin_degil,buyuk,U,yok,Z4,Orta,4.52,32.6,30.3
istanbul,kartal,1985,5,hayir,hayir,yok,konut,yok,yok,dikdortgen,yok,Z1,Düşük,4.69,37.5,33.89
giresun,çamoluk,2005,9,evet,evet,hafif,konut,var,buyuk,kompleks,farkli,Z4,Yüksek,5.01,50.3,53.8
ankara,gölbaşı,2012,4,hayir,hayir,yok,konut,yok,yok,dikdortgen,yok,Z4,Düşük,4.8,36.0,47.56
izmir,bornova,1982,10,evet,hayir,kolon,hastane,var,buyuk,T,yok,Z4,Yüksek,4.95,39.0,51.27
istanbul,bakırköy,2010,8,hayir,evet,yok,ofis,yok,hafif,L,uyumlu,Z4,Düşük,4.227,20.0,19.56
bursa,yıldırım,2000,7,evet,evet,hafif,konut,emin_degil,hafif,kompleks,uyumlu,Z2,Orta,4.383,22.7,22.13
adana,çukurova,2015,12,hayir,hayir,yok,konut,yok,yok,dikdortgen,yok,Z2,Düşük,4.82,41.1,43.23
yalova,merkez,1990,5,evet,hayir,kolon,okul,var,buyuk,U,yok,Z4,Yüksek,4.88,34.0,52.48
istanbul,beykoz,2018,3,hayir,hayir,yok,konut,yok,yok,dikdortgen,yok,Z1,Düşük,4.72,33.8,33.93
tekirdağ,marmaraereğlisi,1995,6,hayir,evet,yok,konut,var,hafif,T,uyumlu,Z3,Düşük,4.16,25.0,21.57
izmir,konak,1975,8,evet,evet,hafif,konut,emin_degil,buyuk,L,farkli,Z3,Orta,4.98,38.0,46.7
ankara,sincan,2005,7,hayir,hayir,yok,konut,yok,yok,dikdortgen,yok,Z3,Düşük,4.55,30.1,29.62
kocaeli,gebze,2012,10,hayir,evet,yok,ofis,yok,hafif,U,uyumlu,Z2,Düşük,4.213,24.3,25.59
antalya,konyaaltı,2000,6,evet,hayir,yok,konut,var,hafif,dikdortgen,yok,Z3,Düşük,5.08,49.1,52.65
hatay,iskenderun,1992,12,evet,evet,kolon,hastane,var,buyuk,kompleks,farkli,Z4,Yüksek,4.207,25.3,27.43
malatya,yeşilyurt,2018,5,hayir,hayir,yok,konut,yok,yok,dikdortgen,yok,Z3,Düşük,4.45,30.4,26.28
istanbul,tuzla,1988,4,hayir,evet,yok,konut,var,hafif,T,uyumlu,Z3,Düşük,5.26,37.0,50.23
samsun,atakum,2015,8,hayir,hayir,yok,konut,yok,yok,dikdortgen,yok,Z3,Düşük,4.033,18.3,16.2
izmir,balçova,1985,6,evet,hayir,hafif,okul,emin_degil,buyuk,L,yok,Z4,Orta,4.93,43.8,44.75
ankara,yenimahalle,2000,7,hayir,evet,yok,konut,var,hafif,U,uyumlu,Z3,Düşük,4.44,25.4,18.34
istanbul,kadıköy,2010,12,hayir,hayir,yok,konut,yok,yok,dikdortgen,yok,Z2,Düşük,4.66,29.7,26.87
bursa,gemlik,1975,9,evet,evet,hafif,konut,var,buyuk,kompleks,farkli,Z4,Yüksek,4.443,31.7,36.29
giresun,alucra,2005,5,hayir,hayir,yok,konut,yok,yok,dikdortgen,yok,Z4,Düşük,3.95,20.0,12.65
istanbul,pendik,1998,6,evet,evet,hafif,konut,emin_degil,hafif,T,uyumlu,Z2,Orta,4.71,55.2,56.1
antalya,lara,2022,4,hayir,hayir,yok,konut,yok,yok,dikdortgen,yok,Z1,Düşük,3.76,20.3,16.45
sakarya,merkez,1982,10,evet,hayir,kolon,okul,var,buyuk,L,yok,Z4,Yüksek,4.033,18.3,16.2
ankara,keçiören,2015,8,hayir,evet,yok,konut,yok,hafif,U,uyumlu,Z2,Düşük,4.25,20.7,19.13
izmir,buca,2000,7,evet,hayir,yok,konut,var,hafif,dikdortgen,yok,Z2,Düşük,3.957,17.0,13.65
istanbul,maltepe,1990,6,hayir,evet,yok,konut,emin_degil,yok,dikdortgen,uyumlu,Z2,Düşük,4.48,29.1,22.36
adana,yüreğir,2008,12,hayir,hayir,yok,ofis,yok,yok,dikdortgen,yok,Z4,Düşük,4.78,40.6,37.28
eskişehir,merkez,1978,9,evet,evet,hafif,konut,var,buyuk,kompleks,farkli,Z4,Yüksek,4.3,26.3,27.0
samsun,çarşamba,2012,5,hayir,hayir,yok,konut,yok,yok,dikdortgen,yok,Z4,Düşük,4.35,27.2,20.1
istanbul,zeytinburnu,1995,8,evet,evet,kolon,hastane,var,hafif,T,farkli,Z3,Yüksek,4.477,24.3,24.6
bursa,keles,2018,4,hayir,hayir,yok,konut,yok,yok,dikdortgen,yok,Z2,Düşük,4.147,20.3,20.21
izmir,bayraklı,1985,10,evet,hayir,hafif,okul,emin_degil,buyuk,L,yok,Z4,Orta,4.39,31.0,28.18
ankara,etimesgut,2005,7,hayir,evet,yok,konut,var,hafif,U,uyumlu,Z4,Düşük,5.14,42.0,64.94
istanbul,avcılar,2015,6,hayir,hayir,yok,ofis,yok,yok,dikdortgen,yok,Z4,Düşük,4.227,19.7,17.94
antalya,finike,1992,5,evet,evet,kolon,konut,var,buyuk,kompleks,farkli,Z4,Yüksek,4.9,34.0,53.27
hatay,antakya,2010,8,hayir,evet,yok,konut,emin_degil,hafif,T,uyumlu,Z4,Düşük,4.8,32.2,38.21
istanbul,fatih,1980,6,evet,hayir,hafif,konut,var,buyuk,L,yok,Z2,Orta,4.28,23.3,24.36
bursa,osmangazi,2020,12,hayir,hayir,yok,konut,yok,yok,dikdortgen,yok,Z4,Düşük,4.54,26.0,19.12
manisa,demirci,1998,4,evet,evet,yok,konut,var,hafif,U,uyumlu,Z2,Düşük,4.26,28.5,22.16
giresun,alucra,1970,7,evet,hayir,kolon,okul,var,buyuk,dikdortgen,yok,Z4,Yüksek,4.55,32.4,34.81
ankara,çankaya,2015,14,hayir,hayir,yok,konut,yok,yok,dikdortgen,yok,Z1,Düşük,4.62,38.7,33.48
izmir,konak,1988,9,evet,evet,hafif,konut,emin_degil,hafif,kompleks,uyumlu,Z3,Orta,4.45,30.9,26.97
istanbul,pendik,2005,8,hayir,evet,yok,ofis,var,buyuk,T,uyumlu,Z2,Orta,4.19,23.5,14.42
antalya,lara,2012,4,hayir,hayir,yok,konut,yok,yok,dikdortgen,yok,Z1,Düşük,3.623,18.7,14.11
sakarya,merkez,1999,6,evet,hayir,hafif,okul,var,hafif,L,yok,Z4,Orta,3.987,19.0,14.99
ankara,mamak,2008,10,hayir,evet,yok,konut,emin_degil,yok,dikdortgen,uyumlu,Z2,Düşük,4.51,28.9,22.36
izmir,karşıyaka,1985,7,evet,evet,kolon,konut,var,buyuk,U,farkli,Z4,Yüksek,5.0,37.0,41.78
istanbul,bakırköy,2018,5,hayir,hayir,yok,konut,yok,yok,dikdortgen,yok,Z4,Düşük,4.407,26.3,32.273
bursa,yıldırım,1992,6,evet,evet,hafif,konut,var,hafif,kompleks,uyumlu,Z2,Orta,5.39,45.0,60.82
adana,yüreğir,1980,11,evet,hayir,kolon,hastane,emin_degil,buyuk,T,yok,Z4,Yüksek,4.66,33.0,34.7
eskişehir,merkez,2005,8,hayir,evet,yok,konut,var,hafif,L,uyumlu,Z4,Düşük,4.779,30.5,42.51
istanbul,şile,2015,3,hayir,hayir,yok,konut,yok,yok,dikdortgen,yok,Z2,Düşük,3.74,18.7,13.96
izmir,bornova,1995,9,evet,evet,hafif,konut,emin_degil,buyuk,U,farkli,Z4,Yüksek,5.119,46.8,47.99
ankara,keçiören,2008,7,hayir,hayir,yok,ofis,yok,yok,dikdortgen,yok,Z2,Düşük,4.443,31.7,36.29
istanbul, Zeytinburnu,2012,12,hayir,hayir,yok,konut,yok,yok,dikdortgen,yok,Z3,Düşük,4.93,43.8,44.75
bursa,gemlik,1982,5,evet,evet,kolon,hastane,var,hafif,kompleks,farkli,Z4,Yüksek,4.47,26.0,31.35
antalya,finike,2021,4,hayir,hayir,yok,konut,yok,yok,dikdortgen,yok,Z4,Düşük,4.74,28.6,23.63
sakarya,serdivan,1990,6,evet,hayir,hafif,konut,var,buyuk,T,yok,Z3,Orta,4.38,28.1,21.38
ankara,sincan,2010,8,hayir,evet,yok,konut,emin_degil,hafif,L,uyumlu,Z3,Düşük,4.48,28.6,22.85
izmir,buca,1985,7,evet,evet,hafif,konut,var,hafif,U,farkli,Z2,Orta,4.6,30.2,25.1
istanbul,kadıköy,2018,10,hayir,hayir,yok,ofis,yok,yok,dikdortgen,yok,Z2,Düşük,4.51,27.2,23.3
bursa,nilüfer,1999,6,evet,evet,yok,konut,var,buyuk,kompleks,uyumlu,Z3,Orta,4.173,22.3,18.32
istanbul,avcılar,1978,8,evet,hayir,kolon,hastane,emin_degil,hafif,T,yok,Z4,Yüksek,4.65,30.0,28.64
antalya,lara,2015,4,hayir,hayir,yok,konut,yok,yok,dikdortgen,yok,Z1,Düşük,3.93,18.0,18.15
hatay,iskenderun,2005,11,evet,evet,hafif,konut,var,buyuk,L,farkli,Z4,Yüksek,4.3,19.0,23.77
istanbul,pendik,1992,5,hayir,hayir,yok,konut,emin_degil,yok,dikdortgen,yok,Z2,Düşük,4.13,23.8,14.22
izmir,bornova,2012,14,hayir,hayir,yok,konut,yok,yok,dikdortgen,yok,Z4,Düşük,4.8,37.3,38.25
adana,seyhan,1994,10,evet,hayir,hafif,konut,var,buyuk,L,yok,Z4,Yüksek,4.88,34.0,52.48
istanbul,avcılar,2005,7,evet,evet,yok,okul,emin_degil,hafif,kompleks,uyumlu,Z4,Orta,4.45,30.5,25.99
ankara,çankaya,2018,4,hayir,hayir,yok,konut,yok,yok,dikdortgen,yok,Z1,Düşük,4.61,26.4,20.2
bursa,gemlik,1980,6,evet,evet,kolon,konut,var,buyuk,U,farkli,Z4,Yüksek,4.26,24.0,16.67
izmir,bayraklı,2012,12,hayir,hayir,yok,ofis,yok,yok,dikdortgen,yok,Z4,Düşük,4.85,41.5,37.65
hatay,antakya,1995,8,evet,evet,hafif,hastane,var,hafif,kompleks,uyumlu,Z4,Yüksek,4.3,26.3,27.0
sakarya,merkez,2000,5,evet,hayir,yok,konut,emin_degil,yok,T,yok,Z4,Orta,4.96,38.5,41.68
giresun,alucra,1975,4,hayir,evet,kolon,okul,var,buyuk,L,farkli,Z4,Yüksek,4.51,28.5,25.2
kocaeli,izmit,1992,9,evet,hayir,hafif,konut,yok,buyuk,U,yok,Z4,Orta,5.26,37.0,50.23
eskişehir,odunpazarı,2015,5,hayir,hayir,yok,konut,yok,yok,dikdortgen,yok,Z2,Düşük,4.88,25.0,28.35
antalya,finike,1988,7,evet,evet,kolon,hastane,var,hafif,kompleks,farkli,Z4,Yüksek,4.739,41.8,40.1
yalova,merkez,2005,6,evet,hayir,yok,konut,emin_degil,buyuk,L,yok,Z4,Orta,4.227,19.7,17.94
istanbul,sarıyer,2010,3,hayir,hayir,yok,konut,yok,yok,dikdortgen,yok,Z1,Düşük,5.1,53.4,59.33
adana,çukurova,2018,10,hayir,hayir,yok,ofis,yok,yok,dikdortgen,yok,Z2,Düşük,4.22,22.7,22.54
izmir,konak,1982,8,evet,evet,hafif,konut,var,buyuk,T,uyumlu,Z3,Orta,4.6,28.0,22.16
aydın,efeler,1999,5,evet,hayir,yok,konut,emin_degil,hafif,U,yok,Z4,Orta,4.54,26.0,19.12
ankara,etimesgut,1990,7,evet,evet,kolon,konut,var,buyuk,kompleks,farkli,Z4,Yüksek,4.5,30.0,33.0
istanbul,bakırköy,2012,8,hayir,hayir,yok,konut,yok,yok,dikdortgen,yok,Z4,Düşük,4.4,33.0,26.37
bursa,yıldırım,2000,6,evet,evet,hafif,okul,var,hafif,L,uyumlu,Z2,Düşük,4.682,29.7,36.75
manisa,demirci,1978,4,hayir,hayir,yok,konut,var,yok,dikdortgen,yok,Z2,Düşük,4.788,31.0,35.28
erzincan,merkez,1995,9,evet,evet,hafif,konut,emin_degil,buyuk,U,farkli,Z4,Yüksek,4.72,33.3,34.81
samsun,bafra,2015,5,hayir,hayir,yok,konut,yok,yok,dikdortgen,yok,Z4,Düşük,4.385,32.0,30.6
istanbul,fatih,1985,6,evet,evet,kolon,hastane,var,buyuk,kompleks,farkli,Z2,Yüksek,4.73,32.5,30.89
antalya,lara,2020,12,hayir,hayir,yok,ofis,yok,yok,dikdortgen,yok,Z1,Düşük,5.13,43.0,65.92
tekirdağ,çorlu,2005,7,hayir,evet,yok,konut,emin_degil,hafif,T,uyumlu,Z2,Düşük,5.05,36.8,42.27
izmir,karşıyaka,1990,10,evet,evet,hafif,konut,var,buyuk,L,farkli,Z4,Yüksek,4.37,26.1,21.57
istanbul,kartal,2015,15,hayir,hayir,yok,konut,yok,yok,dikdortgen,yok,Z1,Düşük,4.333,28.7,36.33
konya,selçuklu,1998,8,evet,hayir,yok,konut,var,hafif,U,yok,Z3,Düşük,4.61,30.0,28.14
muğla,datça,2012,2,hayir,hayir,yok,konut,yok,yok,dikdortgen,yok,Z1,Düşük,3.93,18.3,17.54
hatay,iskenderun,1980,6,evet,evet,kolon,okul,var,buyuk,kompleks,farkli,Z4,Yüksek,4.51,28.9,22.36
sakarya,serdivan,2018,4,hayir,hayir,yok,konut,yok,yok,dikdortgen,yok,Z3,Düşük,4.8,38.1,40.4
istanbul,pendik,2000,5,hayir,evet,yok,konut,emin_degil,hafif,T,uyumlu,Z2,Düşük,5.1,53.4,59.33
bursa,nilüfer,1992,7,evet,evet,hafif,konut,var,buyuk,L,farkli,Z3,Orta,5.2,44.0,65.83
ankara,mamak,2010,8,hayir,hayir,yok,konut,yok,yok,dikdortgen,yok,Z2,Düşük,4.69,30.0,28.44
izmir,bornova,1985,9,evet,hayir,kolon,hastane,var,buyuk,U,yok,Z4,Yüksek,5.23,41.0,61.9
istanbul, Zeytinburnu,2005,6,evet,evet,yok,konut,emin_degil,hafif,kompleks,uyumlu,Z3,Düşük,4.33,22.0,23.31
adana,yüreğir,1999,11,evet,hayir,hafif,konut,var,hafif,T,yok,Z4,Orta,4.243,16.0,16.99
samsun,atakum,2020,10,hayir,hayir,yok,konut,yok,yok,dikdortgen,yok,Z3,Düşük,4.65,30.8,26.77
eskişehir,merkez,1988,7,evet,evet,kolon,okul,var,buyuk,L,farkli,Z4,Yüksek,4.75,33.9,33.05
trabzon,ortahisar,2012,8,hayir,evet,yok,konut,yok,yok,dikdortgen,uyumlu,Z3,Düşük,5.22,40.0,45.4
istanbul,silivri,1985,5,evet,evet,hafif,konut,var,buyuk,U,farkli,Z3,Orta,3.93,21.1,12.45
antalya,konyaaltı,2015,6,hayir,hayir,yok,ofis,yok,yok,dikdortgen,yok,Z3,Düşük,4.28,23.3,24.36
bursa,osmangazi,1980,10,evet,evet,kolon,konut,var,buyuk,kompleks,farkli,Z4,Yüksek,4.66,33.3,29.32
ankara,keçiören,2008,12,hayir,hayir,yok,konut,yok,yok,dikdortgen,yok,Z2,Düşük,4.62,28.7,23.05
giresun,alucra,2000,6,evet,hayir,yok,konut,emin_degil,hafif,T,yok,Z4,Orta,3.623,18.7,14.11
izmir,balçova,1995,7,evet,evet,hafif,konut,var,buyuk,L,farkli,Z4,Yüksek,3.89,19.0,15.3
istanbul,beşiktaş,1990,5,hayir,hayir,yok,konut,yok,yok,dikdortgen,yok,Z3,Düşük,5.15,51.3,54.22
tekirdağ,marmaraereğlisi,2010,4,hayir,evet,yok,konut,var,hafif,U,uyumlu,Z3,Düşük,4.65,30.0,28.64
aydın,kuşadası,2015,3,hayir,hayir,yok,konut,yok,yok,dikdortgen,yok,Z2,Düşük,4.98,40.0,49.13
kocaeli,gebze,1985,8,evet,evet,kolon,okul,var,buyuk,dikdortgen,farkli,Z2,Yüksek,4.55,30.0,23.63
istanbul,avcılar,1998,9,evet,hayir,hafif,konut,emin_degil,hafif,T,yok,Z4,Orta,4.66,30.8,28.14
ankara,yenimahalle,2005,6,hayir,evet,yok,konut,yok,yok,dikdortgen,uyumlu,Z3,Düşük,4.033,18.3,16.2
izmir,buca,2012,7,hayir,hayir,yok,ofis,yok,yok,dikdortgen,yok,Z2,Düşük,4.45,29.9,27.46
bursa,gemlik,1975,5,evet,hayir,kolon,hastane,var,buyuk,L,yok,Z4,Yüksek,4.25,20.7,19.13
istanbul,kadıköy,2000,6,evet,evet,hafif,konut,var,hafif,U,uyumlu,Z2,Düşük,4.77,30.0,28.05
adana,seyhan,2015,12,hayir,hayir,yok,konut,yok,yok,dikdortgen,yok,Z4,Düşük,5.05,44.0,62.78
antalya,demre,2008,4,evet,hayir,yok,konut,emin_degil,yok,dikdortgen,yok,Z4,Düşük,5.18,40.6,49.33
sakarya,merkez,1992,6,evet,evet,hafif,konut,var,buyuk,kompleks,farkli,Z4,Yüksek,3.957,17.0,13.65
ankara,sincan,2018,5,hayir,hayir,yok,konut,yok,yok,dikdortgen,yok,Z3,Düşük,3.73,18.7,13.02
samsun,çarşamba,1980,10,evet,hayir,kolon,okul,var,buyuk,T,yok,Z4,Yüksek,4.397,20.7,19.41
istanbul,maltepe,2005,8,hayir,evet,yok,konut,yok,hafif,L,uyumlu,Z2,Düşük,3.95,20.0,12.65
izmir,bayraklı,1995,14,evet,hayir,hafif,ofis,var,hafif,U,yok,Z4,Orta,4.673,28.0,32.09
giresun,alucra,1985,7,evet,evet,yok,konut,emin_degil,buyuk,dikdortgen,farkli,Z4,Orta,4.32,20.7,23.69
kayseri,melikgazi,2012,10,hayir,hayir,yok,konut,yok,yok,dikdortgen,yok,Z2,Düşük,4.4,32.0,22.61
balıkesir,edremit,1999,6,evet,hayir,hafif,konut,var,hafif,kompleks,yok,Z4,Orta,4.19,23.0,15.3
ankara,gölbaşı,2015,4,hayir,hayir,yok,konut,yok,yok,dikdortgen,yok,Z4,Düşük,4.41,29.0,21.08
istanbul,tuzla,1982,5,evet,evet,kolon,okul,var,buyuk,T,farkli,Z3,Yüksek,4.45,28.0,24.42
bursa,keles,2000,3,hayir,hayir,yok,konut,yok,yok,dikdortgen,yok,Z2,Düşük,4.85,33.8,35.5
izmir,konak,2008,9,hayir,evet,yok,konut,emin_degil,hafif,L,uyumlu,Z3,Düşük,4.173,24.0,29.35
adana,yüreğir,1975,10,evet,hayir,kolon,hastane,var,buyuk,U,yok,Z4,Yüksek,4.65,31.3,29.62
istanbul, Zeytinburnu,2018,4,hayir,hayir,yok,konut,yok,yok,dikdortgen,yok,Z3,Düşük,4.2,22.1,15.1
hatay,antakya,1992,7,evet,evet,hafif,konut,var,hafif,dikdortgen,uyumlu,Z4,Orta,4.51,30.4,23.25
antalya,lara,2015,6,hayir,hayir,yok,ofis,yok,yok,dikdortgen,yok,Z1,Düşük,4.73,29.4,28.14
sakarya,serdivan,1985,5,evet,hayir,kolon,okul,var,buyuk,kompleks,yok,Z3,Yüksek,4.147,17.7,18.32
ankara,keçiören,2010,8,hayir,evet,yok,konut,yok,hafif,T,uyumlu,Z2,Düşük,4.4,25.6,16.38
istanbul,pendik,2005,12,hayir,hayir,yok,konut,yok,yok,dikdortgen,yok,Z2,Düşük,4.29,28.0,23.54
bursa,gemlik,1990,6,evet,evet,hafif,konut,var,hafif,L,farkli,Z4,Orta,4.75,34.6,33.93
izmir,bornova,2022,12,hayir,hayir,yok,konut,yok,yok,dikdortgen,yok,Z4,Düşük,4.9,39.0,41.14
istanbul,avcılar,1982,5,evet,hayir,yok,ofis,emin_degil,yok,dikdortgen,yok,Z4,Düşük,4.25,25.0,17.36
adana,çukurova,2012,11,hayir,hayir,yok,konut,yok,yok,dikdortgen,yok,Z2,Düşük,5.27,36.0,50.23
ankara,sincan,1995,7,evet,evet,hafif,konut,var,buyuk,U,uyumlu,Z3,Orta,4.77,29.3,39.99
samsun,bafra,2008,8,hayir,evet,yok,konut,var,hafif,T,uyumlu,Z4,Düşük,4.25,26.7,27.19
istanbul,bakırköy,1975,10,evet,evet,kolon,hastane,var,buyuk,kompleks,farkli,Z4,Yüksek,4.95,39.0,51.27
bursa,nilüfer,2015,6,hayir,hayir,yok,konut,yok,yok,dikdortgen,yok,Z3,Düşük,4.75,34.6,33.93
izmir,balçova,1988,5,evet,hayir,yok,konut,emin_degil,hafif,L,yok,Z4,Düşük,4.37,26.1,21.57
ankara,etimesgut,2000,9,hayir,evet,hafif,konut,var,hafif,U,uyumlu,Z4,Orta,4.407,24.3,28.06
istanbul,fatih,2010,4,hayir,hayir,yok,konut,yok,yok,dikdortgen,yok,Z2,Düşük,3.76,20.3,16.45
giresun,alucra,1992,7,evet,evet,hafif,okul,var,buyuk,dikdortgen,uyumlu,Z4,Orta,4.458,37.0,33.2
kocaeli,izmit,1980,10,evet,hayir,kolon,hastane,var,buyuk,kompleks,yok,Z4,Yüksek,4.52,30.0,26.38
istanbul, Zeytinburnu,2020,3,hayir,hayir,yok,konut,yok,yok,dikdortgen,yok,Z3,Düşük,5.22,40.0,45.4
bursa,yıldırım,2005,6,evet,hayir,yok,ofis,var,hafif,T,yok,Z2,Düşük,4.08,19.0,19.82
izmir,karşıyaka,1975,8,evet,evet,hafif,konut,emin_degil,buyuk,L,farkli,Z4,Yüksek,4.18,22.8,15.0
ankara,mamak,2012,12,hayir,hayir,yok,konut,yok,yok,dikdortgen,yok,Z2,Düşük,3.9,21.8,12.45
istanbul,pendik,1995,5,evet,evet,yok,konut,var,hafif,U,uyumlu,Z2,Düşük,4.45,28.2,20.99
samsun,canik,2008,4,hayir,hayir,yok,konut,yok,yok,dikdortgen,yok,Z2,Düşük,4.413,23.7,30.56
adana,seyhan,1988,9,evet,evet,kolon,okul,var,buyuk,kompleks,farkli,Z4,Yüksek,4.33,22.0,23.31
istanbul,kartal,2018,6,hayir,hayir,yok,konut,yok,yok,dikdortgen,yok,Z1,Düşük,4.8,33.5,34.32
bursa,osmangazi,1992,7,evet,hayir,hafif,konut,var,hafif,L,yok,Z4,Orta,4.213,24.7,27.48
izmir,bornova,2015,10,hayir,hayir,yok,ofis,yok,yok,dikdortgen,yok,Z4,Düşük,4.51,27.2,23.3
istanbul,beşiktaş,1980,5,evet,evet,kolon,hastane,var,buyuk,T,farkli,Z3,Yüksek,4.92,36.2,39.91
kayseri,sarız,1995,6,evet,hayir,yok,konut,var,yok,L,yok,Z3,Orta,4.18,22.0,19.92
samsun,bafra,1982,7,evet,evet,hafif,okul,var,buyuk,kompleks,farkli,Z4,Yüksek,4.62,31.0,27.85
istanbul,avcılar,2015,5,hayir,hayir,yok,konut,yok,yok,dikdortgen,yok,Z4,Düşük,4.26,28.5,22.16
ankara,etimesgut,1990,10,evet,hayir,kolon,hastane,var,buyuk,T,yok,Z4,Yüksek,4.157,21.7,21.3
izmir,bayraklı,2008,12,hayir,evet,yok,ofis,emin_degil,hafif,dikdortgen,uyumlu,Z4,Orta,4.297,20.0,22.77
antalya,lara,2020,4,hayir,hayir,yok,konut,yok,yok,dikdortgen,yok,Z1,Düşük,4.92,36.2,39.91
sakarya,merkez,1992,6,evet,evet,hafif,konut,var,hafif,U,farkli,Z4,Yüksek,4.69,30.6,27.85
eskişehir,odunpazarı,2018,5,hayir,hayir,yok,konut,yok,yok,dikdortgen,yok,Z2,Düşük,4.2,22.1,15.1
giresun,alucra,1985,8,evet,hayir,kolon,okul,var,buyuk,kompleks,yok,Z4,Yüksek,4.61,30.0,28.14
hatay,antakya,2005,6,evet,evet,yok,konut,emin_degil,hafif,L,uyumlu,Z4,Orta,5.089,45.4,48.81
istanbul,sarıyer,1998,4,hayir,hayir,yok,konut,yok,yok,dikdortgen,yok,Z1,Düşük,4.12,24.0,14.91
bursa,gemlik,1975,7,evet,evet,kolon,hastane,var,buyuk,T,farkli,Z4,Yüksek,5.08,49.1,52.65
adana,seyhan,2012,12,hayir,hayir,yok,ofis,yok,yok,dikdortgen,yok,Z4,Düşük,4.57,37.9,32.26
konya,selçuklu,2000,8,evet,evet,hafif,konut,var,hafif,U,uyumlu,Z3,Orta,4.35,27.2,20.1
istanbul,bakırköy,1992,9,evet,hayir,yok,konut,emin_degil,buyuk,kompleks,yok,Z4,Orta,4.28,21.0,27.02
izmir,karşıyaka,1980,10,evet,evet,kolon,okul,var,buyuk,L,farkli,Z4,Yüksek,4.347,22.7,24.48
ankara,çankaya,2015,14,hayir,hayir,yok,konut,yok,yok,dikdortgen,yok,Z1,Düşük,5.22,41.4,50.01
samsun,atakum,2010,8,hayir,evet,yok,konut,yok,hafif,dikdortgen,uyumlu,Z3,Düşük,4.77,34.0,36.83
kocaeli,izmit,1985,6,evet,evet,hafif,konut,var,buyuk,T,farkli,Z4,Yüksek,4.52,28.0,22.26
aydın,kuşadası,2018,4,hayir,hayir,yok,konut,yok,yok,dikdortgen,yok,Z2,Düşük,3.623,18.7,14.11
istanbul,fatih,1970,5,evet,evet,kolon,konut,var,hafif,dikdortgen,uyumlu,Z2,Orta,4.45,30.5,25.99
bursa,yıldırım,2005,7,hayir,evet,yok,konut,var,hafif,L,uyumlu,Z2,Düşük,5.22,42.0,50.01
adana,çukurova,2020,11,hayir,hayir,yok,konut,yok,yok,dikdortgen,yok,Z2,Düşük,4.88,32.8,34.62
giresun,alucra,1995,10,evet,hayir,hafif,hastane,var,buyuk,U,yok,Z4,Yüksek,3.987,19.0,14.99
erzincan,merkez,1988,6,evet,evet,kolon,konut,emin_degil,hafif,kompleks,farkli,Z4,Yüksek,4.55,30.1,29.62
istanbul, Zeytinburnu,2008,8,hayir,hayir,yok,ofis,yok,yok,dikdortgen,yok,Z3,Düşük,4.88,32.8,34.62
balıkesir,edremit,1982,5,evet,evet,hafif,konut,var,buyuk,T,uyumlu,Z4,Orta,4.36,26.3,22.87
ankara,mamak,2012,7,hayir,hayir,yok,konut,yok,yok,dikdortgen,yok,Z2,Düşük,4.54,31.0,29.03
mersin,toroslar,2005,6,hayir,evet,yok,konut,emin_degil,hafif,L,uyumlu,Z2,Düşük,4.173,25.3,27.48
istanbul,beşiktaş,1975,6,evet,evet,kolon,okul,var,buyuk,kompleks,farkli,Z3,Yüksek,5.05,37.2,40.31
tekirdağ,çorlu,2015,4,hayir,hayir,yok,konut,yok,yok,dikdortgen,yok,Z2,Düşük,3.663,15.7,11.16
izmir,bornova,1990,11,evet,evet,hafif,konut,var,buyuk,U,farkli,Z4,Yüksek,5.3,43.0,68.87
bursa,nilüfer,2010,8,hayir,hayir,yok,konut,yok,yok,dikdortgen,yok,Z3,Düşük,4.65,30.8,26.77
istanbul,kadıköy,1985,7,evet,evet,hafif,konut,emin_degil,hafif,dikdortgen,uyumlu,Z2,Düşük,4.173,25.3,27.48
sakarya,merkez,1980,5,evet,hayir,kolon,hastane,var,buyuk,L,yok,Z4,Yüksek,4.7,34.0,29.81
ankara,sincan,2018,6,hayir,hayir,yok,konut,yok,yok,dikdortgen,yok,Z3,Düşük,4.527,25.3,22.1
samsun,canik,1995,4,hayir,evet,yok,konut,var,hafif,T,uyumlu,Z2,Düşük,4.5,38.0,33.6
izmir,konak,2005,9,hayir,hayir,yok,ofis,yok,yok,dikdortgen,yok,Z3,Düşük,4.12,24.0,14.91
istanbul,tuzla,2012,12,hayir,hayir,yok,konut,yok,yok,dikdortgen,yok,Z3,Düşük,5.15,51.3,54.22
antalya,finike,1988,6,evet,evet,hafif,konut,var,buyuk,kompleks,farkli,Z4,Yüksek,4.88,34.0,52.48
bursa,osmangazi,2000,10,hayir,evet,yok,konut,emin_degil,hafif,U,uyumlu,Z4,Düşük,4.033,16.3,15.53
istanbul,kartal,2015,15,hayir,hayir,yok,konut,yok,yok,dikdortgen,yok,Z1,Düşük,5.15,51.3,54.22
adana,yüreğir,1978,7,evet,evet,kolon,okul,var,buyuk,L,farkli,Z4,Yüksek,5.01,50.3,53.8
ankara,keçiören,2010,8,hayir,hayir,yok,konut,yok,yok,dikdortgen,yok,Z2,Düşük,5.01,50.3,53.8
sivas,merkez,2005,6,hayir,evet,yok,konut,var,hafif,dikdortgen,uyumlu,Z2,Düşük,4.14,21.9,15.0
giresun,alucra,1968,4,hayir,hayir,yok,konut,yok,yok,dikdortgen,yok,Z4,Düşük,4.5,33.0,23.9
istanbul,pendik,1992,5,evet,evet,hafif,konut,emin_degil,hafif,T,uyumlu,Z2,Düşük,3.953,19.7,18.28
antalya,lara,2022,3,hayir,hayir,yok,konut,yok,yok,dikdortgen,yok,Z1,Düşük,5.22,53.5,58.93
bursa,keles,1985,2,hayir,hayir,yok,konut,yok,yok,dikdortgen,yok,Z2,Düşük,4.65,30.0,28.64
istanbul,zeytinburnu,1999,8,evet,evet,yok,konut,var,buyuk,kompleks,farkli,Z3,Orta,4.147,17.7,18.32
adana,yüreğir,1995,10,evet,hayir,hafif,hastane,var,hafif,U,yok,Z4,Orta,4.157,23.0,21.41
ankara,yenimahalle,2012,6,hayir,hayir,yok,konut,yok,yok,dikdortgen,yok,Z3,Düşük,4.45,28.2,20.99
izmir,balçova,1982,5,evet,evet,kolon,okul,var,buyuk,L,farkli,Z4,Yüksek,5.17,44.0,65.43
istanbul,beşiktaş,2008,7,hayir,evet,yok,ofis,emin_degil,hafif,T,uyumlu,Z3,Düşük,4.08,19.0,19.82
bursa,gemlik,2015,11,hayir,hayir,yok,konut,yok,yok,dikdortgen,yok,Z4,Düşük,5.11,52.3,55.82
izmir,buca,1998,7,evet,hayir,yok,konut,var,hafif,U,yok,Z2,Düşük,4.96,38.5,41.68
istanbul,avcılar,1970,6,evet,evet,kolon,hastane,var,buyuk,kompleks,farkli,Z4,Yüksek,4.88,34.0,52.48
antalya,konyaaltı,2018,5,hayir,hayir,yok,konut,yok,yok,dikdortgen,yok,Z3,Düşük,4.44,28.5,19.91
sakarya,merkez,2005,8,hayir,evet,yok,konut,var,hafif,dikdortgen,uyumlu,Z4,Düşük,4.26,28.0,22.85
ankara,etimesgut,1999,10,evet,hayir,hafif,konut,emin_degil,buyuk,L,yok,Z4,Orta,4.62,31.9,28.14
istanbul,fatih,1985,7,evet,evet,hafif,konut,var,hafif,T,uyumlu,Z2,Düşük,4.78,38.4,36.15
bursa, nilüfer,2012,12,hayir,hayir,yok,konut,yok,yok,dikdortgen,yok,Z3,Düşük,4.17,21.8,15.49
adana,seyhan,1982,9,evet,evet,kolon,okul,var,buyuk,U,farkli,Z4,Yüksek,4.45,29.9,27.46
istanbul, Zeytinburnu,1995,6,hayir,hayir,yok,konut,yok,yok,dikdortgen,yok,Z3,Düşük,4.36,25.8,16.18
kocaeli,gebze,2008,5,hayir,evet,yok,konut,var,hafif,L,uyumlu,Z2,Düşük,4.673,28.0,32.09
giresun,alucra,1980,11,evet,hayir,hafif,hastane,emin_degil,buyuk,kompleks,yok,Z4,Yüksek,4.62,29.0,26.87
istanbul,pendik,2015,8,hayir,hayir,yok,ofis,yok,yok,dikdortgen,yok,Z2,Düşük,5.08,38.0,52.29
izmir,bornova,1992,6,evet,evet,kolon,konut,var,hafif,T,farkli,Z4,Yüksek,4.77,30.8,25.2
ankara,keçiören,2000,10,hayir,hayir,yok,konut,var,yok,dikdortgen,yok,Z2,Düşük,4.33,21.7,22.82
bursa,osmangazi,2018,4,hayir,hayir,yok,konut,yok,yok,dikdortgen,yok,Z4,Düşük,4.69,30.6,27.85
istanbul,avcılar,1995,7,evet,evet,hafif,konut,var,buyuk,L,farkli,Z4,Yüksek,4.74,34.3,37.64
antalya,lara,2012,10,hayir,hayir,yok,konut,yok,yok,dikdortgen,yok,Z1,Düşük,4.96,38.9,42.95
sakarya,merkez,1978,5,evet,hayir,kolon,okul,emin_degil,buyuk,U,yok,Z4,Yüksek,4.55,28.0,24.22
ankara,sincan,2005,9,hayir,evet,yok,konut,var,hafif,dikdortgen,uyumlu,Z3,Düşük,4.8,36.0,41.76
izmir,konak,1990,8,evet,evet,hafif,konut,yok,buyuk,kompleks,uyumlu,Z3,Orta,4.123,19.0,16.74
istanbul,maltepe,2015,6,hayir,hayir,yok,konut,yok,yok,dikdortgen,yok,Z2,Düşük,4.36,25.8,16.18
bursa,yıldırım,1985,5,evet,hayir,yok,konut,var,hafif,T,yok,Z2,Düşük,4.32,28.7,23.54
adana,çukurova,2010,12,hayir,hayir,yok,ofis,yok,yok,dikdortgen,yok,Z2,Düşük,5.27,36.0,50.23
eskişehir,merkez,1982,10,evet,evet,kolon,hastane,var,buyuk,L,farkli,Z4,Yüksek,4.796,31.2,39.8
samsun,bafra,2005,6,hayir,hayir,yok,konut,var,yok,dikdortgen,yok,Z4,Düşük,5.05,37.2,40.31
istanbul, Zeytinburnu,1998,7,evet,evet,hafif,konut,emin_degil,hafif,U,uyumlu,Z3,Orta,4.23,21.7,25.73
izmir,bayraklı,1975,9,evet,hayir,kolon,okul,var,buyuk,kompleks,yok,Z4,Yüksek,4.98,40.0,49.13
ankara,etimesgut,2012,5,hayir,hayir,yok,konut,yok,yok,dikdortgen,yok,Z4,Düşük,4.75,33.9,33.05
bursa,nilüfer,2000,8,hayir,evet,yok,konut,var,hafif,L,uyumlu,Z3,Düşük,4.297,20.0,22.77
istanbul,bakırköy,1988,6,evet,evet,hafif,konut,yok,buyuk,T,farkli,Z4,Yüksek,4.88,32.8,34.62
giresun,alucra,2015,4,hayir,hayir,yok,konut,yok,yok,dikdortgen,yok,Z4,Düşük,4.92,35.5,43.64
istanbul,fatih,1992,7,evet,hayir,yok,ofis,var,hafif,U,yok,Z2,Düşük,4.8,37.0,32.16
antalya,konyaaltı,2010,10,hayir,hayir,yok,konut,yok,yok,dikdortgen,yok,Z3,Düşük,4.08,23.1,14.22
sakarya,serdivan,1985,5,evet,evet,kolon,hastane,var,buyuk,kompleks,farkli,Z3,Yüksek,5.3,45.0,64.75
ankara, Yenimahalle,2018,8,hayir,hayir,yok,konut,yok,yok,dikdortgen,yok,Z3,Düşük,4.682,29.7,36.75
bursa,gemlik,1995,6,evet,hayir,hafif,konut,var,hafif,L,yok,Z4,Orta,4.65,29.0,23.83
izmir,bornova,2005,12,hayir,hayir,yok,konut,yok,yok,dikdortgen,yok,Z4,Düşük,4.8,38.0,33.66
istanbul,kadıköy,1982,7,evet,evet,kolon,okul,emin_degil,buyuk,T,farkli,Z2,Yüksek,4.383,22.7,22.13
adana,yüreğir,2012,11,hayir,hayir,yok,ofis,yok,yok,dikdortgen,yok,Z4,Düşük,5.08,38.0,52.29
eskişehir,odunpazarı,1990,5,evet,hayir,yok,konut,var,hafif,U,yok,Z2,Düşük,5.05,37.2,40.31
istanbul,avcılar,2020,4,hayir,hayir,yok,konut,yok,yok,dikdortgen,yok,Z4,Düşük,4.5,28.0,22.26
antalya,lara,1985,6,evet,evet,hafif,konut,var,buyuk,dikdortgen,uyumlu,Z1,Düşük,4.033,18.3,16.2
sakarya,merkez,2010,12,hayir,hayir,yok,konut,yok,yok,dikdortgen,yok,Z4,Düşük,4.093,20.7,19.61
ankara,mamak,1998,7,evet,evet,hafif,konut,var,hafif,L,farkli,Z2,Düşük,4.173,24.0,29.35
izmir,karşıyaka,1975,10,evet,hayir,kolon,hastane,var,buyuk,U,yok,Z4,Yüksek,5.3,45.0,64.75
izmir,bayraklı,1995,12,evet,evet,hafif,konut,var,buyuk,L,farkli,Z4,Yüksek,4.62,30.0,28.44
istanbul,avcılar,1988,7,evet,hayir,kolon,hastane,emin_degil,hafif,kompleks,yok,Z4,Yüksek,4.8,33.5,34.32
ankara,etimesgut,2005,10,hayir,evet,yok,konut,yok,buyuk,T,uyumlu,Z4,Orta,4.75,42.1,41.9
hatay,antakya,1992,8,evet,evet,hafif,okul,var,buyuk,U,farkli,Z4,Yüksek,4.73,32.5,30.89
bursa,gemlik,1982,5,evet,hayir,kolon,konut,var,hafif,dikdortgen,yok,Z4,Yüksek,4.667,42.0,39.8
sakarya,merkez,2012,6,hayir,hayir,yok,konut,yok,yok,dikdortgen,yok,Z4,Düşük,4.667,42.0,39.8
giresun,alucra,2000,9,evet,evet,hafif,hastane,emin_degil,buyuk,kompleks,farkli,Z4,Yüksek,4.48,28.6,22.16
antalya,finike,1990,4,evet,hayir,yok,konut,var,hafif,L,yok,Z4,Orta,4.28,23.3,24.36
kocaeli,izmit,1985,12,evet,evet,kolon,okul,var,buyuk,T,farkli,Z4,Yüksek,5.047,49.4,66.86
eskişehir,merkez,2015,3,hayir,hayir,yok,konut,yok,yok,dikdortgen,yok,Z4,Düşük,4.32,27.3,19.22
istanbul,bakırköy,1994,10,evet,evet,hafif,ofis,var,buyuk,U,uyumlu,Z4,Yüksek,3.94,20.5,12.16
aydın,efeler,1978,6,evet,hayir,kolon,okul,emin_degil,hafif,kompleks,yok,Z4,Yüksek,5.038,47.8,58.06
izmir,bornova,2022,15,hayir,hayir,yok,konut,yok,yok,dikdortgen,yok,Z4,Düşük,4.596,42.0,38.4
adana,seyhan,1985,9,evet,evet,hafif,konut,var,buyuk,L,farkli,Z4,Yüksek,4.52,32.6,30.3
istanbul,kartal,2010,12,hayir,hayir,yok,ofis,yok,yok,dikdortgen,yok,Z1,Düşük,4.0,22.0,14.8
ankara,çankaya,1995,6,hayir,evet,yok,konut,emin_degil,hafif,dikdortgen,uyumlu,Z1,Düşük,3.821,19.0,12.8
balıkesir,edremit,1980,5,evet,hayir,kolon,konut,var,buyuk,T,yok,Z4,Yüksek,4.82,41.1,43.23
istanbul,fatih,2015,4,hayir,hayir,yok,konut,yok,yok,dikdortgen,yok,Z2,Düşük,3.92,16.0,13.7
izmir,karaburun,1992,2,hayir,hayir,yok,konut,var,yok,L,yok,Z1,Düşük,4.85,33.8,35.5
bursa,yıldırım,2005,8,hayir,evet,yok,konut,yok,hafif,U,uyumlu,Z2,Düşük,4.5,32.7,27.92
hatay,iskenderun,1988,10,evet,evet,kolon,hastane,var,buyuk,kompleks,farkli,Z4,Yüksek,4.25,23.1,23.3
tekirdağ,çorlu,2012,7,hayir,hayir,yok,konut,yok,yok,dikdortgen,yok,Z2,Düşük,4.097,20.7,22.5
istanbul,kadıköy,1995,6,evet,evet,hafif,konut,emin_degil,hafif,dikdortgen,uyumlu,Z2,Düşük,4.48,26.3,23.05
antalya,lara,2020,5,hayir,hayir,yok,konut,yok,yok,dikdortgen,yok,Z1,Düşük,5.01,50.3,53.8
sakarya,serdivan,2008,4,hayir,evet,yok,konut,var,hafif,L,uyumlu,Z3,Düşük,5.089,45.4,48.81
ankara,keçiören,1982,5,evet,hayir,kolon,okul,var,buyuk,U,yok,Z2,Orta,4.29,29.6,22.85
izmir,konak,2000,9,evet,evet,hafif,konut,emin_degil,hafif,T,farkli,Z3,Orta,4.92,35.5,43.64
istanbul,pendik,2015,12,hayir,hayir,yok,ofis,yok,yok,dikdortgen,yok,Z2,Düşük,4.6,28.0,22.16
bursa,osmangazi,1990,11,evet,evet,kolon,konut,var,buyuk,kompleks,farkli,Z4,Yüksek,5.13,43.0,65.92
adana,çukurova,2018,4,hayir,hayir,yok,konut,yok,yok,dikdortgen,yok,Z2,Düşük,4.596,42.0,38.4
erzincan,merkez,1992,8,evet,evet,hafif,konut,emin_degil,buyuk,L,uyumlu,Z4,Orta,4.51,30.4,23.25
samsun,bafra,1980,6,evet,hayir,kolon,okul,var,buyuk,U,yok,Z4,Yüksek,5.089,45.4,48.81
istanbul, Zeytinburnu,2012,5,hayir,hayir,yok,konut,yok,yok,dikdortgen,yok,Z3,Düşük,5.3,45.0,64.75
izmir,balçova,1995,7,evet,evet,hafif,konut,var,buyuk,L,farkli,Z4,Yüksek,4.85,33.8,35.5
ankara,mamak,2005,6,hayir,evet,yok,konut,yok,hafif,dikdortgen,uyumlu,Z2,Düşük,4.23,21.7,25.73
giresun,alucra,1975,4,hayir,hayir,yok,konut,var,yok,dikdortgen,yok,Z4,Düşük,4.8,36.0,41.76
istanbul,avcılar,2008,10,evet,hayir,yok,ofis,emin_degil,hafif,T,yok,Z4,Orta,3.94,20.5,12.16
bursa,nilüfer,2015,8,hayir,hayir,yok,konut,yok,yok,dikdortgen,yok,Z3,Düşük,4.98,38.0,46.7
antalya,konyaaltı,1998,5,evet,evet,hafif,konut,var,hafif,U,uyumlu,Z3,Düşük,4.35,37.9,39.4
sakarya,merkez,1985,12,evet,hayir,kolon,hastane,var,buyuk,kompleks,yok,Z4,Yüksek,5.05,38.2,43.25
ankara,yenimahalle,2010,4,hayir,hayir,yok,konut,yok,yok,dikdortgen,yok,Z3,Düşük,4.13,23.8,14.22
izmir,buca,1992,7,evet,evet,hafif,konut,emin_degil,hafif,L,farkli,Z2,Düşük,4.15,23.5,16.18
istanbul,maltepe,2005,6,hayir,hayir,yok,konut,var,hafif,dikdortgen,yok,Z2,Düşük,4.888,43.3,39.23
muğla,datça,2020,3,hayir,hayir,yok,konut,yok,yok,dikdortgen,yok,Z1,Düşük,4.1,26.2,14.42
adana,yüreğir,1980,11,evet,evet,kolon,okul,var,buyuk,T,farkli,Z4,Yüksek,4.67,31.2,27.26
eskişehir,merkez,1995,8,evet,hayir,hafif,konut,emin_degil,buyuk,U,yok,Z4,Orta,5.089,45.4,48.81
istanbul,beşiktaş,2012,5,hayir,hayir,yok,konut,yok,yok,dikdortgen,yok,Z3,Düşük,4.287,20.7,19.73
bursa,keles,1988,4,hayir,evet,yok,konut,var,hafif,dikdortgen,uyumlu,Z2,Düşük,3.85,22.9,14.81
samsun,canik,2000,7,hayir,hayir,yok,konut,yok,yok,dikdortgen,yok,Z2,Düşük,4.88,36.1,40.21
istanbul,tuzla,1990,6,evet,evet,hafif,konut,var,hafif,L,farkli,Z3,Orta,4.65,30.8,26.77
izmir,bayraklı,2021,12,hayir,hayir,yok,konut,yok,yok,dikdortgen,yok,Z4,Düşük,4.3,19.0,23.77
antalya,finike,1982,5,evet,hayir,kolon,hastane,var,buyuk,kompleks,yok,Z4,Yüksek,4.73,29.4,28.14
ankara,sincan,2010,8,hayir,evet,yok,konut,emin_degil,hafif,dikdortgen,uyumlu,Z3,Düşük,4.78,31.8,31.58
istanbul,sarıyer,2022,4,hayir,hayir,yok,konut,yok,yok,dikdortgen,yok,Z1,Düşük,4.41,29.0,21.08
bursa,gemlik,1995,7,evet,evet,hafif,konut,var,hafif,T,farkli,Z4,Orta,4.03,21.6,12.85
hatay,antakya,2005,11,evet,hayir,yok,konut,emin_degil,buyuk,U,yok,Z4,Orta,5.21,43.0,71.51
giresun,alucra,1985,6,hayir,hayir,yok,konut,var,yok,dikdortgen,yok,Z4,Düşük,4.32,27.3,19.22
ankara,etimesgut,1998,10,evet,evet,kolon,okul,var,buyuk,L,farkli,Z4,Yüksek,4.51,28.9,22.36
istanbul,pendik,2012,5,hayir,evet,yok,konut,yok,hafif,dikdortgen,uyumlu,Z2,Düşük,3.93,21.1,12.45
izmir,bornova,2000,12,hayir,hayir,yok,ofis,yok,yok,dikdortgen,yok,Z4,Düşük,3.663,15.7,11.16
bursa, nilüfer,1985,8,evet,evet,hafif,konut,var,buyuk,kompleks,farkli,Z3,Yüksek,4.45,32.0,31.39
adana,seyhan,2015,10,hayir,hayir,yok,konut,yok,yok,dikdortgen,yok,Z4,Düşük,4.17,22.0,14.42
kocaeli,izmit,1992,7,evet,hayir,yok,konut,emin_degil,hafif,T,yok,Z4,Düşük,4.91,33.0,45.32
istanbul, Zeytinburnu,1980,6,evet,evet,kolon,hastane,var,buyuk,U,farkli,Z3,Yüksek,3.87,18.3,14.14
antalya,lara,2018,4,hayir,hayir,yok,konut,yok,yok,dikdortgen,yok,Z1,Düşük,4.49,43.5,41.5
sakarya,merkez,2005,6,hayir,evet,yok,konut,var,hafif,L,uyumlu,Z4,Düşük,4.73,30.0,25.3
ankara,çankaya,2012,12,hayir,hayir,yok,ofis,yok,yok,dikdortgen,yok,Z1,Düşük,4.38,23.3,28.94
izmir,konak,1995,5,evet,evet,hafif,konut,emin_degil,hafif,dikdortgen,uyumlu,Z3,Düşük,3.73,18.7,13.02
istanbul,avcılar,1982,8,evet,hayir,kolon,okul,var,buyuk,T,yok,Z4,Yüksek,3.94,21.3,18.65
bursa,osmangazi,2010,7,hayir,hayir,yok,konut,yok,yok,dikdortgen,yok,Z4,Düşük,4.207,25.3,27.43
samsun,bafra,1992,6,evet,evet,hafif,konut,var,hafif,U,farkli,Z4,Orta,4.45,24.6,16.67
manisa,demirci,2005,5,hayir,hayir,yok,konut,yok,yok,dikdortgen,yok,Z2,Düşük,4.253,22.7,23.9
giresun,alucra,1988,9,evet,hayir,yok,ofis,emin_degil,buyuk,kompleks,yok,Z4,Orta,4.7,34.0,29.81
antalya,konyaaltı,2015,4,hayir,hayir,yok,konut,yok,yok,dikdortgen,yok,Z3,Düşük,4.18,22.8,15.0
istanbul,fatih,1975,10,evet,evet,kolon,hastane,var,buyuk,L,farkli,Z2,Yüksek,5.18,40.6,49.33
ankara, Yenimahalle,2008,8,hayir,evet,yok,konut,var,hafif,T,uyumlu,Z3,Düşük,4.55,30.1,29.62
izmir,karşıyaka,1998,6,evet,hayir,yok,konut,emin_degil,hafif,U,yok,Z4,Düşük,4.8,38.0,33.66
istanbul, Zeytinburnu,1985,7,evet,evet,hafif,konut,var,buyuk,dikdortgen,farkli,Z3,Orta,4.77,30.0,28.05
bursa,yıldırım,2012,12,hayir,hayir,yok,konut,yok,yok,dikdortgen,yok,Z2,Düşük,4.8,38.1,40.4
adana,yüreğir,1995,5,evet,evet,hafif,konut,var,hafif,kompleks,uyumlu,Z4,Orta,5.39,45.0,60.82
eskişehir,merkez,2000,6,hayir,hayir,yok,konut,yok,yok,dikdortgen,yok,Z4,Düşük,4.35,24.3,15.89
istanbul,avcılar,2015,10,hayir,hayir,yok,ofis,yok,yok,dikdortgen,yok,Z4,Düşük,4.6,33.0,24.47
erzincan,merkez,1982,5,evet,hayir,kolon,okul,var,buyuk,L,yok,Z4,Yüksek,3.74,18.7,13.96
antalya,lara,2022,4,hayir,hayir,yok,konut,yok,yok,dikdortgen,yok,Z1,Düşük,4.92,37.0,46.68
sakarya,serdivan,1990,4,hayir,evet,yok,konut,emin_degil,hafif,T,uyumlu,Z3,Düşük,4.96,37.3,40.99
ankara,mamak,2005,12,hayir,hayir,yok,konut,yok,yok,dikdortgen,yok,Z2,Düşük,3.623,18.7,14.11
istanbul, Zeytinburnu,1978,6,evet,evet,hafif,konut,var,buyuk,U,farkli,Z3,Orta,4.39,31.0,28.18
bursa,gemlik,2008,7,hayir,hayir,yok,konut,yok,yok,dikdortgen,yok,Z4,Düşük,5.06,52.2,54.96
izmir,bornova,1985,10,evet,evet,kolon,hastane,var,buyuk,kompleks,farkli,Z4,Yüksek,5.15,33.0,53.66
ankara,sincan,2015,5,hayir,hayir,yok,konut,yok,yok,dikdortgen,yok,Z3,Düşük,5.22,39.0,60.14
istanbul,beşiktaş,1992,6,evet,evet,hafif,konut,emin_degil,hafif,L,uyumlu,Z3,Düşük,4.81,34.6,41.97
samsun,canik,1988,8,evet,hayir,yok,konut,var,hafif,T,yok,Z2,Düşük,4.723,33.7,33.73
adana,yüreğir,2010,12,hayir,hayir,yok,ofis,yok,yok,dikdortgen,yok,Z4,Düşük,4.95,36.2,39.72
eskişehir,odunpazarı,1975,5,evet,hayir,kolon,okul,var,buyuk,U,yok,Z2,Orta,4.213,24.7,27.48
istanbul,avcılar,2002,4,hayir,evet,yok,konut,emin_degil,yok,dikdortgen,uyumlu,Z4,Düşük,4.96,37.3,40.99
bursa,nilüfer,1995,6,evet,hayir,hafif,konut,var,hafif,kompleks,yok,Z3,Orta,4.18,22.0,19.92
izmir,buca,2012,8,hayir,hayir,yok,konut,yok,yok,dikdortgen,yok,Z2,Düşük,4.45,27.9,20.89
istanbul,kadıköy,1982,10,evet,evet,kolon,hastane,var,buyuk,L,farkli,Z2,Yüksek,4.93,30.0,37.47
ankara,keçiören,2005,7,hayir,hayir,yok,konut,yok,yok,dikdortgen,yok,Z2,Düşük,4.88,30.0,35.79
istanbul,pendik,1998,6,evet,evet,hafif,konut,var,hafif,T,uyumlu,Z2,Düşük,4.82,41.1,43.23
hatay,antakya,1985,7,evet,evet,hafif,konut,var,buyuk,L,farkli,Z4,Yüksek,4.96,33.1,30.38
istanbul,bakırköy,1992,8,evet,hayir,kolon,okul,var,hafif,kompleks,yok,Z4,Yüksek,4.36,25.8,16.18
ankara,çankaya,2019,10,hayir,hayir,yok,ofis,yok,yok,dikdortgen,yok,Z1,Düşük,4.637,26.7,28.73
izmir,konak,1978,6,evet,evet,hafif,konut,emin_degil,buyuk,T,uyumlu,Z3,Orta,4.3,19.0,23.77
bursa,gemlik,1990,5,evet,evet,kolon,konut,var,hafif,U,farkli,Z4,Yüksek,5.089,45.4,48.81
antalya,lara,2015,3,hayir,hayir,yok,konut,yok,yok,dikdortgen,yok,Z1,Düşük,4.407,26.3,32.273
sakarya,merkez,1999,4,evet,evet,hafif,konut,yok,hafif,dikdortgen,uyumlu,Z4,Orta,4.73,36.8,38.05
eskişehir,odunpazarı,2010,7,hayir,hayir,yok,konut,yok,yok,dikdortgen,yok,Z2,Düşük,4.92,35.5,43.64
giresun,alucra,1982,5,evet,hayir,kolon,hastane,var,buyuk,kompleks,yok,Z4,Yüksek,5.119,46.8,47.99
istanbul,avcılar,2005,8,evet,evet,yok,konut,emin_degil,hafif,L,uyumlu,Z4,Orta,4.73,36.8,38.05
kocaeli,izmit,1988,9,evet,hayir,hafif,ofis,var,buyuk,T,yok,Z4,Yüksek,4.023,17.7,17.19
adana,yüreğir,2012,11,hayir,hayir,yok,konut,yok,yok,dikdortgen,yok,Z4,Düşük,5.1,53.4,59.33
bursa,nilüfer,2000,7,hayir,evet,yok,konut,var,hafif,U,uyumlu,Z3,Düşük,4.08,19.0,18.73
izmir,karşıyaka,1995,8,evet,evet,hafif,konut,emin_degil,buyuk,L,farkli,Z4,Yüksek,4.673,28.0,32.09
ankara,etimesgut,1992,9,evet,evet,kolon,okul,var,hafif,kompleks,uyumlu,Z4,Yüksek,4.407,26.3,32.273
istanbul,fatih,1975,5,evet,evet,hafif,konut,var,hafif,dikdortgen,farkli,Z2,Orta,4.48,28.6,22.16
aydın,kuşadası,2018,4,hayir,hayir,yok,konut,yok,yok,dikdortgen,yok,Z2,Düşük,4.213,24.3,25.59
samsun,atakum,2012,12,hayir,hayir,yok,konut,yok,yok,dikdortgen,yok,Z3,Düşük,5.22,42.0,50.01
tekirdağ,çorlu,1998,6,evet,hayir,yok,konut,emin_degil,hafif,T,yok,Z2,Düşük,4.77,36.1,38.83
istanbul,sarıyer,2005,4,hayir,hayir,yok,konut,yok,yok,dikdortgen,yok,Z1,Düşük,3.663,15.7,11.16
konya,selçuklu,1995,9,evet,evet,hafif,konut,var,hafif,U,uyumlu,Z3,Orta,5.08,49.1,52.65
muğla,datça,2015,2,hayir,hayir,yok,konut,yok,yok,dikdortgen,yok,Z1,Düşük,4.88,34.4,42.95
istanbul,tuzla,1990,5,evet,evet,yok,konut,var,hafif,L,farkli,Z3,Orta,5.119,37.9,58.07
izmir,bayraklı,1985,11,evet,hayir,kolon,hastane,var,buyuk,kompleks,yok,Z4,Yüksek,4.45,32.0,31.39
ankara,gölbaşı,2010,4,hayir,hayir,yok,konut,yok,yok,dikdortgen,yok,Z4,Düşük,4.62,31.0,27.85
bursa,osmangazi,1980,8,evet,evet,hafif,konut,var,buyuk,T,farkli,Z4,Yüksek,5.22,42.0,50.01
adana,seyhan,2000,10,hayir,hayir,yok,ofis,yok,yok,dikdortgen,yok,Z4,Düşük,4.92,40.8,50.8
erzincan,merkez,1995,7,evet,evet,hafif,konut,emin_degil,hafif,L,uyumlu,Z4,Orta,4.8,38.0,33.66
istanbul,kadıköy,1998,12,hayir,evet,yok,konut,yok,hafif,dikdortgen,uyumlu,Z2,Düşük,4.347,22.7,24.48
antalya,finike,1988,6,evet,hayir,kolon,okul,var,buyuk,U,yok,Z4,Yüksek,4.35,27.0,20.4
sakarya,serdivan,2015,5,hayir,evet,yok,konut,var,hafif,dikdortgen,uyumlu,Z3,Düşük,4.91,46.7,46.97
ankara,mamak,2008,8,hayir,hayir,yok,konut,yok,yok,dikdortgen,yok,Z2,Düşük,4.45,32.0,31.39
izmir,bornova,1992,10,evet,evet,hafif,konut,var,buyuk,kompleks,farkli,Z4,Yüksek,4.88,25.0,28.35
istanbul,maltepe,2005,7,hayir,evet,yok,konut,emin_degil,hafif,T,uyumlu,Z2,Düşük,4.51,30.4,23.25
bursa,yıldırım,1995,6,evet,evet,yok,konut,var,hafif,L,uyumlu,Z2,Düşük,4.35,28.4,19.81
samsun,bafra,1985,5,evet,hayir,kolon,konut,var,hafif,dikdortgen,yok,Z4,Yüksek,5.05,38.2,43.25
hatay,iskenderun,1990,9,evet,evet,hafif,hastane,var,buyuk,U,farkli,Z4,Yüksek,3.753,18.0,12.91
istanbul,pendik,2010,10,hayir,hayir,yok,ofis,yok,yok,dikdortgen,yok,Z2,Düşük,4.51,27.5,22.16
eskişehir,merkez,1982,8,evet,evet,hafif,konut,emin_degil,buyuk,L,farkli,Z4,Yüksek,4.8,32.2,38.21
adana,çukurova,2018,12,hayir,hayir,yok,konut,yok,yok,dikdortgen,yok,Z2,Düşük,4.42,30.0,25.01
istanbul,beşiktaş,1988,6,evet,evet,kolon,okul,var,hafif,T,uyumlu,Z3,Yüksek,4.157,23.0,21.41
izmir,balçova,2005,8,hayir,hayir,yok,konut,yok,yok,dikdortgen,yok,Z4,Düşük,3.94,20.5,12.16
ankara,yenimahalle,2012,7,hayir,hayir,yok,konut,yok,yok,dikdortgen,yok,Z3,Düşük,4.53,27.3,30.3
kayseri,melikgazi,2000,9,hayir,evet,yok,konut,var,hafif,U,uyumlu,Z2,Düşük,4.51,27.2,23.3
antalya,konyaaltı,2015,5,hayir,hayir,yok,konut,yok,yok,dikdortgen,yok,Z3,Düşük,4.63,29.7,24.32
bursa,gemlik,1982,6,evet,evet,hafif,konut,var,buyuk,kompleks,farkli,Z4,Yüksek,4.796,31.2,39.8
istanbul, Zeytinburnu,1995,7,evet,evet,yok,konut,emin_degil,hafif,L,uyumlu,Z3,Orta,4.8,36.0,41.76
giresun,alucra,2010,10,hayir,hayir,yok,konut,yok,yok,dikdortgen,yok,Z4,Düşük,4.385,32.0,30.6
izmir,buca,1998,6,evet,evet,hafif,konut,var,hafif,T,uyumlu,Z2,Orta,4.55,29.4,23.73
ankara,sincan,2005,8,hayir,hayir,yok,konut,yok,yok,dikdortgen,yok,Z3,Düşük,4.881,31.4,43.24
istanbul,avcılar,1980,7,evet,hayir,kolon,hastane,var,buyuk,U,yok,Z4,Yüksek,4.08,19.0,18.73
yalova,merkez,1992,5,evet,hayir,hafif,konut,emin_degil,buyuk,L,yok,Z4,Yüksek,4.96,37.3,41.19
bursa,keles,1990,3,hayir,hayir,yok,konut,yok,yok,dikdortgen,yok,Z2,Düşük,4.12,24.0,14.91
istanbul,kartal,2012,14,hayir,hayir,yok,konut,yok,yok,dikdortgen,yok,Z1,Düşük,4.69,30.6,27.85
adana,yüreğir,1985,10,evet,evet,hafif,konut,var,hafif,kompleks,farkli,Z4,Yüksek,4.682,29.7,36.75
ankara,keçiören,2008,9,hayir,evet,yok,konut,yok,hafif,dikdortgen,uyumlu,Z2,Düşük,4.44,25.4,18.34
izmir,konak,1995,8,evet,evet,yok,ofis,emin_degil,hafif,T,uyumlu,Z3,Orta,5.119,46.8,47.99
istanbul,bakırköy,1975,7,evet,evet,kolon,konut,var,buyuk,L,farkli,Z4,Yüksek,4.2,24.5,15.89
antalya,demre,2005,4,evet,hayir,yok,konut,var,yok,U,yok,Z4,Düşük,4.2,20.0,18.03
sakarya,merkez,2010,8,hayir,hayir,yok,konut,yok,yok,dikdortgen,yok,Z4,Düşük,4.52,28.3,26.09
manisa,demirci,1985,5,evet,evet,yok,konut,var,hafif,dikdortgen,uyumlu,Z2,Düşük,5.19,41.0,69.36
istanbul,tuzla,2015,10,hayir,hayir,yok,konut,yok,yok,dikdortgen,yok,Z3,Düşük,5.08,38.0,52.29
ankara,çankaya,1988,7,hayir,evet,yok,konut,emin_degil,hafif,L,uyumlu,Z1,Düşük,4.2,20.0,18.03
izmir,bayraklı,2000,12,hayir,hayir,yok,ofis,yok,yok,dikdortgen,yok,Z4,Düşük,5.23,36.0,49.44
bursa,nilüfer,2018,6,hayir,hayir,yok,konut,yok,yok,dikdortgen,yok,Z3,Düşük,4.8,38.0,33.66
hatay,antakya,1998,8,evet,evet,hafif,konut,var,buyuk,kompleks,farkli,Z4,Yüksek,4.123,18.0,16.05
istanbul,sarıyer,2010,4,hayir,hayir,yok,konut,yok,yok,dikdortgen,yok,Z1,Düşük,4.66,29.7,26.87
kocaeli,gebze,2005,6,hayir,evet,yok,konut,var,hafif,T,uyumlu,Z2,Düşük,4.29,28.0,23.54
antalya,lara,2018,5,hayir,hayir,yok,konut,yok,yok,dikdortgen,yok,Z1,Düşük,4.173,22.3,18.32
giresun,çamoluk,1990,8,evet,hayir,hafif,okul,var,buyuk,U,yok,Z4,Yüksek,4.17,23.0,14.51
istanbul,avcılar,2002,5,hayir,evet,yok,konut,emin_degil,hafif,L,uyumlu,Z4,Düşük,4.85,33.8,35.5
ankara,mamak,2015,10,hayir,hayir,yok,konut,yok,yok,dikdortgen,yok,Z2,Düşük,4.423,29.3,33.34
izmir,bornova,2010,12,hayir,hayir,yok,konut,yok,yok,dikdortgen,yok,Z4,Düşük,4.57,37.9,32.26
bursa,gemlik,1988,7,evet,evet,hafif,konut,var,hafif,kompleks,farkli,Z4,Yüksek,4.8,37.3,38.25
istanbul,kadıköy,1992,8,evet,evet,yok,konut,emin_degil,hafif,T,uyumlu,Z2,Düşük,5.22,43.0,58.37
adana,seyhan,1978,9,evet,evet,kolon,hastane,var,buyuk,L,farkli,Z4,Yüksek,4.24,23.3,19.82
samsun,çarşamba,2005,6,hayir,hayir,yok,konut,yok,yok,dikdortgen,yok,Z4,Düşük,5.119,46.8,47.99
istanbul,pendik,2000,7,hayir,evet,yok,konut,var,hafif,U,uyumlu,Z2,Düşük,5.13,43.0,65.92
ankara,etimesgut,2012,6,hayir,hayir,yok,konut,yok,yok,dikdortgen,yok,Z4,Düşük,4.65,31.3,29.62
izmir,karşıyaka,1982,9,evet,evet,hafif,konut,emin_degil,buyuk,dikdortgen,farkli,Z4,Yüksek,5.05,36.8,42.27
bursa,osmangazi,2015,12,hayir,hayir,yok,konut,yok,yok,dikdortgen,yok,Z4,Düşük,4.32,26.0,18.63
istanbul, Zeytinburnu,2008,5,hayir,hayir,yok,konut,yok,yok,dikdortgen,yok,Z3,Düşük,4.45,31.0,27.46
eskişehir,merkez,1995,7,evet,hayir,hafif,okul,var,buyuk,T,yok,Z4,Yüksek,4.77,37.1,39.72
antalya,finike,2020,4,hayir,hayir,yok,konut,yok,yok,dikdortgen,yok,Z4,Düşük,4.423,29.3,33.34
sakarya,serdivan,1992,5,evet,evet,hafif,konut,emin_degil,hafif,kompleks,uyumlu,Z3,Orta,4.385,32.0,30.6
ankara,sincan,2018,6,hayir,hayir,yok,konut,yok,yok,dikdortgen,yok,Z3,Düşük,3.987,19.0,14.99
istanbul,fatih,1985,6,evet,evet,kolon,konut,var,hafif,L,farkli,Z2,Yüksek,4.407,24.3,28.06
izmir,buca,2005,8,hayir,evet,yok,konut,var,hafif,U,uyumlu,Z2,Düşük,4.673,28.0,32.09
bursa,yıldırım,2010,5,hayir,hayir,yok,konut,yok,yok,dikdortgen,yok,Z2,Düşük,4.39,31.0,28.18
adana,çukurova,2008,11,hayir,hayir,yok,ofis,yok,yok,dikdortgen,yok,Z2,Düşük,4.35,28.4,19.81
istanbul,maltepe,1998,7,evet,evet,hafif,konut,emin_degil,hafif,T,uyumlu,Z2,Orta,3.92,16.0,13.7
giresun,alucra,1975,5,evet,hayir,kolon,okul,var,buyuk,dikdortgen,yok,Z4,Yüksek,4.57,37.9,32.26
ankara,yenimahalle,2000,8,hayir,evet,yok,konut,var,hafif,L,uyumlu,Z3,Düşük,4.5,39.5,40.6
izmir,balçova,1990,6,evet,evet,hafif,konut,var,buyuk,U,farkli,Z4,Yüksek,4.39,31.0,28.18
istanbul,bakırköy,2012,9,hayir,hayir,yok,konut,yok,yok,dikdortgen,yok,Z4,Düşük,4.54,31.0,29.03
bursa,nilüfer,1992,7,evet,evet,hafif,konut,emin_degil,hafif,kompleks,uyumlu,Z3,Orta,4.85,41.5,37.65
antalya,konyaaltı,2005,6,evet,hayir,yok,konut,var,hafif,T,yok,Z3,Düşük,4.48,28.6,23.05
hatay,antakya,1995,8,evet,evet,kolon,hastane,var,buyuk,L,farkli,Z4,Yüksek,4.47,26.0,31.35
istanbul,avcılar,2018,5,hayir,hayir,yok,konut,yok,yok,dikdortgen,yok,Z4,Düşük,4.55,28.0,24.22
ankara,keçiören,1998,8,hayir,evet,yok,konut,yok,hafif,U,uyumlu,Z2,Düşük,4.243,16.0,16.99
bursa,gemlik,1985,6,evet,evet,hafif,konut,var,buyuk,L,farkli,Z4,Yüksek,4.69,37.5,33.89
izmir,karşıyaka,1992,9,evet,evet,hafif,konut,emin_degil,hafif,dikdortgen,uyumlu,Z4,Orta,5.22,40.0,45.4
istanbul,sarıyer,2015,4,hayir,hayir,yok,konut,yok,yok,dikdortgen,yok,Z1,Düşük,4.28,28.3,23.14
ankara,sincan,2008,8,hayir,evet,yok,konut,yok,hafif,U,uyumlu,Z3,Düşük,4.29,29.6,22.85
adana,seyhan,1975,10,evet,hayir,kolon,hastane,var,buyuk,kompleks,yok,Z4,Yüksek,4.57,37.9,32.26
giresun,alucra,2005,5,hayir,hayir,yok,konut,yok,yok,dikdortgen,yok,Z4,Düşük,4.71,55.5,56.5
sakarya,merkez,1998,5,evet,evet,hafif,konut,var,hafif,T,farkli,Z4,Yüksek,4.8,37.0,32.16
antalya,finike,1990,4,evet,hayir,yok,konut,var,hafif,L,yok,Z4,Orta,4.85,34.0,37.46
kocaeli,gebze,2012,10,hayir,hayir,yok,ofis,yok,yok,dikdortgen,yok,Z2,Düşük,4.695,29.3,35.58
istanbul,bakırköy,1988,7,evet,evet,hafif,konut,var,buyuk,U,farkli,Z4,Yüksek,4.41,29.6,32.9
eskişehir,merkez,2018,6,hayir,hayir,yok,konut,yok,yok,dikdortgen,yok,Z4,Düşük,4.937,30.3,51.35
hatay,antakya,1995,8,evet,evet,kolon,okul,var,buyuk,kompleks,farkli,Z4,Yüksek,4.29,28.0,23.73
istanbul,avcılar,2005,6,evet,evet,yok,konut,emin_degil,hafif,T,uyumlu,Z4,Orta,4.81,34.6,41.97
bursa,nilüfer,1990,7,evet,evet,hafif,konut,var,hafif,L,farkli,Z3,Yüksek,5.2,44.0,65.83
izmir,bayraklı,2010,12,hayir,hayir,yok,ofis,yok,yok,dikdortgen,yok,Z4,Düşük,4.5,36.0,28.69
ankara,mamak,1985,5,evet,evet,hafif,konut,var,hafif,dikdortgen,uyumlu,Z2,Orta,4.74,34.3,37.64
aydın,efeler,1980,6,evet,hayir,kolon,hastane,var,buyuk,U,yok,Z4,Yüksek,5.27,36.0,50.23
istanbul,pendik,2015,10,hayir,hayir,yok,konut,yok,yok,dikdortgen,yok,Z2,Düşük,4.48,28.6,22.16
tekirdağ,çorlu,2000,7,hayir,evet,yok,konut,emin_degil,hafif,dikdortgen,uyumlu,Z2,Düşük,4.62,25.0,28.61
erzincan,merkez,1992,5,evet,evet,hafif,konut,var,buyuk,L,farkli,Z4,Yüksek,4.62,30.0,28.44
istanbul,tuzla,2008,9,hayir,hayir,yok,konut,yok,yok,dikdortgen,yok,Z3,Düşük,4.78,31.8,31.58
samsun,atakum,2015,11,hayir,hayir,yok,konut,yok,yok,dikdortgen,yok,Z3,Düşük,4.51,26.8,21.67
adana,yüreğir,2005,10,evet,hayir,yok,konut,emin_degil,hafif,T,yok,Z4,Orta,4.55,27.0,20.3
izmir,bornova,1985,8,evet,evet,kolon,okul,var,buyuk,kompleks,farkli,Z4,Yüksek,4.596,42.0,38.4
istanbul,fatih,1970,5,evet,evet,hafif,konut,var,hafif,dikdortgen,farkli,Z2,Yüksek,4.76,32.2,32.36
bursa,osmangazi,2012,12,hayir,hayir,yok,konut,yok,yok,dikdortgen,yok,Z4,Düşük,4.888,43.3,39.23
antalya,lara,1995,5,hayir,evet,yok,konut,yok,yok,dikdortgen,uyumlu,Z1,Düşük,4.213,24.7,27.48
ankara,çankaya,1990,8,evet,evet,hafif,konut,emin_degil,hafif,L,uyumlu,Z1,Orta,4.77,30.0,28.05
manisa,merkez,2000,6,evet,evet,yok,konut,var,hafif,U,uyumlu,Z3,Orta,4.127,19.3,19.81
istanbul,kadıköy,1980,7,evet,evet,kolon,konut,var,buyuk,T,farkli,Z2,Yüksek,5.02,38.0,52.3
kocaeli,izmit,1995,8,evet,hayir,hafif,konut,emin_degil,buyuk,kompleks,yok,Z4,Yüksek,4.74,28.6,23.63
izmir,buca,2010,7,hayir,hayir,yok,konut,yok,yok,dikdortgen,yok,Z2,Düşük,5.23,36.0,49.44
samsun,bafra,1988,5,evet,hayir,yok,konut,var,hafif,L,yok,Z4,Orta,4.97,48.4,52.12
istanbul,beşiktaş,1995,6,evet,evet,hafif,konut,emin_degil,hafif,dikdortgen,uyumlu,Z3,Orta,4.55,29.4,24.03
ankara,etimesgut,2012,10,hayir,hayir,yok,konut,yok,yok,dikdortgen,yok,Z4,Düşük,4.66,49.3,54.1
adana,çukurova,2018,13,hayir,hayir,yok,ofis,yok,yok,dikdortgen,yok,Z2,Düşük,4.98,40.0,49.13
bursa,yıldırım,1990,5,evet,evet,hafif,konut,var,hafif,dikdortgen,uyumlu,Z2,Orta,5.089,45.4,48.81
istanbul, Zeytinburnu,2000,7,evet,evet,yok,konut,emin_degil,hafif,U,uyumlu,Z3,Orta,4.92,37.0,46.68
konya,selçuklu,2015,10,hayir,hayir,yok,konut,yok,yok,dikdortgen,yok,Z3,Düşük,4.44,25.4,18.34
giresun,alucra,1978,6,evet,hayir,kolon,hastane,var,buyuk,kompleks,yok,Z4,Yüksek,4.48,28.6,22.16
izmir,konak,1982,8,evet,evet,hafif,konut,var,buyuk,T,farkli,Z3,Yüksek,4.49,43.5,41.5
ankara,yenimahalle,2005,7,hayir,evet,yok,konut,yok,hafif,L,uyumlu,Z3,Düşük,4.55,30.1,29.62
istanbul,maltepe,1992,6,evet,evet,yok,konut,emin_degil,hafif,dikdortgen,uyumlu,Z2,Düşük,4.59,30.8,25.69
antalya,konyaaltı,2008,5,evet,hayir,yok,konut,var,hafif,U,yok,Z3,Orta,4.45,27.9,20.89
sakarya,merkez,2010,9,hayir,hayir,yok,konut,yok,yok,dikdortgen,yok,Z4,Düşük,5.15,33.0,53.66
istanbul,avcılar,1975,7,evet,evet,kolon,konut,var,buyuk,L,farkli,Z4,Yüksek,5.119,46.8,47.99
bursa,gemlik,2005,8,evet,hayir,yok,konut,emin_degil,hafif,T,yok,Z4,Orta,4.45,30.9,26.97
izmir,balçova,1995,6,evet,evet,hafif,konut,var,buyuk,U,farkli,Z4,Yüksek,4.4,33.0,26.37
hatay,iskenderun,2000,9,evet,hayir,yok,konut,var,hafif,kompleks,yok,Z4,Yüksek,4.347,22.7,24.48
ankara,keçiören,2012,8,hayir,hayir,yok,konut,yok,yok,dikdortgen,yok,Z2,Düşük,4.88,30.0,35.79
istanbul,kartal,2018,16,hayir,hayir,yok,konut,yok,yok,dikdortgen,yok,Z1,Düşük,5.11,52.3,55.82
tekirdağ,marmaraereğlisi,2008,4,hayir,evet,yok,konut,var,hafif,dikdortgen,uyumlu,Z3,Düşük,4.55,32.4,34.81
izmir,karşıyaka,1988,9,evet,evet,hafif,konut,var,buyuk,L,farkli,Z4,Yüksek,3.663,15.7,11.16
bursa,keles,1995,3,hayir,hayir,yok,konut,yok,yok,dikdortgen,yok,Z2,Düşük,4.8,33.5,34.32
adana,yüreğir,1990,8,evet,evet,hafif,konut,emin_degil,buyuk,T,uyumlu,Z4,Yüksek,4.77,36.1,38.83
istanbul,bakırköy,2015,10,hayir,hayir,yok,ofis,yok,yok,dikdortgen,yok,Z4,Düşük,4.82,41.1,43.23
antalya,demre,2010,3,evet,hayir,yok,konut,yok,yok,dikdortgen,yok,Z4,Düşük,4.5,28.0,22.26
eskişehir,odunpazarı,2000,6,hayir,evet,yok,konut,yok,hafif,U,uyumlu,Z2,Düşük,4.45,28.2,20.99
samsun,çarşamba,1995,5,evet,hayir,hafif,konut,var,hafif,L,yok,Z4,Yüksek,4.41,29.6,32.9
istanbul,avcılar,1999,8,evet,hayir,hafif,konut,emin_degil,buyuk,T,yok,Z4,Yüksek,4.78,31.8,31.58
kocaeli,gebze,2010,6,hayir,hayir,yok,konut,yok,yok,dikdortgen,yok,Z2,Düşük,4.739,41.8,40.1
ankara,gölbaşı,2015,4,hayir,hayir,yok,konut,yok,yok,dikdortgen,yok,Z4,Düşük,4.52,30.0,26.38
izmir,bornova,1995,11,evet,evet,hafif,konut,var,hafif,kompleks,farkli,Z4,Yüksek,4.52,30.0,26.38
bursa,nilüfer,2005,7,evet,hayir,yok,konut,emin_degil,hafif,dikdortgen,yok,Z3,Düşük,4.17,23.0,14.51
istanbul,sarıyer,2000,4,hayir,hayir,yok,konut,yok,yok,dikdortgen,yok,Z1,Düşük,3.957,17.0,13.65
giresun,alucra,1990,8,evet,evet,hafif,okul,var,buyuk,L,farkli,Z4,Yüksek,4.61,30.0,28.14
adana,seyhan,2010,11,hayir,hayir,yok,konut,yok,yok,dikdortgen,yok,Z4,Düşük,4.48,30.0,26.58
istanbul,tuzla,1995,5,evet,evet,yok,konut,var,hafif,U,uyumlu,Z3,Orta,5.089,45.4,48.81
izmir,buca,2015,8,hayir,hayir,yok,konut,yok,yok,dikdortgen,yok,Z2,Düşük,4.31,24.4,15.3
ankara,sincan,2000,7,hayir,evet,yok,konut,var,hafif,L,uyumlu,Z3,Düşük,5.2,38.0,51.7
istanbul,kadıköy,2012,12,hayir,hayir,yok,ofis,yok,yok,dikdortgen,yok,Z2,Düşük,4.2,22.2,15.4
bursa,gemlik,1980,6,evet,evet,kolon,konut,var,buyuk,T,farkli,Z4,Yüksek,4.58,29.8,23.54
antalya,lara,2018,5,hayir,hayir,yok,konut,yok,yok,dikdortgen,yok,Z1,Düşük,4.123,18.0,16.05
istanbul,pendik,2005,9,hayir,evet,yok,konut,emin_degil,hafif,dikdortgen,uyumlu,Z2,Düşük,4.23,24.3,21.83
izmir,bayraklı,1988,10,evet,evet,hafif,hastane,var,buyuk,kompleks,farkli,Z4,Yüksek,4.75,33.8,34.81
ankara,mamak,2010,8,hayir,hayir,yok,konut,yok,yok,dikdortgen,yok,Z2,Düşük,4.173,22.3,18.32
sakarya,merkez,1982,5,evet,hayir,kolon,okul,var,buyuk,U,yok,Z4,Yüksek,4.45,30.4,26.28
istanbul, Zeytinburnu,2015,9,hayir,hayir,yok,konut,yok,yok,dikdortgen,yok,Z3,Düşük,4.347,22.7,24.48
bursa,osmangazi,1985,8,evet,evet,hafif,konut,var,buyuk,L,farkli,Z4,Yüksek,4.88,32.8,34.62
izmir,konak,2000,8,evet,hayir,yok,konut,emin_degil,hafif,T,yok,Z3,Orta,4.3,31.0,20.99
adana,yüreğir,2015,10,hayir,hayir,yok,konut,yok,yok,dikdortgen,yok,Z4,Düşük,3.89,19.0,15.3
istanbul,avcılar,2008,6,evet,evet,yok,konut,emin_degil,hafif,U,uyumlu,Z4,Orta,4.8,38.1,40.4
hatay,antakya,1990,7,evet,evet,hafif,konut,var,buyuk,dikdortgen,farkli,Z4,Yüksek,4.73,29.4,28.14
ankara,etimesgut,2005,8,hayir,evet,yok,konut,var,hafif,L,uyumlu,Z4,Orta,4.95,41.0,52.17
istanbul,fatih,1995,5,evet,hayir,yok,konut,var,hafif,T,yok,Z2,Düşük,4.92,35.2,44.33
izmir,karşıyaka,2010,10,hayir,hayir,yok,konut,yok,yok,dikdortgen,yok,Z4,Düşük,4.88,30.0,35.79
bursa,yıldırım,2015,6,hayir,hayir,yok,konut,yok,yok,dikdortgen,yok,Z2,Düşük,4.45,31.0,27.46
istanbul,beşiktaş,1985,5,evet,evet,hafif,konut,emin_degil,buyuk,kompleks,farkli,Z3,Yüksek,4.75,33.8,34.81
antalya,finike,2015,4,hayir,hayir,yok,konut,yok,yok,dikdortgen,yok,Z4,Düşük,4.58,24.4,16.67
kayseri,melikgazi,2005,8,hayir,evet,yok,konut,var,hafif,L,uyumlu,Z2,Düşük,3.94,21.3,18.65
samsun,canik,1998,5,evet,hayir,yok,konut,emin_degil,hafif,U,yok,Z2,Düşük,3.94,21.3,18.65
istanbul,bakırköy,1982,8,evet,evet,kolon,konut,var,buyuk,T,farkli,Z4,Yüksek,4.213,24.7,27.48
ankara,çankaya,2010,10,hayir,hayir,yok,ofis,yok,yok,dikdortgen,yok,Z1,Düşük,4.25,20.7,19.13
izmir,balçova,1992,6,evet,evet,hafif,konut,var,hafif,L,uyumlu,Z4,Orta,4.32,28.2,23.34
bursa,gemlik,2010,9,hayir,hayir,yok,konut,yok,yok,dikdortgen,yok,Z4,Düşük,4.39,31.0,28.18
istanbul,maltepe,2000,7,evet,hayir,yok,konut,emin_degil,hafif,dikdortgen,yok,Z2,Düşük,4.77,37.3,41.19
erzincan,merkez,2005,6,evet,hayir,yok,konut,var,hafif,T,yok,Z4,Orta,4.45,32.0,31.39
giresun,alucra,1988,5,evet,evet,hafif,konut,var,buyuk,U,farkli,Z4,Yüksek,5.05,31.0,47.87
istanbul,avcılar,1992,7,evet,evet,hafif,konut,var,buyuk,L,farkli,Z4,Yüksek,4.033,16.3,15.53
ankara,etimesgut,2005,8,hayir,evet,yok,konut,yok,hafif,dikdortgen,uyumlu,Z4,Orta,3.95,22.0,14.32
izmir,bayraklı,1998,10,evet,hayir,kolon,ofis,var,buyuk,kompleks,yok,Z4,Yüksek,4.62,28.7,23.05
bursa,gemlik,1985,6,evet,evet,hafif,konut,var,hafif,T,farkli,Z4,Yüksek,5.239,42.4,70.77
sakarya,merkez,2010,5,hayir,hayir,yok,konut,yok,yok,dikdortgen,yok,Z4,Düşük,4.227,19.7,17.94
antalya,lara,2015,4,hayir,hayir,yok,konut,yok,yok,dikdortgen,yok,Z1,Düşük,5.06,52.2,54.96
hatay,antakya,1988,8,evet,evet,kolon,hastane,var,buyuk,U,farkli,Z4,Yüksek,4.29,29.6,22.85
istanbul,bakırköy,1975,9,evet,evet,hafif,konut,var,buyuk,L,farkli,Z4,Yüksek,4.45,24.6,16.67
kocaeli,izmit,1995,7,evet,hayir,yok,konut,emin_degil,hafif,T,yok,Z4,Orta,4.88,34.4,42.95
adana,seyhan,2012,11,hayir,hayir,yok,ofis,yok,yok,dikdortgen,yok,Z4,Düşük,4.51,28.9,22.36
eskişehir,merkez,1980,6,evet,evet,hafif,okul,var,buyuk,kompleks,farkli,Z4,Yüksek,5.166,50.9,68.6
izmir,bornova,2008,12,hayir,hayir,yok,konut,yok,yok,dikdortgen,yok,Z4,Düşük,5.22,40.0,45.4
istanbul,tuzla,1990,5,evet,evet,yok,konut,var,hafif,U,uyumlu,Z3,Orta,4.363,18.0,17.0
giresun,alucra,2000,8,hayir,evet,yok,konut,emin_degil,hafif,L,uyumlu,Z4,Orta,4.207,25.3,27.43
ankara,sincan,2015,9,hayir,hayir,yok,konut,yok,yok,dikdortgen,yok,Z3,Düşük,4.61,30.0,28.14
bursa,nilüfer,1995,7,evet,evet,hafif,konut,var,hafif,T,uyumlu,Z3,Orta,4.293,25.7,31.74
istanbul,kadıköy,1985,8,evet,evet,kolon,konut,var,buyuk,L,farkli,Z2,Yüksek,4.62,28.7,23.05
antalya,konyaaltı,2018,6,hayir,hayir,yok,konut,yok,yok,dikdortgen,yok,Z3,Düşük,4.75,34.6,33.93
izmir,karşıyaka,1990,9,evet,evet,hafif,konut,var,buyuk,U,farkli,Z4,Yüksek,5.18,43.0,69.36
samsun,bafra,2005,5,hayir,hayir,yok,konut,yok,yok,dikdortgen,yok,Z4,Düşük,4.5,28.0,22.26
istanbul,pendik,2000,8,hayir,evet,yok,konut,emin_degil,hafif,dikdortgen,uyumlu,Z2,Düşük,4.8,38.0,33.66
ankara,keçiören,2010,10,hayir,hayir,yok,konut,yok,yok,dikdortgen,yok,Z2,Düşük,4.84,33.0,31.87
adana,yüreğir,1982,10,evet,evet,kolon,hastane,var,buyuk,kompleks,farkli,Z4,Yüksek,4.937,30.3,51.35
tekirdağ,çorlu,2015,5,hayir,hayir,yok,konut,yok,yok,dikdortgen,yok,Z2,Düşük,4.77,37.3,41.19
istanbul,sarıyer,2005,3,hayir,hayir,yok,konut,yok,yok,dikdortgen,yok,Z1,Düşük,5.18,43.0,69.36
bursa,osmangazi,1992,9,evet,hayir,hafif,konut,emin_degil,buyuk,T,yok,Z4,Yüksek,4.637,26.7,28.73
izmir,konak,1978,7,evet,evet,hafif,konut,var,hafif,L,farkli,Z3,Orta,4.24,23.3,19.82
erzincan,merkez,1998,6,evet,evet,yok,konut,emin_degil,hafif,U,uyumlu,Z4,Orta,4.543,27.0,28.81
istanbul,avcılar,2010,8,hayir,hayir,yok,ofis,yok,yok,dikdortgen,yok,Z4,Düşük,4.363,18.0,17.0
antalya,finike,1988,5,evet,hayir,kolon,okul,var,buyuk,kompleks,yok,Z4,Yüksek,4.37,26.0,19.22
ankara,mamak,2005,11,hayir,hayir,yok,konut,yok,yok,dikdortgen,yok,Z2,Düşük,5.05,44.0,62.78
sakarya,serdivan,1995,4,evet,evet,hafif,konut,var,hafif,T,uyumlu,Z3,Orta,4.123,18.0,16.05
istanbul,fatih,1980,6,evet,evet,kolon,konut,var,buyuk,L,farkli,Z2,Yüksek,4.29,29.6,22.85
izmir,balçova,2000,7,evet,hayir,yok,konut,emin_degil,hafif,dikdortgen,yok,Z4,Orta,4.73,29.4,28.14
bursa,gemlik,2012,10,hayir,hayir,yok,konut,yok,yok,dikdortgen,yok,Z4,Düşük,4.42,30.0,25.01
hatay,iskenderun,1985,8,evet,evet,hafif,hastane,var,buyuk,U,farkli,Z4,Yüksek,4.457,27.3,29.94
istanbul,maltepe,2008,9,hayir,evet,yok,konut,yok,hafif,dikdortgen,uyumlu,Z2,Düşük,4.55,32.4,34.81
adana,çukurova,2015,12,hayir,hayir,yok,konut,yok,yok,dikdortgen,yok,Z2,Düşük,4.8,33.6,34.62
ankara,yenimahalle,1995,7,evet,evet,yok,konut,var,hafif,L,uyumlu,Z3,Orta,4.62,31.0,27.85
istanbul,beşiktaş,1990,5,evet,evet,hafif,konut,emin_degil,hafif,T,uyumlu,Z3,Orta,4.25,26.7,27.19
samsun,canik,2005,6,hayir,hayir,yok,konut,yok,yok,dikdortgen,yok,Z2,Düşük,5.13,43.0,65.92
izmir,buca,1998,8,evet,hayir,yok,konut,var,hafif,dikdortgen,yok,Z2,Düşük,3.9,21.8,12.45
kocaeli,gebze,2015,8,hayir,hayir,yok,konut,yok,yok,dikdortgen,yok,Z2,Düşük,5.13,31.0,38.65
istanbul, Zeytinburnu,1992,7,evet,evet,kolon,konut,var,buyuk,kompleks,farkli,Z3,Yüksek,4.52,28.0,22.26
bursa,yıldırım,2008,5,hayir,hayir,yok,konut,yok,yok,dikdortgen,yok,Z2,Düşük,5.3,45.0,64.75
antalya,demre,2012,3,evet,hayir,yok,konut,yok,yok,dikdortgen,yok,Z4,Düşük,4.85,33.8,35.5
eskişehir,odunpazarı,1985,5,evet,evet,hafif,okul,var,hafif,U,uyumlu,Z2,Orta,3.917,15.0,14.69
istanbul,kartal,2010,14,hayir,hayir,yok,konut,yok,yok,dikdortgen,yok,Z1,Düşük,4.88,36.1,40.21
ankara,gölbaşı,2018,4,hayir,hayir,yok,konut,yok,yok,dikdortgen,yok,Z4,Düşük,4.213,24.7,27.48
izmir,bornova,1990,9,evet,evet,hafif,konut,emin_degil,buyuk,L,farkli,Z4,Yüksek,4.36,25.8,16.18
bursa,keles,2000,2,hayir,hayir,yok,konut,yok,yok,dikdortgen,yok,Z2,Düşük,4.27,22.3,24.94
istanbul,avcılar,1985,7,evet,hayir,kolon,konut,var,buyuk,T,yok,Z4,Yüksek,5.01,50.3,53.8
adana,seyhan,2005,10,hayir,hayir,yok,konut,yok,yok,dikdortgen,yok,Z4,Düşük,4.55,32.4,34.81
manisa,demirci,1995,4,evet,evet,yok,konut,var,hafif,dikdortgen,uyumlu,Z2,Düşük,5.038,47.8,58.06
giresun,alucra,1980,6,evet,hayir,hafif,konut,var,buyuk,L,yok,Z4,Yüksek,4.47,26.0,31.35
istanbul,pendik,1995,6,evet,evet,yok,konut,emin_degil,hafif,U,uyumlu,Z2,Düşük,3.663,15.7,11.16
ankara,çankaya,2015,12,hayir,hayir,yok,ofis,yok,yok,dikdortgen,yok,Z1,Düşük,3.94,20.5,12.16
izmir,karşıyaka,2012,11,hayir,hayir,yok,konut,yok,yok,dikdortgen,yok,Z4,Düşük,5.15,33.0,53.66
bursa,nilüfer,1988,7,evet,evet,kolon,hastane,var,buyuk,kompleks,farkli,Z3,Yüksek,4.62,27.0,20.89
antalya,lara,2005,5,hayir,hayir,yok,konut,yok,yok,dikdortgen,yok,Z1,Düşük,4.62,28.4,24.52
sakarya,merkez,2000,5,evet,hayir,yok,konut,emin_degil,hafif,T,yok,Z4,Orta,4.627,32.0,34.66
istanbul,bakırköy,2018,8,hayir,hayir,yok,konut,yok,yok,dikdortgen,yok,Z4,Düşük,4.937,30.3,51.35
ankara,sincan,1998,7,evet,evet,hafif,konut,var,hafif,L,uyumlu,Z3,Orta,4.44,25.4,18.34
izmir,konak,1985,8,evet,evet,kolon,okul,var,buyuk,U,farkli,Z3,Yüksek,4.91,46.7,46.97
bursa,gemlik,2000,7,evet,hayir,yok,konut,emin_degil,hafif,dikdortgen,yok,Z4,Orta,4.58,29.3,24.52
istanbul,tuzla,2012,10,hayir,hayir,yok,konut,yok,yok,dikdortgen,yok,Z3,Düşük,4.123,18.0,16.05
hatay,antakya,2010,8,hayir,evet,yok,konut,emin_degil,hafif,T,uyumlu,Z4,Düşük,4.6,36.6,34.7
antalya,finike,1995,5,evet,hayir,hafif,konut,var,hafif,L,yok,Z4,Yüksek,4.6,28.0,22.16
kocaeli,izmit,1982,8,evet,evet,kolon,konut,var,buyuk,kompleks,farkli,Z4,Yüksek,4.55,30.0,23.63
istanbul,sarıyer,1995,4,hayir,hayir,yok,konut,yok,yok,dikdortgen,yok,Z1,Düşük,4.093,20.7,19.61
ankara,etimesgut,2015,9,hayir,hayir,yok,konut,yok,yok,dikdortgen,yok,Z4,Düşük,4.4,33.0,25.79
izmir,bayraklı,1990,11,evet,evet,hafif,ofis,var,buyuk,T,farkli,Z4,Yüksek,4.637,26.7,28.73
bursa,osmangazi,2005,10,hayir,hayir,yok,konut,yok,yok,dikdortgen,yok,Z4,Düşük,4.788,31.0,35.28
istanbul,fatih,1990,5,evet,evet,hafif,konut,var,hafif,U,uyumlu,Z2,Düşük,4.42,30.0,25.01
adana,yüreğir,2008,11,hayir,hayir,yok,konut,yok,yok,dikdortgen,yok,Z4,Düşük,4.48,29.1,22.36
eskişehir,merkez,2012,7,hayir,hayir,yok,konut,yok,yok,dikdortgen,yok,Z4,Düşük,4.7,30.7,25.69
samsun,atakum,2008,10,hayir,hayir,yok,konut,yok,yok,dikdortgen,yok,Z3,Düşük,3.92,18.0,13.11
istanbul,avcılar,1995,7,evet,evet,hafif,konut,var,buyuk,L,farkli,Z4,Yüksek,4.7,34.0,29.81
ankara,mamak,2018,9,hayir,hayir,yok,konut,yok,yok,dikdortgen,yok,Z2,Düşük,4.96,44.0,45.74
izmir,balçova,1985,6,evet,evet,kolon,konut,var,buyuk,kompleks,farkli,Z4,Yüksek,5.05,37.2,40.31
bursa,yıldırım,1998,6,evet,hayir,yok,konut,var,hafif,T,yok,Z2,Düşük,4.3,19.0,23.77
istanbul,kadıköy,2015,12,hayir,hayir,yok,ofis,yok,yok,dikdortgen,yok,Z2,Düşük,4.67,31.2,27.26
erzincan,merkez,1990,7,evet,evet,hafif,hastane,var,buyuk,U,farkli,Z4,Yüksek,5.0,41.0,50.01
antalya,konyaaltı,2012,6,hayir,hayir,yok,konut,yok,yok,dikdortgen,yok,Z3,Düşük,5.05,37.1,41.58
sakarya,merkez,1988,5,evet,hayir,kolon,okul,var,buyuk,L,yok,Z4,Yüksek,4.58,24.4,16.67
istanbul, Zeytinburnu,2005,8,hayir,evet,yok,konut,emin_degil,hafif,dikdortgen,uyumlu,Z3,Düşük,4.35,25.5,20.1
ankara,çankaya,2000,8,hayir,evet,yok,konut,yok,hafif,dikdortgen,uyumlu,Z1,Düşük,4.65,30.8,26.77
izmir,buca,1990,6,evet,evet,hafif,konut,var,hafif,T,uyumlu,Z2,Orta,4.65,30.5,27.07
giresun,alucra,2012,5,hayir,hayir,yok,konut,yok,yok,dikdortgen,yok,Z4,Düşük,4.37,26.1,21.57
istanbul,pendik,1988,6,evet,evet,hafif,konut,emin_degil,buyuk,kompleks,farkli,Z2,Yüksek,5.0,37.0,41.78
bursa,gemlik,1992,6,evet,hayir,kolon,konut,var,buyuk,L,yok,Z4,Yüksek,4.17,22.0,14.42
adana,seyhan,2002,10,hayir,evet,yok,konut,emin_degil,hafif,U,uyumlu,Z4,Orta,4.56,29.0,31.02
istanbul,beşiktaş,2015,6,hayir,hayir,yok,konut,yok,yok,dikdortgen,yok,Z3,Düşük,4.385,32.0,30.6
ankara,keçiören,1995,8,evet,hayir,yok,konut,var,hafif,T,yok,Z2,Düşük,4.58,24.4,16.67
istanbul,bakırköy,1985,7,evet,evet,hafif,konut,var,buyuk,L,farkli,Z4,Yüksek,4.43,23.7,23.98
izmir,bayraklı,2018,10,hayir,hayir,yok,ofis,yok,yok,dikdortgen,yok,Z4,Düşük,5.22,41.4,50.01
ankara,etimesgut,1995,8,evet,evet,kolon,konut,var,hafif,U,uyumlu,Z4,Yüksek,4.123,18.0,16.05
bursa,gemlik,1978,5,evet,hayir,hafif,konut,var,buyuk,T,yok,Z4,Yüksek,3.88,14.0,14.61
sakarya,merkez,2008,4,hayir,hayir,yok,konut,yok,yok,dikdortgen,yok,Z4,Düşük,4.26,28.0,22.85
giresun,alucra,1992,6,evet,hayir,yok,okul,emin_degil,hafif,kompleks,yok,Z4,Orta,4.77,36.1,38.83
antalya,lara,2021,5,hayir,hayir,yok,konut,yok,yok,dikdortgen,yok,Z1,Düşük,4.62,31.9,28.14
hatay,antakya,1988,7,evet,evet,hafif,hastane,var,buyuk,L,farkli,Z4,Yüksek,4.7,46.9,49.2
kocaeli,izmit,1990,8,evet,hayir,yok,konut,emin_degil,hafif,U,yok,Z4,Orta,4.22,22.7,22.54
istanbul,avcılar,2005,6,hayir,evet,yok,konut,yok,yok,dikdortgen,uyumlu,Z4,Düşük,4.14,21.9,15.0
eskişehir,odunpazarı,2015,4,hayir,hayir,yok,konut,yok,yok,dikdortgen,yok,Z2,Düşük,4.45,30.0,27.46
adana,seyhan,1982,11,evet,hayir,kolon,ofis,var,buyuk,T,yok,Z4,Yüksek,4.457,27.3,29.94
manisa,demirci,1998,5,evet,evet,yok,konut,var,hafif,L,uyumlu,Z2,Düşük,4.881,31.4,43.24
izmir,bornova,2005,12,hayir,hayir,yok,konut,yok,yok,dikdortgen,yok,Z4,Düşük,4.596,42.0,38.4
istanbul,tuzla,1992,6,evet,evet,yok,konut,emin_degil,hafif,U,uyumlu,Z3,Orta,4.53,27.3,30.3
ankara,mamak,2010,9,hayir,hayir,yok,konut,yok,yok,dikdortgen,yok,Z2,Düşük,5.119,37.9,58.07
bursa,nilüfer,1998,7,evet,evet,hafif,konut,var,hafif,kompleks,uyumlu,Z3,Orta,4.63,29.7,24.32
antalya,konyaaltı,2012,8,hayir,hayir,yok,konut,yok,yok,dikdortgen,yok,Z3,Düşük,3.943,18.0,17.9
istanbul,kadıköy,1975,8,evet,evet,kolon,konut,var,buyuk,L,farkli,Z2,Yüksek,4.7,34.0,28.76
samsun,bafra,2000,5,hayir,hayir,yok,konut,yok,yok,dikdortgen,yok,Z4,Düşük,4.45,30.9,27.46
izmir,karşıyaka,1988,9,evet,evet,hafif,konut,emin_degil,buyuk,T,farkli,Z4,Yüksek,4.56,29.0,31.02
tekirdağ,çorlu,2018,6,hayir,hayir,yok,konut,yok,yok,dikdortgen,yok,Z2,Düşük,4.723,33.7,33.73
ankara,keçiören,1995,8,hayir,evet,yok,konut,var,hafif,dikdortgen,uyumlu,Z2,Düşük,4.98,38.0,46.7
istanbul,pendik,2008,10,hayir,hayir,yok,ofis,yok,yok,dikdortgen,yok,Z2,Düşük,4.45,28.0,24.42
adana,yüreğir,1990,9,evet,evet,hafif,konut,var,buyuk,kompleks,farkli,Z4,Yüksek,4.35,24.3,15.89
erzincan,merkez,2002,5,evet,hayir,yok,konut,yok,hafif,U,yok,Z4,Orta,4.96,37.3,40.99
istanbul,sarıyer,2010,4,hayir,hayir,yok,konut,yok,yok,dikdortgen,yok,Z1,Düşük,4.69,37.5,33.89
bursa,osmangazi,1985,8,evet,evet,kolon,hastane,var,buyuk,L,farkli,Z4,Yüksek,5.0,37.0,41.78
izmir,konak,1992,7,evet,evet,hafif,konut,emin_degil,hafif,T,uyumlu,Z3,Orta,4.65,30.5,27.07
hatay,iskenderun,1980,10,evet,evet,kolon,konut,var,buyuk,U,farkli,Z4,Yüksek,4.47,26.0,31.35
ankara,sincan,2012,8,hayir,hayir,yok,konut,yok,yok,dikdortgen,yok,Z3,Düşük,4.8,32.2,38.21
istanbul,maltepe,1998,6,evet,evet,yok,konut,var,hafif,dikdortgen,uyumlu,Z2,Düşük,3.87,18.3,14.14
antalya,finike,1995,5,evet,hayir,hafif,okul,var,hafif,L,yok,Z4,Yüksek,4.65,30.8,26.77
sakarya,serdivan,2015,4,hayir,hayir,yok,konut,yok,yok,dikdortgen,yok,Z3,Düşük,4.093,20.7,19.61
istanbul,beşiktaş,1982,5,evet,evet,hafif,konut,emin_degil,buyuk,kompleks,farkli,Z3,Yüksek,4.55,33.0,36.19
bursa,keles,1995,3,hayir,hayir,yok,konut,yok,yok,dikdortgen,yok,Z2,Düşük,4.397,20.7,19.41
izmir,balçova,1990,7,evet,evet,hafif,konut,var,buyuk,T,farkli,Z4,Yüksek,4.8,55.5,56.9
ankara,çankaya,2012,12,hayir,hayir,yok,ofis,yok,yok,dikdortgen,yok,Z1,Düşük,3.92,18.0,13.11
samsun,canik,2005,6,hayir,hayir,yok,konut,yok,yok,dikdortgen,yok,Z2,Düşük,4.77,37.1,39.72
istanbul,fatih,1988,6,evet,evet,kolon,konut,var,hafif,L,uyumlu,Z2,Yüksek,4.779,30.5,42.51
adana,çukurova,2015,14,hayir,hayir,yok,konut,yok,yok,dikdortgen,yok,Z2,Düşük,4.81,34.6,41.97
kayseri,melikgazi,2002,9,hayir,evet,yok,konut,var,hafif,U,uyumlu,Z2,Düşük,4.53,25.4,20.1
istanbul, Zeytinburnu,1995,7,evet,evet,hafif,konut,emin_degil,hafif,dikdortgen,farkli,Z3,Orta,4.423,29.3,33.34
izmir,buca,2010,8,hayir,hayir,yok,konut,yok,yok,dikdortgen,yok,Z2,Düşük,4.76,32.2,32.36
ankara,yenimahalle,2000,7,hayir,evet,yok,konut,var,hafif,L,uyumlu,Z3,Düşük,4.61,30.0,28.14
bursa,yıldırım,2015,5,hayir,hayir,yok,konut,yok,yok,dikdortgen,yok,Z2,Düşük,4.69,30.0,28.44
istanbul,kartal,2012,15,hayir,hayir,yok,konut,yok,yok,dikdortgen,yok,Z1,Düşük,4.45,30.9,26.58
giresun,alucra,1980,5,evet,hayir,kolon,konut,var,buyuk,T,yok,Z4,Yüksek,4.77,34.0,36.83
eskişehir,merkez,1990,8,evet,evet,hafif,konut,var,hafif,kompleks,farkli,Z4,Yüksek,5.22,53.5,58.93
istanbul,avcılar,2018,6,hayir,hayir,yok,konut,yok,yok,dikdortgen,yok,Z4,Düşük,4.73,29.4,28.14
antalya,demre,2008,3,evet,hayir,yok,konut,yok,yok,dikdortgen,yok,Z4,Düşük,4.66,31.0,30.11
kocaeli,gebze,2005,7,hayir,evet,yok,konut,var,hafif,U,uyumlu,Z2,Düşük,4.73,30.0,25.3
samsun,çarşamba,1992,5,evet,hayir,hafif,okul,var,hafif,L,yok,Z4,Yüksek,5.05,37.1,41.58
izmir,bayraklı,2000,10,hayir,hayir,yok,ofis,yok,yok,dikdortgen,yok,Z4,Düşük,4.18,22.0,19.92
ankara,gölbaşı,2015,4,hayir,hayir,yok,konut,yok,yok,dikdortgen,yok,Z4,Düşük,4.66,33.3,29.32
bursa,gemlik,1995,6,evet,hayir,hafif,konut,var,hafif,dikdortgen,yok,Z4,Orta,4.78,38.4,36.15
istanbul,bakırköy,1970,9,evet,evet,kolon,hastane,var,buyuk,T,farkli,Z4,Yüksek,4.287,20.7,19.73
hatay,antakya,2010,8,hayir,evet,yok,konut,emin_degil,hafif,L,uyumlu,Z4,Düşük,5.047,49.4,66.86
antalya,lara,2018,6,hayir,hayir,yok,konut,yok,yok,dikdortgen,yok,Z1,Düşük,4.45,32.0,31.39
sakarya,merkez,1992,5,evet,evet,kolon,konut,var,buyuk,kompleks,farkli,Z4,Yüksek,3.91,17.3,12.82
istanbul,tuzla,2015,11,hayir,hayir,yok,konut,yok,yok,dikdortgen,yok,Z3,Düşük,4.23,24.3,21.83
izmir,karşıyaka,2005,10,hayir,hayir,yok,konut,yok,yok,dikdortgen,yok,Z4,Düşük,4.57,37.9,32.26
ankara,etimesgut,2000,9,hayir,evet,yok,konut,var,hafif,U,uyumlu,Z4,Orta,4.45,31.0,27.46
bursa,nilüfer,1985,7,evet,evet,hafif,konut,emin_degil,buyuk,L,farkli,Z3,Yüksek,4.36,25.8,16.18
istanbul,pendik,1995,6,evet,evet,hafif,konut,var,hafif,T,uyumlu,Z2,Orta,4.443,27.0,26.44
adana,yüreğir,2012,12,hayir,hayir,yok,ofis,yok,yok,dikdortgen,yok,Z4,Düşük,4.27,22.3,24.94
muğla,datça,2015,2,hayir,hayir,yok,konut,yok,yok,dikdortgen,yok,Z1,Düşük,4.12,20.7,20.34
konya,selçuklu,1998,9,evet,hayir,yok,konut,var,hafif,kompleks,yok,Z3,Orta,4.28,28.3,23.14
istanbul,avcılar,1985,8,evet,hayir,kolon,konut,var,buyuk,L,yok,Z4,Yüksek,4.8,38.1,40.4
izmir,bornova,2012,14,hayir,hayir,yok,konut,yok,yok,dikdortgen,yok,Z4,Düşük,4.72,33.8,33.93
ankara,keçiören,2008,7,hayir,evet,yok,konut,yok,hafif,dikdortgen,uyumlu,Z2,Düşük,4.62,27.0,20.89
samsun,atakum,2010,12,hayir,hayir,yok,konut,yok,yok,dikdortgen,yok,Z3,Düşük,4.25,23.1,23.3
istanbul,sarıyer,1998,4,hayir,hayir,yok,konut,yok,yok,dikdortgen,yok,Z1,Düşük,5.22,41.5,50.21
bursa,osmangazi,2005,11,hayir,hayir,yok,konut,yok,yok,dikdortgen,yok,Z4,Düşük,4.3,26.3,27.0
adana,seyhan,1990,9,evet,evet,hafif,konut,var,buyuk,T,farkli,Z4,Yüksek,4.35,27.0,20.4
giresun,alucra,2018,5,hayir,hayir,yok,konut,yok,yok,dikdortgen,yok,Z4,Düşük,4.32,28.2,23.34
izmir,konak,1988,8,evet,evet,kolon,okul,var,buyuk,U,farkli,Z3,Yüksek,3.87,18.3,14.14
istanbul,beşiktaş,2010,6,hayir,evet,yok,konut,yok,hafif,L,uyumlu,Z3,Düşük,3.987,19.0,14.99
ankara,mamak,2000,8,hayir,evet,yok,konut,var,hafif,dikdortgen,uyumlu,Z2,Düşük,4.45,24.6,16.67
kocaeli,izmit,1980,7,evet,evet,kolon,hastane,var,buyuk,kompleks,farkli,Z4,Yüksek,4.58,26.6,22.16
istanbul,avcılar,2002,5,hayir,evet,yok,konut,emin_degil,hafif,T,uyumlu,Z4,Düşük,4.11,29.0,24.52
antalya,lara,1992,5,evet,hayir,yok,konut,yok,yok,dikdortgen,yok,Z1,Düşük,4.95,36.2,39.72
bursa,gemlik,1975,6,evet,evet,hafif,konut,var,buyuk,U,farkli,Z4,Yüksek,4.73,29.4,28.14
izmir,balçova,2005,7,hayir,hayir,yok,konut,yok,yok,dikdortgen,yok,Z4,Düşük,4.2,20.0,18.03
ankara,çankaya,2018,10,hayir,hayir,yok,ofis,yok,yok,dikdortgen,yok,Z1,Düşük,4.26,28.5,22.16
istanbul,kadıköy,1990,7,evet,evet,hafif,konut,var,hafif,L,uyumlu,Z2,Düşük,4.73,30.0,25.3
sakarya,merkez,2008,6,hayir,evet,yok,konut,var,hafif,dikdortgen,uyumlu,Z4,Düşük,4.596,42.0,38.4
hatay,antakya,1995,8,evet,evet,kolon,konut,var,buyuk,T,farkli,Z4,Yüksek,4.327,17.7,19.48
antalya,finike,2020,4,hayir,hayir,yok,konut,yok,yok,dikdortgen,yok,Z4,Düşük,3.753,18.0,12.91
eskişehir,odunpazarı,1995,5,evet,hayir,yok,konut,var,hafif,U,yok,Z2,Düşük,4.6,33.0,24.47
istanbul,fatih,1982,5,evet,evet,hafif,konut,var,hafif,kompleks,farkli,Z2,Yüksek,4.92,35.5,43.64
ankara,sincan,2002,8,hayir,evet,yok,konut,var,hafif,L,uyumlu,Z3,Düşük,4.75,34.6,33.93
izmir,bornova,2015,10,hayir,hayir,yok,ofis,yok,yok,dikdortgen,yok,Z4,Düşük,5.32,32.0,51.7
bursa,keles,2005,3,hayir,hayir,yok,konut,yok,yok,dikdortgen,yok,Z2,Düşük,4.33,22.0,23.31
istanbul, Zeytinburnu,1988,7,evet,evet,kolon,konut,var,buyuk,T,farkli,Z3,Yüksek,4.62,30.8,28.93
bursa,gemlik,1992,6,evet,hayir,kolon,konut,var,buyuk,L,yok,Z4,Yüksek,4.96,33.1,30.38
izmir,konak,1985,9,evet,evet,hafif,ofis,var,hafif,T,farkli,Z3,Yüksek,4.7,34.0,28.76
ankara,etimesgut,2010,8,hayir,evet,yok,konut,yok,yok,dikdortgen,uyumlu,Z4,Düşük,4.95,36.2,39.72
istanbul,avcılar,1988,7,evet,evet,hafif,konut,emin_degil,buyuk,U,farkli,Z4,Yüksek,4.55,29.4,24.03
antalya,lara,2018,5,hayir,hayir,yok,konut,yok,yok,dikdortgen,yok,Z1,Düşük,5.0,37.0,41.78
sakarya,merkez,2002,4,evet,hayir,yok,konut,yok,hafif,dikdortgen,yok,Z4,Orta,4.92,35.2,44.33
giresun,alucra,1975,5,evet,hayir,kolon,okul,var,buyuk,kompleks,yok,Z4,Yüksek,5.22,43.0,58.37
kocaeli,izmit,1995,8,evet,evet,hafif,konut,var,hafif,L,uyumlu,Z4,Yüksek,4.695,29.3,35.58
istanbul,pendik,2012,11,hayir,hayir,yok,ofis,yok,yok,dikdortgen,yok,Z2,Düşük,4.24,23.3,19.82
adana,yüreğir,2008,10,hayir,hayir,yok,konut,yok,yok,dikdortgen,yok,Z4,Düşük,4.67,31.2,27.26
eskişehir,merkez,1990,7,evet,evet,hafif,konut,emin_degil,buyuk,T,farkli,Z4,Yüksek,4.327,17.7,19.48
hatay,antakya,1982,6,evet,evet,kolon,hastane,var,buyuk,U,farkli,Z4,Yüksek,4.14,21.9,15.0
ankara,sincan,2005,9,hayir,evet,yok,konut,var,hafif,L,uyumlu,Z3,Orta,3.963,25.0,20.3
izmir,bornova,2015,13,hayir,hayir,yok,konut,yok,yok,dikdortgen,yok,Z4,Düşük,5.05,38.2,43.25
bursa,nilüfer,1998,8,evet,evet,hafif,konut,var,hafif,kompleks,uyumlu,Z3,Orta,4.397,20.7,19.41
istanbul,tuzla,2010,6,hayir,hayir,yok,konut,yok,yok,dikdortgen,yok,Z3,Düşük,5.0,41.0,50.41
samsun,atakum,2018,11,hayir,hayir,yok,konut,yok,yok,dikdortgen,yok,Z3,Düşük,5.1,39.0,43.44
adana,seyhan,1985,10,evet,evet,kolon,konut,var,buyuk,L,farkli,Z4,Yüksek,4.788,31.0,35.28
antalya,konyaaltı,2012,7,hayir,hayir,yok,konut,yok,yok,dikdortgen,yok,Z3,Düşük,4.25,26.7,27.19
istanbul,kadıköy,1995,8,evet,evet,hafif,konut,emin_degil,hafif,T,uyumlu,Z2,Orta,4.327,17.7,19.48
manisa,demirci,1988,4,evet,hayir,yok,konut,var,hafif,U,yok,Z2,Düşük,5.19,41.0,69.36
bursa,yıldırım,2005,5,hayir,hayir,yok,konut,yok,yok,dikdortgen,yok,Z2,Düşük,5.15,51.3,54.22
izmir,karşıyaka,1992,9,evet,evet,hafif,konut,var,buyuk,dikdortgen,farkli,Z4,Yüksek,4.26,28.0,22.85
ankara,mamak,2000,8,hayir,evet,yok,konut,var,hafif,L,uyumlu,Z2,Düşük,4.69,30.0,26.18
istanbul,sarıyer,2008,4,hayir,hayir,yok,konut,yok,yok,dikdortgen,yok,Z1,Düşük,4.157,23.0,21.41
erzincan,merkez,1998,6,evet,evet,hafif,konut,emin_degil,buyuk,T,farkli,Z4,Yüksek,4.627,32.0,34.66
kocaeli,gebze,2015,8,hayir,hayir,yok,konut,yok,yok,dikdortgen,yok,Z2,Düşük,4.784,24.1,26.09
istanbul,bakırköy,1978,7,evet,evet,kolon,konut,var,buyuk,kompleks,farkli,Z4,Yüksek,4.157,23.0,21.41
hatay,iskenderun,2005,9,evet,hayir,yok,konut,emin_degil,hafif,L,yok,Z4,Orta,4.31,24.4,15.3
bursa,osmangazi,1990,8,evet,evet,hafif,konut,var,buyuk,U,farkli,Z4,Yüksek,4.53,27.3,30.3
izmir,bayraklı,2018,12,hayir,hayir,yok,ofis,yok,yok,dikdortgen,yok,Z4,Düşük,4.41,29.6,32.9
ankara,keçiören,2012,9,hayir,hayir,yok,konut,yok,yok,dikdortgen,yok,Z2,Düşük,3.91,17.3,12.82
istanbul, Zeytinburnu,1995,6,evet,evet,yok,konut,emin_degil,hafif,T,uyumlu,Z3,Orta,4.55,27.4,22.36
giresun,alucra,1985,5,evet,hayir,hafif,okul,var,buyuk,dikdortgen,yok,Z4,Yüksek,4.4,32.0,22.61
antalya,demre,2010,3,evet,hayir,yok,konut,yok,yok,dikdortgen,yok,Z4,Düşük,4.537,23.0,27.6
bursa,keles,2002,2,hayir,hayir,yok,konut,yok,yok,dikdortgen,yok,Z2,Düşük,4.32,28.2,23.34
adana,çukurova,2020,13,hayir,hayir,yok,konut,yok,yok,dikdortgen,yok,Z2,Düşük,4.253,22.7,23.9
istanbul,avcılar,1999,7,evet,hayir,hafif,konut,emin_degil,hafif,L,yok,Z4,Yüksek,4.8,36.0,41.76
izmir,balçova,1988,6,evet,evet,kolon,konut,var,buyuk,U,farkli,Z4,Yüksek,4.89,43.5,43.67
ankara,yenimahalle,2008,8,hayir,evet,yok,konut,yok,hafif,dikdortgen,uyumlu,Z3,Düşük,4.19,23.5,14.42
sakarya,serdivan,1995,5,evet,hayir,hafif,konut,var,hafif,kompleks,yok,Z3,Orta,4.17,21.8,15.49
istanbul,fatih,1982,5,evet,evet,hafif,konut,var,hafif,T,farkli,Z2,Yüksek,4.52,32.6,30.3
bursa,gemlik,2010,8,hayir,hayir,yok,konut,yok,yok,dikdortgen,yok,Z4,Düşük,5.047,49.4,66.86
antalya,finike,1992,4,evet,hayir,kolon,konut,var,buyuk,L,yok,Z4,Yüksek,4.59,30.8,25.69
eskişehir,odunpazarı,2005,6,hayir,evet,yok,konut,yok,hafif,U,uyumlu,Z2,Düşük,4.7,46.9,49.2
istanbul,beşiktaş,2015,6,hayir,hayir,yok,konut,yok,yok,dikdortgen,yok,Z3,Düşük,4.61,26.4,20.2
izmir,buca,2000,7,hayir,evet,yok,konut,var,hafif,dikdortgen,uyumlu,Z2,Düşük,4.88,36.1,40.21
ankara,çankaya,2010,11,hayir,hayir,yok,ofis,yok,yok,dikdortgen,yok,Z1,Düşük,3.987,19.0,14.99
istanbul,maltepe,1992,6,evet,evet,yok,konut,emin_degil,hafif,L,uyumlu,Z2,Düşük,4.29,28.0,23.73
samsun,canik,1998,5,evet,hayir,yok,konut,var,hafif,T,yok,Z2,Düşük,4.22,21.9,14.32
adana,yüreğir,2015,11,hayir,hayir,yok,konut,yok,yok,dikdortgen,yok,Z4,Düşük,4.55,27.0,20.3
konya,selçuklu,2008,9,hayir,hayir,yok,konut,var,hafif,kompleks,yok,Z3,Orta,4.35,28.4,19.81
muğla,datça,2018,2,hayir,hayir,yok,konut,yok,yok,dikdortgen,yok,Z1,Düşük,4.08,19.0,19.82
istanbul,kartal,2012,14,hayir,hayir,yok,konut,yok,yok,dikdortgen,yok,Z1,Düşük,4.407,26.3,32.273
bursa,nilüfer,1992,7,evet,evet,hafif,konut,emin_degil,buyuk,L,farkli,Z3,Yüksek,4.48,28.6,23.05
izmir,bornova,1995,10,evet,evet,kolon,hastane,var,buyuk,U,farkli,Z4,Yüksek,4.96,38.5,41.68
ankara,gölbaşı,2012,4,hayir,hayir,yok,konut,yok,yok,dikdortgen,yok,Z4,Düşük,5.3,43.0,68.87
samsun,çarşamba,1985,5,evet,hayir,hafif,okul,var,hafif,T,yok,Z4,Yüksek,4.22,21.3,22.94
istanbul,avcılar,2015,6,hayir,hayir,yok,konut,yok,yok,dikdortgen,yok,Z4,Düşük,4.29,28.0,23.54
tekirdağ,marmaraereğlisi,2000,4,hayir,evet,yok,konut,var,hafif,dikdortgen,uyumlu,Z3,Düşük,4.93,43.8,44.75
izmir,karşıyaka,2008,10,hayir,hayir,yok,konut,yok,yok,dikdortgen,yok,Z4,Düşük,3.753,18.0,12.91
bursa,osmangazi,1975,8,evet,evet,kolon,konut,var,buyuk,kompleks,farkli,Z4,Yüksek,4.8,37.3,38.25
antalya,lara,2000,5,hayir,hayir,yok,konut,yok,yok,dikdortgen,yok,Z1,Düşük,5.22,53.5,58.93
sakarya,merkez,1990,5,evet,hayir,hafif,konut,var,buyuk,L,yok,Z4,Yüksek,5.32,32.0,51.7
istanbul,pendik,1998,7,evet,evet,yok,konut,emin_degil,hafif,T,uyumlu,Z2,Orta,5.2,44.0,65.83
ankara,etimesgut,2002,8,hayir,evet,yok,konut,var,hafif,U,uyumlu,Z4,Orta,4.3,32.0,24.07
izmir,konak,1980,7,evet,evet,hafif,konut,var,hafif,L,farkli,Z3,Orta,4.51,25.4,16.67
bursa,gemlik,1988,6,evet,evet,hafif,konut,var,buyuk,T,farkli,Z4,Yüksek,5.119,46.8,47.99
istanbul, Zeytinburnu,2002,7,hayir,evet,yok,konut,emin_degil,hafif,dikdortgen,uyumlu,Z3,Düşük,4.45,31.0,27.46
adana,seyhan,2012,11,hayir,hayir,yok,konut,yok,yok,dikdortgen,yok,Z4,Düşük,4.8,36.0,41.76
eskişehir,merkez,1985,8,evet,evet,kolon,hastane,var,buyuk,kompleks,farkli,Z4,Yüksek,4.397,20.7,19.41
hatay,antakya,2008,9,hayir,evet,yok,konut,emin_degil,hafif,L,uyumlu,Z4,Orta,5.166,50.9,68.6
istanbul,bakırköy,2015,10,hayir,hayir,yok,ofis,yok,yok,dikdortgen,yok,Z4,Düşük,4.85,35.2,39.72
antalya,konyaaltı,2005,6,evet,hayir,yok,konut,var,hafif,U,yok,Z3,Orta,5.2,36.0,59.35
bursa,yıldırım,1992,5,evet,hayir,yok,konut,var,hafif,T,yok,Z2,Düşük,5.089,45.4,48.81
izmir,bayraklı,1990,11,evet,evet,hafif,konut,var,buyuk,kompleks,farkli,Z4,Yüksek,4.2,28.2,21.38
ankara,mamak,2015,10,hayir,hayir,yok,konut,yok,yok,dikdortgen,yok,Z2,Düşük,3.73,18.7,13.02
giresun,alucra,1998,5,evet,hayir,yok,konut,emin_degil,hafif,L,yok,Z4,Orta,4.2,24.5,15.89
istanbul,avcılar,1985,8,evet,hayir,kolon,konut,var,buyuk,T,yok,Z4,Yüksek,4.45,32.0,31.39
samsun,bafra,2010,6,hayir,hayir,yok,konut,yok,yok,dikdortgen,yok,Z4,Düşük,4.96,38.3,40.99
izmir,balçova,1995,7,evet,evet,hafif,konut,var,buyuk,U,farkli,Z4,Yüksek,4.64,29.0,28.44
bursa,nilüfer,2012,8,hayir,hayir,yok,konut,yok,yok,dikdortgen,yok,Z3,Düşük,4.35,37.9,39.4
istanbul,kadıköy,1988,8,evet,evet,yok,konut,emin_degil,hafif,L,uyumlu,Z2,Düşük,5.22,41.4,50.01
ankara,sincan,1995,7,evet,evet,hafif,konut,var,hafif,T,uyumlu,Z3,Orta,4.033,16.3,15.53
adana,yüreğir,1982,10,evet,hayir,kolon,okul,var,buyuk,kompleks,yok,Z4,Yüksek,4.307,18.7,16.99
istanbul,tuzla,2015,9,hayir,hayir,yok,konut,yok,yok,dikdortgen,yok,Z3,Düşük,5.22,41.4,50.01
izmir,buca,2008,7,hayir,evet,yok,konut,var,hafif,U,uyumlu,Z2,Düşük,4.93,30.0,37.47
bursa,gemlik,1992,6,evet,hayir,kolon,konut,var,buyuk,L,yok,Z4,Yüksek,4.51,27.2,23.3
antalya,lara,2022,4,hayir,hayir,yok,konut,yok,yok,dikdortgen,yok,Z1,Düşük,4.7,46.9,49.2
sakarya,merkez,2000,5,evet,hayir,yok,konut,emin_degil,hafif,T,yok,Z4,Orta,4.5,32.7,27.92
istanbul,avcılar,2008,6,evet,evet,yok,konut,emin_degil,hafif,dikdortgen,uyumlu,Z4,Orta,4.96,37.3,41.19
ankara,çankaya,1995,7,hayir,evet,yok,konut,yok,hafif,dikdortgen,uyumlu,Z1,Düşük,4.18,22.0,19.92
izmir,bornova,2012,13,hayir,hayir,yok,konut,yok,yok,dikdortgen,yok,Z4,Düşük,5.22,41.4,50.01
bursa,keles,2005,3,hayir,hayir,yok,konut,yok,yok,dikdortgen,yok,Z2,Düşük,3.94,21.3,18.65
istanbul,pendik,1990,6,evet,evet,hafif,konut,emin_degil,hafif,U,uyumlu,Z2,Orta,4.88,32.8,34.62
adana,seyhan,2002,10,hayir,evet,yok,konut,emin_degil,hafif,T,uyumlu,Z4,Orta,5.119,37.9,58.07
eskişehir,odunpazarı,1980,5,evet,hayir,kolon,hastane,var,buyuk,L,yok,Z2,Yüksek,4.7,34.0,29.81
bursa,gemlik,1992,6,evet,hayir,kolon,konut,var,buyuk,L,yok,Z4,Yüksek,4.88,34.4,42.95
izmir,konak,1985,9,evet,evet,hafif,ofis,var,hafif,T,farkli,Z3,Yüksek,4.18,22.8,15.0
ankara,etimesgut,2010,8,hayir,evet,yok,konut,yok,yok,dikdortgen,uyumlu,Z4,Düşük,4.333,28.7,36.33
istanbul,avcılar,1988,7,evet,evet,hafif,konut,emin_degil,buyuk,U,farkli,Z4,Yüksek,4.123,19.0,16.74
antalya,lara,2018,5,hayir,hayir,yok,konut,yok,yok,dikdortgen,yok,Z1,Düşük,4.8,33.5,34.32
sakarya,merkez,2002,4,evet,hayir,yok,konut,yok,hafif,dikdortgen,yok,Z4,Orta,4.58,26.6,22.16
giresun,alucra,1975,5,evet,hayir,kolon,okul,var,buyuk,kompleks,yok,Z4,Yüksek,4.38,23.3,28.94
kocaeli,izmit,1995,8,evet,evet,hafif,konut,var,hafif,L,uyumlu,Z4,Yüksek,5.22,41.5,50.01
istanbul,pendik,2012,11,hayir,hayir,yok,ofis,yok,yok,dikdortgen,yok,Z2,Düşük,4.18,18.3,18.11
adana,yüreğir,2008,10,hayir,hayir,yok,konut,yok,yok,dikdortgen,yok,Z4,Düşük,4.57,37.9,32.26
eskişehir,merkez,1990,7,evet,evet,hafif,konut,emin_degil,buyuk,T,farkli,Z4,Yüksek,4.78,37.2,39.72
hatay,antakya,1982,6,evet,evet,kolon,hastane,var,buyuk,U,farkli,Z4,Yüksek,5.01,50.3,53.8
ankara,sincan,2005,9,hayir,evet,yok,konut,var,hafif,L,uyumlu,Z3,Orta,4.32,27.3,19.22
izmir,bornova,2015,13,hayir,hayir,yok,konut,yok,yok,dikdortgen,yok,Z4,Düşük,3.987,19.0,14.99
bursa,nilüfer,1998,8,evet,evet,hafif,konut,var,hafif,kompleks,uyumlu,Z3,Orta,4.48,29.1,22.36
istanbul,tuzla,2010,6,hayir,hayir,yok,konut,yok,yok,dikdortgen,yok,Z3,Düşük,4.75,34.6,33.93
samsun,atakum,2018,11,hayir,hayir,yok,konut,yok,yok,dikdortgen,yok,Z3,Düşük,3.76,20.3,16.45
adana,seyhan,1985,10,evet,evet,kolon,konut,var,buyuk,L,farkli,Z4,Yüksek,4.29,28.0,23.54
antalya,konyaaltı,2012,7,hayir,hayir,yok,konut,yok,yok,dikdortgen,yok,Z3,Düşük,4.39,31.0,28.18
istanbul,kadıköy,1995,8,evet,evet,hafif,konut,emin_degil,hafif,T,uyumlu,Z2,Orta,4.54,26.0,18.34
manisa,demirci,1988,4,evet,hayir,yok,konut,var,hafif,U,yok,Z2,Düşük,4.393,18.0,19.32
bursa,yıldırım,2005,5,hayir,hayir,yok,konut,yok,yok,dikdortgen,yok,Z2,Düşük,4.75,33.9,33.05
izmir,karşıyaka,1992,9,evet,evet,hafif,konut,var,buyuk,dikdortgen,farkli,Z4,Yüksek,4.28,21.0,27.02
ankara,mamak,2000,8,hayir,evet,yok,konut,var,hafif,L,uyumlu,Z2,Düşük,4.97,48.4,52.12
istanbul,sarıyer,2008,4,hayir,hayir,yok,konut,yok,yok,dikdortgen,yok,Z1,Düşük,4.55,28.0,24.22
erzincan,merkez,1998,6,evet,evet,hafif,konut,emin_degil,buyuk,T,farkli,Z4,Yüksek,3.943,18.0,17.9
kocaeli,gebze,2015,8,hayir,hayir,yok,konut,yok,yok,dikdortgen,yok,Z2,Düşük,4.66,33.3,29.32
istanbul,bakırköy,1978,7,evet,evet,kolon,konut,var,buyuk,kompleks,farkli,Z4,Yüksek,4.54,26.0,19.12
hatay,iskenderun,2005,9,evet,hayir,yok,konut,emin_degil,hafif,L,yok,Z4,Orta,4.51,27.0,27.73
bursa,osmangazi,1990,8,evet,evet,hafif,konut,var,buyuk,U,farkli,Z4,Yüksek,4.5,28.0,22.26
izmir,bayraklı,2018,12,hayir,hayir,yok,ofis,yok,yok,dikdortgen,yok,Z4,Düşük,4.62,28.4,24.52
ankara,keçiören,2012,9,hayir,hayir,yok,konut,yok,yok,dikdortgen,yok,Z2,Düşük,4.92,36.2,39.91
istanbul, Zeytinburnu,1995,6,evet,evet,yok,konut,emin_degil,hafif,T,uyumlu,Z3,Orta,4.52,28.0,23.14
giresun,alucra,1985,5,evet,hayir,hafif,okul,var,buyuk,dikdortgen,yok,Z4,Yüksek,4.15,23.5,16.18
antalya,demre,2010,3,evet,hayir,yok,konut,yok,yok,dikdortgen,yok,Z4,Düşük,4.4,33.0,25.79
bursa,keles,2002,2,hayir,hayir,yok,konut,yok,yok,dikdortgen,yok,Z2,Düşük,5.1,39.0,43.44
adana,çukurova,2020,13,hayir,hayir,yok,konut,yok,yok,dikdortgen,yok,Z2,Düşük,4.45,29.2,22.56
istanbul,avcılar,1999,7,evet,hayir,hafif,konut,emin_degil,hafif,L,yok,Z4,Yüksek,4.44,25.4,18.34
izmir,balçova,1988,6,evet,evet,kolon,konut,var,buyuk,U,farkli,Z4,Yüksek,4.55,33.8,35.3
ankara,yenimahalle,2008,8,hayir,evet,yok,konut,yok,hafif,dikdortgen,uyumlu,Z3,Düşük,4.75,33.9,33.05
sakarya,serdivan,1995,5,evet,hayir,hafif,konut,var,hafif,kompleks,yok,Z3,Orta,4.37,26.0,19.22
istanbul,fatih,1982,5,evet,evet,hafif,konut,var,hafif,T,farkli,Z2,Yüksek,4.55,28.0,24.22
bursa,gemlik,2010,8,hayir,hayir,yok,konut,yok,yok,dikdortgen,yok,Z4,Düşük,4.407,26.7,25.6
antalya,finike,1992,4,evet,hayir,kolon,konut,var,buyuk,L,yok,Z4,Yüksek,4.23,24.3,21.83
eskişehir,odunpazarı,2005,6,hayir,evet,yok,konut,yok,hafif,U,uyumlu,Z2,Düşük,4.25,25.0,17.36
istanbul,beşiktaş,2015,6,hayir,hayir,yok,konut,yok,yok,dikdortgen,yok,Z3,Düşük,4.91,46.7,46.97
izmir,buca,2000,7,hayir,evet,yok,konut,var,hafif,dikdortgen,uyumlu,Z2,Düşük,5.21,43.0,71.51
ankara,çankaya,2010,11,hayir,hayir,yok,ofis,yok,yok,dikdortgen,yok,Z1,Düşük,4.95,39.0,51.27
istanbul,maltepe,1992,6,evet,evet,yok,konut,emin_degil,hafif,L,uyumlu,Z2,Düşük,4.293,25.7,31.74
samsun,canik,1998,5,evet,hayir,yok,konut,var,hafif,T,yok,Z2,Düşük,4.293,25.7,31.74
adana,yüreğir,2015,11,hayir,hayir,yok,konut,yok,yok,dikdortgen,yok,Z4,Düşük,4.52,32.6,30.3
konya,selçuklu,2008,9,hayir,hayir,yok,konut,var,hafif,kompleks,yok,Z3,Orta,5.01,50.3,53.8
muğla,datça,2018,2,hayir,hayir,yok,konut,yok,yok,dikdortgen,yok,Z1,Düşük,4.49,43.5,41.5
istanbul,kartal,2012,14,hayir,hayir,yok,konut,yok,yok,dikdortgen,yok,Z1,Düşük,4.32,20.7,23.69
bursa,nilüfer,1992,7,evet,evet,hafif,konut,emin_degil,buyuk,L,farkli,Z3,Yüksek,4.147,17.7,18.32
izmir,bornova,1995,10,evet,evet,kolon,hastane,var,buyuk,U,farkli,Z4,Yüksek,5.22,53.5,58.93
ankara,gölbaşı,2012,4,hayir,hayir,yok,konut,yok,yok,dikdortgen,yok,Z4,Düşük,4.55,27.4,22.36
samsun,çarşamba,1985,5,evet,hayir,hafif,okul,var,hafif,T,yok,Z4,Yüksek,4.23,24.3,21.83
istanbul,avcılar,2015,6,hayir,hayir,yok,konut,yok,yok,dikdortgen,yok,Z4,Düşük,4.45,28.3,22.95
tekirdağ,marmaraereğlisi,2000,4,hayir,evet,yok,konut,var,hafif,dikdortgen,uyumlu,Z3,Düşük,4.637,26.7,28.73
izmir,karşıyaka,2008,10,hayir,hayir,yok,konut,yok,yok,dikdortgen,yok,Z4,Düşük,4.66,49.3,54.1
bursa,osmangazi,1975,8,evet,evet,kolon,konut,var,buyuk,kompleks,farkli,Z4,Yüksek,5.15,33.0,53.66
antalya,lara,2000,5,hayir,hayir,yok,konut,yok,yok,dikdortgen,yok,Z1,Düşük,4.81,34.6,41.97
sakarya,merkez,1990,5,evet,hayir,hafif,konut,var,buyuk,L,yok,Z4,Yüksek,4.88,32.8,34.62
istanbul,pendik,1998,7,evet,evet,yok,konut,emin_degil,hafif,T,uyumlu,Z2,Orta,4.77,30.8,25.2
ankara,etimesgut,2002,8,hayir,evet,yok,konut,var,hafif,U,uyumlu,Z4,Orta,4.45,28.2,20.99
izmir,konak,1980,7,evet,evet,hafif,konut,var,hafif,L,farkli,Z3,Orta,4.17,22.0,15.2
bursa,gemlik,1988,6,evet,evet,hafif,konut,var,buyuk,T,farkli,Z4,Yüksek,4.56,29.0,31.02
istanbul, Zeytinburnu,2002,7,hayir,evet,yok,konut,emin_degil,hafif,dikdortgen,uyumlu,Z3,Düşük,5.22,41.5,50.21
adana,seyhan,2012,11,hayir,hayir,yok,konut,yok,yok,dikdortgen,yok,Z4,Düşük,4.397,20.7,19.41
eskişehir,merkez,1985,8,evet,evet,kolon,hastane,var,buyuk,kompleks,farkli,Z4,Yüksek,4.667,42.0,39.8
hatay,antakya,2008,9,hayir,evet,yok,konut,emin_degil,hafif,L,uyumlu,Z4,Orta,4.58,26.6,22.16
istanbul,bakırköy,2015,10,hayir,hayir,yok,ofis,yok,yok,dikdortgen,yok,Z4,Düşük,4.19,23.5,14.42
antalya,konyaaltı,2005,6,evet,hayir,yok,konut,var,hafif,U,yok,Z3,Orta,4.477,24.3,24.6
bursa,yıldırım,1992,5,evet,hayir,yok,konut,var,hafif,T,yok,Z2,Düşük,4.397,20.7,19.41
izmir,bayraklı,1990,11,evet,evet,hafif,konut,var,buyuk,kompleks,farkli,Z4,Yüksek,4.443,27.0,26.44
ankara,mamak,2015,10,hayir,hayir,yok,konut,yok,yok,dikdortgen,yok,Z2,Düşük,4.58,29.8,23.54
giresun,alucra,1998,5,evet,hayir,yok,konut,emin_degil,hafif,L,yok,Z4,Orta,4.32,20.7,23.69
istanbul,avcılar,1985,8,evet,hayir,kolon,konut,var,buyuk,T,yok,Z4,Yüksek,4.17,23.0,14.51
samsun,bafra,2010,6,hayir,hayir,yok,konut,yok,yok,dikdortgen,yok,Z4,Düşük,4.91,44.7,45.81
izmir,balçova,1995,7,evet,evet,hafif,konut,var,buyuk,U,farkli,Z4,Yüksek,4.7,34.0,28.76
bursa,nilüfer,2012,8,hayir,hayir,yok,konut,yok,yok,dikdortgen,yok,Z3,Düşük,4.287,20.7,19.73
istanbul,kadıköy,1988,8,evet,evet,yok,konut,emin_degil,hafif,L,uyumlu,Z2,Düşük,4.423,29.3,33.34
ankara,sincan,1995,7,evet,evet,hafif,konut,var,hafif,T,uyumlu,Z3,Orta,4.52,30.0,26.38
adana,yüreğir,1982,10,evet,hayir,kolon,okul,var,buyuk,kompleks,yok,Z4,Yüksek,4.682,29.7,36.75
istanbul,tuzla,2015,9,hayir,hayir,yok,konut,yok,yok,dikdortgen,yok,Z3,Düşük,4.443,31.7,36.29
izmir,buca,2008,7,hayir,evet,yok,konut,var,hafif,U,uyumlu,Z2,Düşük,4.72,33.3,34.81
bursa,gemlik,1992,6,evet,hayir,kolon,konut,var,buyuk,L,yok,Z4,Yüksek,4.35,24.3,15.89
antalya,lara,2022,4,hayir,hayir,yok,konut,yok,yok,dikdortgen,yok,Z1,Düşük,4.65,31.3,29.62
sakarya,merkez,2000,5,evet,hayir,yok,konut,emin_degil,hafif,T,yok,Z4,Orta,4.383,22.7,22.13
istanbul,avcılar,2008,6,evet,evet,yok,konut,emin_degil,hafif,dikdortgen,uyumlu,Z4,Orta,4.78,40.6,37.28
ankara,çankaya,1995,7,hayir,evet,yok,konut,yok,hafif,dikdortgen,uyumlu,Z1,Düşük,3.73,18.7,13.02
izmir,bornova,2012,13,hayir,hayir,yok,konut,yok,yok,dikdortgen,yok,Z4,Düşük,4.477,24.3,24.6
bursa,keles,2005,3,hayir,hayir,yok,konut,yok,yok,dikdortgen,yok,Z2,Düşük,4.4,35.0,30.5
istanbul,pendik,1990,6,evet,evet,hafif,konut,emin_degil,hafif,U,uyumlu,Z2,Orta,4.41,23.3,23.46
adana,seyhan,2002,10,hayir,evet,yok,konut,emin_degil,hafif,T,uyumlu,Z4,Orta,4.35,27.0,20.4
eskişehir,odunpazarı,1980,5,evet,hayir,kolon,hastane,var,buyuk,L,yok,Z2,Yüksek,4.62,29.0,26.87
istanbul,bakırköy,1988,7,evet,evet,hafif,konut,var,buyuk,L,farkli,Z4,Yüksek,3.943,18.0,17.9
izmir,bayraklı,2015,11,hayir,hayir,yok,ofis,yok,yok,dikdortgen,yok,Z4,Düşük,4.363,18.0,17.0
ankara,etimesgut,1995,8,evet,evet,kolon,konut,var,hafif,U,uyumlu,Z4,Yüksek,5.038,47.8,58.06
bursa,gemlik,1980,5,evet,hayir,hafif,konut,var,buyuk,T,yok,Z4,Yüksek,4.057,23.7,21.69
sakarya,merkez,2010,4,hayir,hayir,yok,konut,yok,yok,dikdortgen,yok,Z4,Düşük,4.45,28.2,20.99
giresun,alucra,1995,6,evet,hayir,yok,okul,emin_degil,hafif,kompleks,yok,Z4,Orta,4.6,46.4,43.2
antalya,lara,2022,5,hayir,hayir,yok,konut,yok,yok,dikdortgen,yok,Z1,Düşük,4.3,19.0,23.77
hatay,antakya,1990,7,evet,evet,hafif,hastane,var,buyuk,L,farkli,Z4,Yüksek,4.7,34.0,29.81
kocaeli,izmit,1992,8,evet,hayir,yok,konut,emin_degil,hafif,U,yok,Z4,Orta,5.06,52.2,54.96
istanbul,avcılar,2008,6,hayir,evet,yok,konut,yok,yok,dikdortgen,uyumlu,Z4,Düşük,4.95,36.2,39.72
eskişehir,odunpazarı,2018,4,hayir,hayir,yok,konut,yok,yok,dikdortgen,yok,Z2,Düşük,5.09,38.8,47.23
adana,seyhan,1985,11,evet,hayir,kolon,ofis,var,buyuk,T,yok,Z4,Yüksek,4.48,28.6,23.05
manisa,demirci,2000,5,evet,evet,yok,konut,var,hafif,L,uyumlu,Z2,Düşük,5.1,34.0,51.7
izmir,bornova,2008,12,hayir,hayir,yok,konut,yok,yok,dikdortgen,yok,Z4,Düşük,4.17,21.8,15.49
istanbul,tuzla,1995,6,evet,evet,yok,konut,emin_degil,hafif,U,uyumlu,Z3,Orta,4.22,22.7,22.54
ankara,mamak,2012,9,hayir,hayir,yok,konut,yok,yok,dikdortgen,yok,Z2,Düşük,4.75,34.6,33.93
bursa,nilüfer,2000,7,evet,evet,hafif,konut,var,hafif,kompleks,uyumlu,Z3,Orta,5.05,31.0,47.87
antalya,konyaaltı,2015,8,hayir,hayir,yok,konut,yok,yok,dikdortgen,yok,Z3,Düşük,4.77,36.1,38.83
istanbul,kadıköy,1978,8,evet,evet,kolon,konut,var,buyuk,L,farkli,Z2,Yüksek,4.35,28.4,19.81
samsun,bafra,2005,5,hayir,hayir,yok,konut,yok,yok,dikdortgen,yok,Z4,Düşük,5.0,37.0,41.78
izmir,karşıyaka,1990,9,evet,evet,hafif,konut,emin_degil,buyuk,T,farkli,Z4,Yüksek,4.54,31.0,29.03
tekirdağ,çorlu,2020,6,hayir,hayir,yok,konut,yok,yok,dikdortgen,yok,Z2,Düşük,5.0,41.0,50.01
ankara,keçiören,1998,8,hayir,evet,yok,konut,var,hafif,dikdortgen,uyumlu,Z2,Düşük,4.48,30.0,26.58
istanbul,pendik,2010,10,hayir,hayir,yok,ofis,yok,yok,dikdortgen,yok,Z2,Düşük,4.46,26.4,17.85
adana,yüreğir,1992,9,evet,evet,hafif,konut,var,buyuk,kompleks,farkli,Z4,Yüksek,4.213,24.3,25.59
erzincan,merkez,2005,5,evet,hayir,yok,konut,yok,hafif,U,yok,Z4,Orta,4.96,38.3,40.99
istanbul,sarıyer,2012,4,hayir,hayir,yok,konut,yok,yok,dikdortgen,yok,Z1,Düşük,4.127,18.3,18.32
bursa,osmangazi,1988,8,evet,evet,kolon,hastane,var,buyuk,L,farkli,Z4,Yüksek,5.23,36.0,49.44
izmir,konak,1995,7,evet,evet,hafif,konut,emin_degil,hafif,T,uyumlu,Z3,Orta,4.65,30.5,27.07
hatay,iskenderun,1982,10,evet,evet,kolon,konut,var,buyuk,U,farkli,Z4,Yüksek,4.35,25.5,20.1
ankara,sincan,2015,8,hayir,hayir,yok,konut,yok,yok,dikdortgen,yok,Z3,Düşük,4.58,24.4,16.67
istanbul,maltepe,2000,6,evet,evet,yok,konut,var,hafif,dikdortgen,uyumlu,Z2,Düşük,4.32,28.2,23.34
antalya,finike,1998,5,evet,hayir,hafif,okul,var,hafif,L,yok,Z4,Yüksek,4.785,36.2,29.97
sakarya,serdivan,2018,4,hayir,hayir,yok,konut,yok,yok,dikdortgen,yok,Z3,Düşük,3.93,21.1,12.45
istanbul,beşiktaş,1985,5,evet,evet,hafif,konut,emin_degil,buyuk,kompleks,farkli,Z3,Yüksek,4.73,29.4,28.14
bursa,keles,1998,3,hayir,hayir,yok,konut,yok,yok,dikdortgen,yok,Z2,Düşük,4.8,36.0,41.76
izmir,balçova,1992,7,evet,evet,hafif,konut,var,buyuk,T,farkli,Z4,Yüksek,4.58,26.6,22.16
ankara,çankaya,2015,12,hayir,hayir,yok,ofis,yok,yok,dikdortgen,yok,Z1,Düşük,4.55,33.8,35.3
samsun,canik,2008,6,hayir,hayir,yok,konut,yok,yok,dikdortgen,yok,Z2,Düşük,3.92,18.0,13.11
istanbul,fatih,1990,6,evet,evet,kolon,konut,var,hafif,L,uyumlu,Z2,Yüksek,5.05,38.2,43.25
adana,çukurova,2018,14,hayir,hayir,yok,konut,yok,yok,dikdortgen,yok,Z2,Düşük,4.62,31.0,27.85
kayseri,melikgazi,2005,9,hayir,evet,yok,konut,var,hafif,U,uyumlu,Z2,Düşük,4.65,29.0,23.83
istanbul, Zeytinburnu,1998,7,evet,evet,hafif,konut,emin_degil,hafif,dikdortgen,farkli,Z3,Orta,4.37,26.0,19.22
izmir,buca,2012,8,hayir,hayir,yok,konut,yok,yok,dikdortgen,yok,Z2,Düşük,4.78,38.4,36.15
ankara,yenimahalle,2002,7,hayir,evet,yok,konut,var,hafif,L,uyumlu,Z3,Orta,4.4,32.0,22.61
bursa,yıldırım,2018,5,hayir,hayir,yok,konut,yok,yok,dikdortgen,yok,Z2,Düşük,3.76,20.3,16.45
istanbul,kartal,2015,15,hayir,hayir,yok,konut,yok,yok,dikdortgen,yok,Z1,Düşük,4.65,30.8,26.77
giresun,alucra,1982,5,evet,hayir,kolon,konut,var,buyuk,T,yok,Z4,Yüksek,4.66,49.3,54.1
eskişehir,merkez,1992,8,evet,evet,hafif,konut,var,hafif,kompleks,farkli,Z4,Yüksek,4.65,29.0,23.83
istanbul,avcılar,2020,6,hayir,hayir,yok,konut,yok,yok,dikdortgen,yok,Z4,Düşük,4.5,38.0,33.6
antalya,demre,2012,3,evet,hayir,yok,konut,yok,yok,dikdortgen,yok,Z4,Düşük,4.55,32.4,34.81
kocaeli,gebze,2008,7,hayir,evet,yok,konut,var,hafif,U,uyumlu,Z2,Düşük,4.723,33.7,33.73
samsun,çarşamba,1995,5,evet,hayir,hafif,okul,var,hafif,L,yok,Z4,Yüksek,4.41,29.6,32.9
izmir,bayraklı,2002,10,hayir,hayir,yok,ofis,yok,yok,dikdortgen,yok,Z4,Düşük,4.49,43.5,41.5
ankara,gölbaşı,2018,4,hayir,hayir,yok,konut,yok,yok,dikdortgen,yok,Z4,Düşük,4.85,34.0,37.46
bursa,gemlik,1998,6,evet,hayir,hafif,konut,var,hafif,dikdortgen,yok,Z4,Orta,4.543,27.0,28.81
istanbul,bakırköy,1972,9,evet,evet,kolon,hastane,var,buyuk,T,farkli,Z4,Yüksek,5.04,38.0,61.31
hatay,antakya,2012,8,hayir,evet,yok,konut,emin_degil,hafif,L,uyumlu,Z4,Düşük,4.66,31.0,30.11
antalya,lara,2020,6,hayir,hayir,yok,konut,yok,yok,dikdortgen,yok,Z1,Düşük,4.98,38.0,46.7
sakarya,merkez,1995,5,evet,evet,kolon,konut,var,buyuk,T,farkli,Z4,Yüksek,5.02,38.0,52.3
istanbul,tuzla,2018,11,hayir,hayir,yok,konut,yok,yok,dikdortgen,yok,Z3,Düşük,4.35,28.4,19.81
izmir,karşıyaka,2010,10,hayir,hayir,yok,konut,yok,yok,dikdortgen,yok,Z4,Düşük,4.62,29.0,26.87
ankara,etimesgut,1998,9,hayir,evet,yok,konut,var,hafif,U,uyumlu,Z4,Orta,4.82,25.0,27.96
bursa,nilüfer,1990,7,evet,evet,hafif,konut,emin_degil,buyuk,L,farkli,Z3,Yüksek,3.623,18.7,14.11
istanbul,pendik,1998,6,evet,evet,hafif,konut,var,hafif,T,uyumlu,Z2,Orta,4.48,28.6,22.85
adana,yüreğir,2015,12,hayir,hayir,yok,ofis,yok,yok,dikdortgen,yok,Z4,Düşük,3.85,22.9,14.81
muğla,datça,2015,2,hayir,hayir,yok,konut,yok,yok,dikdortgen,yok,Z1,Düşük,4.29,29.6,22.85
konya,selçuklu,1998,9,evet,hayir,yok,konut,var,hafif,T,yok,Z3,Orta,4.35,24.3,15.89
istanbul,avcılar,1988,8,evet,hayir,kolon,konut,var,buyuk,U,yok,Z4,Yüksek,3.953,19.7,18.28
izmir,bornova,2015,14,hayir,hayir,yok,konut,yok,yok,dikdortgen,yok,Z4,Düşük,4.96,33.1,30.38
ankara,keçiören,2018,7,hayir,evet,yok,konut,yok,hafif,dikdortgen,uyumlu,Z2,Düşük,4.207,25.3,27.43
samsun,atakum,2015,12,hayir,hayir,yok,konut,yok,yok,dikdortgen,yok,Z3,Düşük,4.937,30.3,51.35
istanbul,sarıyer,2008,4,hayir,hayir,yok,konut,yok,yok,dikdortgen,yok,Z1,Düşük,4.96,38.9,42.95
bursa,osmangazi,2012,11,hayir,hayir,yok,konut,yok,yok,dikdortgen,yok,Z4,Düşük,4.413,23.7,30.56
adana,seyhan,1995,9,evet,evet,hafif,konut,var,buyuk,T,farkli,Z4,Yüksek,5.06,52.2,54.96
giresun,alucra,2002,5,hayir,hayir,yok,konut,yok,yok,dikdortgen,yok,Z4,Düşük,5.119,37.9,58.07
izmir,konak,1988,8,evet,evet,kolon,okul,var,buyuk,U,farkli,Z3,Yüksek,4.75,34.6,33.93
istanbul,beşiktaş,2010,6,hayir,evet,yok,konut,yok,hafif,L,uyumlu,Z3,Düşük,4.91,46.7,46.97
ankara,mamak,2002,8,hayir,evet,yok,konut,var,hafif,dikdortgen,uyumlu,Z2,Düşük,4.25,23.1,23.3
kocaeli,izmit,1988,7,evet,evet,kolon,hastane,var,buyuk,kompleks,farkli,Z4,Yüksek,4.413,23.7,30.56
istanbul,avcılar,2008,5,hayir,evet,yok,konut,emin_degil,hafif,T,uyumlu,Z4,Düşük,4.45,30.9,26.97
antalya,lara,1995,5,evet,hayir,yok,konut,yok,yok,dikdortgen,yok,Z1,Düşük,5.04,38.0,61.31
bursa,gemlik,1980,6,evet,evet,hafif,konut,var,buyuk,U,farkli,Z4,Yüksek,3.957,17.0,13.65
izmir,balçova,2012,7,hayir,hayir,yok,konut,yok,yok,dikdortgen,yok,Z4,Düşük,4.95,39.0,51.27
ankara,çankaya,2020,10,hayir,hayir,yok,ofis,yok,yok,dikdortgen,yok,Z1,Düşük,4.307,18.7,16.99
istanbul,kadıköy,1992,7,evet,evet,hafif,konut,var,hafif,L,uyumlu,Z2,Düşük,4.17,21.8,15.49
sakarya,merkez,2008,6,hayir,evet,yok,konut,var,hafif,dikdortgen,uyumlu,Z4,Düşük,4.45,30.4,26.28
hatay,antakya,1995,8,evet,evet,kolon,konut,var,buyuk,T,farkli,Z4,Yüksek,4.8,33.5,34.32
antalya,finike,2022,4,hayir,hayir,yok,konut,yok,yok,dikdortgen,yok,Z4,Düşük,4.6,30.2,25.1
eskişehir,odunpazarı,1998,5,evet,hayir,yok,konut,var,hafif,U,yok,Z2,Düşük,4.6,28.0,22.16
istanbul,fatih,1988,5,evet,evet,hafif,konut,var,hafif,kompleks,farkli,Z2,Yüksek,5.04,38.0,61.31
ankara,sincan,2000,8,hayir,evet,yok,konut,var,hafif,T,uyumlu,Z3,Orta,5.08,38.0,52.29
izmir,bornova,2018,10,hayir,hayir,yok,ofis,yok,yok,dikdortgen,yok,Z4,Düşük,3.85,22.9,14.81
bursa,keles,2012,3,hayir,hayir,yok,konut,yok,yok,dikdortgen,yok,Z2,Düşük,4.127,18.3,18.32
istanbul, Zeytinburnu,1992,7,evet,evet,kolon,konut,var,buyuk,L,farkli,Z3,Yüksek,4.12,20.7,20.34
bursa,gemlik,1985,7,evet,hayir,hafif,konut,var,buyuk,L,yok,Z4,Yüksek,4.35,27.0,20.4
izmir,bayraklı,2020,15,hayir,hayir,yok,ofis,yok,yok,dikdortgen,yok,Z4,Düşük,4.56,29.0,31.02
ankara,etimesgut,1992,8,evet,evet,kolon,konut,var,hafif,U,uyumlu,Z4,Yüksek,4.45,30.4,26.28
istanbul,avcılar,2005,6,hayir,hayir,yok,konut,yok,yok,dikdortgen,yok,Z4,Düşük,4.147,17.7,18.32
sakarya,merkez,1999,5,evet,evet,hafif,konut,emin_degil,hafif,T,uyumlu,Z4,Yüksek,5.1,39.0,43.44
antalya,lara,2015,4,hayir,hayir,yok,konut,yok,yok,dikdortgen,yok,Z1,Düşük,4.91,33.0,45.32
giresun,alucra,1980,6,evet,hayir,yok,okul,var,buyuk,kompleks,yok,Z4,Yüksek,4.2,28.2,21.38
kocaeli,izmit,1990,8,evet,hayir,hafif,konut,emin_degil,hafif,L,yok,Z4,Yüksek,4.59,30.8,25.69
hatay,antakya,2012,9,hayir,evet,yok,konut,yok,yok,dikdortgen,uyumlu,Z4,Düşük,4.937,30.3,51.35
istanbul,bakırköy,1975,8,evet,evet,kolon,konut,var,buyuk,T,farkli,Z4,Yüksek,4.96,38.3,40.99
eskişehir,odunpazarı,2018,5,hayir,hayir,yok,konut,yok,yok,dikdortgen,yok,Z2,Düşük,4.76,32.2,32.36
adana,seyhan,1995,10,evet,evet,hafif,ofis,var,hafif,kompleks,farkli,Z4,Yüksek,4.2,32.0,25.33
manisa,demirci,2002,4,evet,hayir,yok,konut,yok,yok,dikdortgen,yok,Z2,Düşük,5.05,37.2,40.31
izmir,bornova,2008,11,hayir,hayir,yok,konut,yok,yok,dikdortgen,yok,Z4,Düşük,4.2,22.2,15.4
istanbul,tuzla,1992,5,evet,evet,yok,konut,var,hafif,U,uyumlu,Z3,Orta,4.74,34.3,37.64
ankara,mamak,2015,10,hayir,hayir,yok,konut,yok,yok,dikdortgen,yok,Z2,Düşük,5.047,49.4,66.86
bursa,nilüfer,1995,7,evet,evet,hafif,konut,var,hafif,L,uyumlu,Z3,Orta,4.62,31.0,27.85
antalya,konyaaltı,2018,6,hayir,hayir,yok,konut,yok,yok,dikdortgen,yok,Z3,Düşük,5.1,39.0,43.44
istanbul,kadıköy,1982,9,evet,evet,kolon,konut,var,buyuk,T,farkli,Z2,Yüksek,4.6,30.2,25.1
samsun,bafra,2008,5,hayir,hayir,yok,konut,yok,yok,dikdortgen,yok,Z4,Düşük,4.88,34.0,52.48
izmir,karşıyaka,1998,10,evet,evet,hafif,konut,emin_degil,buyuk,U,farkli,Z4,Yüksek,4.41,29.6,32.9
tekirdağ,çorlu,2015,7,hayir,hayir,yok,konut,yok,yok,dikdortgen,yok,Z2,Düşük,4.45,30.9,26.58
ankara,keçiören,2005,8,hayir,evet,yok,konut,var,hafif,dikdortgen,uyumlu,Z2,Düşük,4.45,26.6,19.61
istanbul,pendik,2012,12,hayir,hayir,yok,ofis,yok,yok,dikdortgen,yok,Z2,Düşük,4.673,28.0,32.09
adana,yüreğir,1988,9,evet,evet,hafif,konut,var,buyuk,kompleks,farkli,Z4,Yüksek,4.2,24.5,15.89
erzincan,merkez,2000,5,evet,hayir,yok,konut,yok,hafif,L,yok,Z4,Orta,4.65,30.0,28.64
istanbul,sarıyer,2008,3,hayir,hayir,yok,konut,yok,yok,dikdortgen,yok,Z1,Düşük,3.95,20.0,12.65
bursa,osmangazi,1992,10,evet,evet,kolon,hastane,var,buyuk,T,farkli,Z4,Yüksek,4.11,29.0,24.52
izmir,konak,1985,8,evet,evet,hafif,konut,emin_degil,hafif,U,uyumlu,Z3,Orta,4.66,31.0,30.11
hatay,iskenderun,1995,9,evet,evet,kolon,konut,var,buyuk,kompleks,farkli,Z4,Yüksek,4.62,27.0,20.89
ankara,sincan,2008,7,hayir,hayir,yok,konut,yok,yok,dikdortgen,yok,Z3,Düşük,4.72,33.3,34.81
istanbul,maltepe,2002,6,evet,evet,yok,konut,var,hafif,dikdortgen,uyumlu,Z2,Düşük,4.52,32.6,30.3
antalya,finike,1990,5,evet,hayir,hafif,okul,var,hafif,L,yok,Z4,Yüksek,4.23,24.3,21.83
sakarya,serdivan,2012,4,hayir,hayir,yok,konut,yok,yok,dikdortgen,yok,Z3,Düşük,4.29,28.0,23.73
istanbul,beşiktaş,1988,6,evet,evet,hafif,konut,emin_degil,buyuk,T,farkli,Z3,Yüksek,5.27,37.0,54.05
bursa,keles,2008,3,hayir,hayir,yok,konut,yok,yok,dikdortgen,yok,Z2,Düşük,4.6,33.0,24.47
izmir,balçova,1995,8,evet,evet,hafif,konut,var,buyuk,U,farkli,Z4,Yüksek,4.59,30.8,25.69
ankara,çankaya,2018,14,hayir,hayir,yok,ofis,yok,yok,dikdortgen,yok,Z1,Düşük,4.5,39.5,40.6
samsun,canik,2000,7,hayir,hayir,yok,konut,yok,yok,dikdortgen,yok,Z2,Düşük,4.35,37.9,39.4
istanbul,fatih,1980,6,evet,evet,kolon,konut,var,hafif,kompleks,uyumlu,Z2,Yüksek,4.5,38.0,33.6
adana,çukurova,2015,15,hayir,hayir,yok,konut,yok,yok,dikdortgen,yok,Z2,Düşük,4.93,35.4,40.7
kayseri,melikgazi,2008,10,hayir,evet,yok,konut,var,hafif,L,uyumlu,Z2,Düşük,4.33,21.7,22.82
istanbul, Zeytinburnu,1992,7,evet,evet,hafif,konut,emin_degil,hafif,T,farkli,Z3,Orta,4.45,30.4,26.28
izmir,buca,2005,8,hayir,hayir,yok,konut,yok,yok,dikdortgen,yok,Z2,Düşük,4.723,33.7,33.73
ankara,yenimahalle,1995,8,hayir,evet,yok,konut,var,hafif,U,uyumlu,Z3,Orta,5.0,41.0,50.41
bursa,yıldırım,2010,6,hayir,hayir,yok,konut,yok,yok,dikdortgen,yok,Z2,Düşük,3.93,21.1,12.45
istanbul,kartal,2012,18,hayir,hayir,yok,konut,yok,yok,dikdortgen,yok,Z1,Düşük,4.95,36.2,39.72
giresun,alucra,1988,5,evet,hayir,kolon,konut,var,buyuk,L,yok,Z4,Yüksek,4.52,28.0,22.26
eskişehir,merkez,1998,9,evet,evet,hafif,konut,var,hafif,T,farkli,Z4,Yüksek,4.58,26.6,22.16
istanbul,avcılar,2015,7,hayir,hayir,yok,konut,yok,yok,dikdortgen,yok,Z4,Düşük,4.393,18.0,19.32
antalya,demre,2008,3,evet,hayir,yok,konut,yok,yok,dikdortgen,yok,Z4,Düşük,4.407,24.3,28.06
kocaeli,gebze,2012,8,hayir,evet,yok,konut,var,hafif,U,uyumlu,Z2,Düşük,4.9,39.0,41.14
samsun,çarşamba,1990,6,evet,hayir,hafif,okul,var,hafif,L,yok,Z4,Yüksek,4.78,37.2,39.72
izmir,bayraklı,2008,11,hayir,hayir,yok,ofis,yok,yok,dikdortgen,yok,Z4,Düşük,4.48,30.0,26.58
ankara,gölbaşı,2010,4,hayir,hayir,yok,konut,yok,yok,dikdortgen,yok,Z4,Düşük,5.22,39.0,60.14
bursa,gemlik,1992,7,evet,hayir,hafif,konut,var,hafif,kompleks,yok,Z4,Yüksek,4.527,25.3,22.1
istanbul,bakırköy,1980,8,evet,evet,kolon,hastane,var,buyuk,T,farkli,Z4,Yüksek,4.39,31.0,28.18
hatay,antakya,2005,9,hayir,evet,yok,konut,emin_degil,hafif,L,uyumlu,Z4,Düşük,4.17,22.0,14.42
antalya,lara,2015,6,hayir,hayir,yok,konut,yok,yok,dikdortgen,yok,Z1,Düşük,5.01,50.3,53.8
sakarya,merkez,1998,5,evet,evet,kolon,konut,var,buyuk,U,farkli,Z4,Yüksek,4.18,18.3,18.11
istanbul,tuzla,2012,12,hayir,hayir,yok,konut,yok,yok,dikdortgen,yok,Z3,Düşük,4.66,30.8,28.14
izmir,karşıyaka,2000,10,hayir,hayir,yok,konut,yok,yok,dikdortgen,yok,Z4,Düşük,4.93,35.4,40.7
ankara,etimesgut,2005,9,hayir,evet,yok,konut,var,hafif,T,uyumlu,Z4,Orta,3.85,22.9,14.81
bursa,nilüfer,1995,8,evet,evet,hafif,konut,emin_degil,buyuk,kompleks,farkli,Z3,Yüksek,4.6,36.6,34.7
istanbul,pendik,2002,7,evet,evet,hafif,konut,var,hafif,L,uyumlu,Z2,Orta,4.173,24.0,29.35
adana,yüreğir,2010,13,hayir,hayir,yok,ofis,yok,yok,dikdortgen,yok,Z4,Düşük,4.51,35.7,31.23
muğla,datça,2018,2,hayir,hayir,yok,konut,yok,yok,dikdortgen,yok,Z1,Düşük,4.52,32.6,30.3
konya,selçuklu,2005,9,evet,hayir,yok,konut,var,hafif,U,yok,Z3,Orta,4.88,36.1,40.21
istanbul,avcılar,1980,8,evet,hayir,kolon,konut,var,buyuk,T,yok,Z4,Yüksek,4.85,34.0,37.46
izmir,bornova,2010,15,hayir,hayir,yok,konut,yok,yok,dikdortgen,yok,Z4,Düşük,4.45,30.0,27.46
ankara,keçiören,2002,8,hayir,evet,yok,konut,yok,hafif,dikdortgen,uyumlu,Z2,Düşük,4.77,32.0,32.36
samsun,atakum,2008,12,hayir,hayir,yok,konut,yok,yok,dikdortgen,yok,Z3,Düşük,4.31,24.4,15.3
istanbul,sarıyer,2012,4,hayir,hayir,yok,konut,yok,yok,dikdortgen,yok,Z1,Düşük,4.407,26.7,25.6
bursa,osmangazi,2000,11,hayir,hayir,yok,konut,yok,yok,dikdortgen,yok,Z4,Düşük,4.307,18.7,16.99
adana,seyhan,1982,9,evet,evet,hafif,konut,var,buyuk,L,farkli,Z4,Yüksek,4.55,28.0,24.22
giresun,alucra,1995,6,hayir,hayir,yok,konut,yok,yok,dikdortgen,yok,Z4,Düşük,4.78,38.4,36.15
izmir,konak,1990,8,evet,evet,kolon,okul,var,buyuk,T,farkli,Z3,Yüksek,4.64,31.0,28.44
istanbul,beşiktaş,2005,6,hayir,evet,yok,konut,yok,hafif,U,uyumlu,Z3,Düşük,5.22,41.5,50.21
ankara,mamak,2008,9,hayir,evet,yok,konut,var,hafif,dikdortgen,uyumlu,Z2,Düşük,4.779,30.5,42.51
kocaeli,izmit,1992,7,evet,evet,kolon,hastane,var,buyuk,kompleks,farkli,Z4,Yüksek,4.66,49.3,54.1
istanbul,avcılar,2010,5,hayir,evet,yok,konut,emin_degil,hafif,L,uyumlu,Z4,Düşük,3.943,18.0,17.9
antalya,lara,2005,5,evet,hayir,yok,konut,yok,yok,dikdortgen,yok,Z1,Düşük,4.596,42.0,38.4
bursa,gemlik,1985,6,evet,evet,hafif,konut,var,buyuk,T,farkli,Z4,Yüksek,4.96,37.3,40.99
izmir,balçova,2008,7,hayir,hayir,yok,konut,yok,yok,dikdortgen,yok,Z4,Düşük,4.41,23.3,23.46
ankara,çankaya,2015,10,hayir,hayir,yok,ofis,yok,yok,dikdortgen,yok,Z1,Düşük,5.17,44.0,65.43
istanbul,kadıköy,1995,7,evet,evet,hafif,konut,var,hafif,U,uyumlu,Z2,Düşük,3.963,25.0,20.3
sakarya,merkez,2012,6,hayir,evet,yok,konut,var,hafif,dikdortgen,uyumlu,Z4,Düşük,4.8,33.5,34.32
hatay,antakya,1988,8,evet,evet,kolon,konut,var,buyuk,L,farkli,Z4,Yüksek,4.78,31.8,31.58
antalya,finike,2015,4,hayir,hayir,yok,konut,yok,yok,dikdortgen,yok,Z4,Düşük,3.94,21.3,18.65
eskişehir,odunpazarı,2010,5,evet,hayir,yok,konut,var,hafif,T,yok,Z2,Düşük,4.42,30.0,25.01
istanbul,fatih,1992,5,evet,evet,hafif,konut,var,hafif,kompleks,farkli,Z2,Yüksek,4.82,41.1,43.23
ankara,sincan,2005,8,hayir,evet,yok,konut,var,hafif,L,uyumlu,Z3,Orta,4.17,22.0,15.2
izmir,bornova,2020,10,hayir,hayir,yok,ofis,yok,yok,dikdortgen,yok,Z4,Düşük,4.48,30.0,26.58
bursa,keles,2015,3,hayir,hayir,yok,konut,yok,yok,dikdortgen,yok,Z2,Düşük,4.33,22.0,23.31
istanbul, Zeytinburnu,1995,7,evet,evet,kolon,konut,var,buyuk,U,farkli,Z3,Yüksek,4.35,27.2,20.1
bursa,gemlik,1982,5,evet,evet,hafif,konut,var,buyuk,T,farkli,Z4,Yüksek,4.44,25.4,18.34
izmir,bayraklı,2005,10,hayir,hayir,yok,ofis,yok,yok,dikdortgen,yok,Z4,Düşük,4.5,33.0,27.3
ankara,etimesgut,1998,9,evet,evet,kolon,konut,var,hafif,U,uyumlu,Z4,Yüksek,4.24,23.3,19.82
istanbul,avcılar,1990,7,evet,hayir,hafif,konut,emin_degil,buyuk,L,yok,Z4,Yüksek,4.147,17.7,18.32
sakarya,merkez,2012,5,hayir,hayir,yok,konut,yok,yok,dikdortgen,yok,Z4,Düşük,5.19,41.0,69.36
giresun,alucra,1985,6,evet,hayir,yok,okul,var,hafif,kompleks,yok,Z4,Yüksek,4.62,30.8,29.52
antalya,lara,2018,4,hayir,hayir,yok,konut,yok,yok,dikdortgen,yok,Z1,Düşük,5.19,41.0,69.36
hatay,antakya,1992,8,evet,evet,kolon,hastane,var,buyuk,T,farkli,Z4,Yüksek,4.173,25.3,27.48
kocaeli,izmit,1988,7,evet,hayir,hafif,konut,emin_degil,hafif,U,yok,Z4,Yüksek,4.785,31.0,40.14
istanbul,bakırköy,1978,8,evet,evet,hafif,konut,var,buyuk,L,farkli,Z4,Yüksek,4.51,27.0,27.73
eskişehir,odunpazarı,2015,5,hayir,hayir,yok,konut,yok,yok,dikdortgen,yok,Z2,Düşük,4.443,27.0,26.44
adana,seyhan,1990,11,evet,hayir,kolon,ofis,var,buyuk,kompleks,yok,Z4,Yüksek,5.18,43.0,69.36
manisa,demirci,2005,4,evet,hayir,yok,konut,yok,yok,dikdortgen,yok,Z2,Düşük,5.117,39.5,55.09
izmir,bornova,2000,12,hayir,hayir,yok,konut,yok,yok,dikdortgen,yok,Z4,Düşük,4.77,29.3,39.99
istanbul,tuzla,1995,6,evet,evet,yok,konut,emin_degil,hafif,T,uyumlu,Z3,Orta,4.54,26.0,19.12
ankara,mamak,2010,10,hayir,hayir,yok,konut,yok,yok,dikdortgen,yok,Z2,Düşük,4.573,28.7,32.18
bursa,nilüfer,1992,7,evet,evet,hafif,konut,var,hafif,L,uyumlu,Z3,Orta,4.1,26.2,14.42
antalya,konyaaltı,2012,6,hayir,hayir,yok,konut,yok,yok,dikdortgen,yok,Z3,Düşük,4.884,31.7,43.58
istanbul,kadıköy,1980,8,evet,evet,kolon,konut,var,buyuk,U,farkli,Z2,Yüksek,4.443,27.0,26.44
samsun,bafra,2002,5,hayir,hayir,yok,konut,yok,yok,dikdortgen,yok,Z4,Düşük,4.76,32.2,32.36
izmir,karşıyaka,1988,9,evet,evet,hafif,konut,emin_degil,buyuk,T,farkli,Z4,Yüksek,3.91,17.3,12.82
tekirdağ,çorlu,2018,7,hayir,hayir,yok,konut,yok,yok,dikdortgen,yok,Z2,Düşük,4.007,18.0,16.07
ankara,keçiören,1995,8,hayir,evet,yok,konut,var,hafif,dikdortgen,uyumlu,Z2,Düşük,4.93,43.8,44.75
istanbul,pendik,2008,11,hayir,hayir,yok,ofis,yok,yok,dikdortgen,yok,Z2,Düşük,4.44,28.5,19.91
adana,yüreğir,1990,10,evet,evet,hafif,konut,var,buyuk,kompleks,farkli,Z4,Yüksek,4.51,27.2,23.3
erzincan,merkez,2005,5,evet,hayir,yok,konut,yok,hafif,L,yok,Z4,Orta,4.78,31.8,31.58
istanbul,sarıyer,2010,4,hayir,hayir,yok,konut,yok,yok,dikdortgen,yok,Z1,Düşük,4.788,31.0,35.28
bursa,osmangazi,1985,9,evet,evet,kolon,hastane,var,buyuk,T,farkli,Z4,Yüksek,4.62,29.0,26.87
izmir,konak,1992,7,evet,evet,hafif,konut,emin_degil,hafif,U,uyumlu,Z3,Orta,4.407,26.3,32.273
hatay,iskenderun,1980,10,evet,evet,kolon,konut,var,buyuk,L,farkli,Z4,Yüksek,4.19,23.0,15.3
ankara,sincan,2012,8,hayir,hayir,yok,konut,yok,yok,dikdortgen,yok,Z3,Düşük,4.82,25.0,27.96
istanbul,maltepe,1998,6,evet,evet,yok,konut,var,hafif,dikdortgen,uyumlu,Z2,Düşük,3.88,14.0,14.61
antalya,finike,1992,5,evet,hayir,hafif,okul,var,hafif,T,yok,Z4,Yüksek,4.73,29.4,28.14
sakarya,serdivan,2015,4,hayir,hayir,yok,konut,yok,yok,dikdortgen,yok,Z3,Düşük,4.55,30.0,23.63
istanbul,beşiktaş,1982,6,evet,evet,hafif,konut,emin_degil,buyuk,kompleks,farkli,Z3,Yüksek,4.51,27.5,22.16
bursa,keles,2005,3,hayir,hayir,yok,konut,yok,yok,dikdortgen,yok,Z2,Düşük,4.5,36.0,28.69
izmir,balçova,1990,7,evet,evet,hafif,konut,var,buyuk,T,farkli,Z4,Yüksek,4.9,39.0,41.14
ankara,çankaya,2018,12,hayir,hayir,yok,ofis,yok,yok,dikdortgen,yok,Z1,Düşük,5.22,40.0,45.4
samsun,canik,2002,6,hayir,hayir,yok,konut,yok,yok,dikdortgen,yok,Z2,Düşük,4.333,25.0,30.27
istanbul,fatih,1988,5,evet,evet,kolon,konut,var,hafif,U,uyumlu,Z2,Yüksek,5.0,41.0,50.41
adana,çukurova,2012,13,hayir,hayir,yok,konut,yok,yok,dikdortgen,yok,Z2,Düşük,4.57,37.9,32.26
kayseri,melikgazi,2000,9,hayir,evet,yok,konut,var,hafif,L,uyumlu,Z2,Düşük,5.15,33.0,53.66
istanbul, Zeytinburnu,1995,7,evet,evet,hafif,konut,emin_degil,hafif,dikdortgen,farkli,Z3,Orta,4.45,26.6,19.61
izmir,buca,2010,8,hayir,hayir,yok,konut,yok,yok,dikdortgen,yok,Z2,Düşük,4.33,21.7,22.82
ankara,yenimahalle,1992,7,hayir,evet,yok,konut,var,hafif,T,uyumlu,Z3,Orta,4.62,29.0,26.87
bursa,yıldırım,2015,5,hayir,hayir,yok,konut,yok,yok,dikdortgen,yok,Z2,Düşük,4.4,25.6,16.38
istanbul,kartal,2010,16,hayir,hayir,yok,konut,yok,yok,dikdortgen,yok,Z1,Düşük,4.13,23.8,14.22
giresun,alucra,1978,5,evet,hayir,kolon,konut,var,buyuk,L,yok,Z4,Yüksek,5.17,39.0,53.27
eskişehir,merkez,1990,9,evet,evet,hafif,konut,var,hafif,U,farkli,Z4,Yüksek,5.22,41.5,50.01
istanbul,avcılar,2018,6,hayir,hayir,yok,konut,yok,yok,dikdortgen,yok,Z4,Düşük,5.23,37.0,47.87
antalya,demre,2005,3,evet,hayir,yok,konut,yok,yok,dikdortgen,yok,Z4,Düşük,3.89,19.0,15.3
kocaeli,gebze,2008,7,hayir,evet,yok,konut,var,hafif,T,uyumlu,Z2,Düşük,4.77,36.1,38.83
samsun,çarşamba,1992,5,evet,hayir,hafif,okul,var,hafif,kompleks,yok,Z4,Yüksek,3.443,10.3,11.07
izmir,bayraklı,2000,10,hayir,hayir,yok,ofis,yok,yok,dikdortgen,yok,Z4,Düşük,5.1,34.0,51.7
ankara,gölbaşı,2015,4,hayir,hayir,yok,konut,yok,yok,dikdortgen,yok,Z4,Düşük,4.48,26.3,23.05
bursa,gemlik,1995,6,evet,hayir,hafif,konut,var,hafif,L,yok,Z4,Yüksek,4.45,30.9,27.46
istanbul,bakırköy,1972,9,evet,evet,kolon,hastane,var,buyuk,T,farkli,Z4,Yüksek,5.1,53.4,59.33
hatay,antakya,2010,8,hayir,evet,yok,konut,emin_degil,hafif,U,uyumlu,Z4,Düşük,4.8,38.0,36.67
antalya,lara,2018,6,hayir,hayir,yok,konut,yok,yok,dikdortgen,yok,Z1,Düşük,4.22,22.7,22.54
sakarya,merkez,1992,5,evet,evet,kolon,konut,var,buyuk,L,farkli,Z4,Yüksek,4.45,30.9,26.97
istanbul,tuzla,2015,11,hayir,hayir,yok,konut,yok,yok,dikdortgen,yok,Z3,Düşük,5.17,39.0,53.27
izmir,karşıyaka,2008,10,hayir,hayir,yok,konut,yok,yok,dikdortgen,yok,Z4,Düşük,4.695,29.3,35.58
ankara,etimesgut,1998,9,hayir,evet,yok,konut,var,hafif,T,uyumlu,Z4,Orta,4.26,28.0,22.85
bursa,nilüfer,1985,7,evet,evet,hafif,konut,emin_degil,buyuk,U,farkli,Z3,Yüksek,4.51,28.5,25.2
istanbul,pendik,2000,6,evet,evet,hafif,konut,var,hafif,L,uyumlu,Z2,Orta,4.383,22.7,22.13
adana,yüreğir,2012,13,hayir,hayir,yok,ofis,yok,yok,dikdortgen,yok,Z4,Düşük,5.0,41.0,50.41
muğla,datça,2015,2,hayir,hayir,yok,konut,yok,yok,dikdortgen,yok,Z1,Düşük,4.3,26.3,27.0
konya,selçuklu,1992,9,evet,hayir,yok,konut,var,hafif,kompleks,yok,Z3,Orta,4.287,20.7,19.73
istanbul,avcılar,1980,8,evet,hayir,kolon,konut,var,buyuk,T,yok,Z4,Yüksek,3.93,18.0,18.15
izmir,bornova,2012,14,hayir,hayir,yok,konut,yok,yok,dikdortgen,yok,Z4,Düşük,4.784,24.1,26.09
ankara,keçiören,2005,7,hayir,evet,yok,konut,yok,hafif,dikdortgen,uyumlu,Z2,Düşük,5.11,52.3,55.82
samsun,atakum,2010,12,hayir,hayir,yok,konut,yok,yok,dikdortgen,yok,Z3,Düşük,5.23,37.0,47.87
istanbul,sarıyer,2008,4,hayir,hayir,yok,konut,yok,yok,dikdortgen,yok,Z1,Düşük,4.788,31.0,35.28
bursa,osmangazi,2005,11,hayir,hayir,yok,konut,yok,yok,dikdortgen,yok,Z4,Düşük,4.69,30.0,28.44
adana,seyhan,1990,9,evet,evet,hafif,konut,var,buyuk,L,farkli,Z4,Yüksek,4.13,23.8,14.22
giresun,alucra,2002,5,hayir,hayir,yok,konut,yok,yok,dikdortgen,yok,Z4,Düşük,4.0,22.0,14.8
izmir,konak,1982,8,evet,evet,kolon,okul,var,buyuk,T,farkli,Z3,Yüksek,4.6,30.2,25.1
istanbul,beşiktaş,2008,6,hayir,evet,yok,konut,yok,hafif,U,uyumlu,Z3,Düşük,4.35,27.0,20.4
ankara,mamak,2002,8,hayir,evet,yok,konut,var,hafif,dikdortgen,uyumlu,Z2,Düşük,4.26,28.5,22.16
kocaeli,izmit,1988,7,evet,evet,kolon,hastane,var,buyuk,kompleks,farkli,Z4,Yüksek,4.64,29.0,28.44
istanbul,avcılar,2010,5,hayir,evet,yok,konut,emin_degil,hafif,L,uyumlu,Z4,Düşük,4.123,19.0,16.74
antalya,lara,1998,5,evet,hayir,yok,konut,yok,yok,dikdortgen,yok,Z1,Düşük,4.91,33.0,45.32
bursa,gemlik,1982,6,evet,evet,hafif,konut,var,buyuk,U,farkli,Z4,Yüksek,4.17,21.8,15.49
izmir,balçova,2012,7,hayir,hayir,yok,konut,yok,yok,dikdortgen,yok,Z4,Düşük,4.32,28.7,23.54
ankara,çankaya,2015,10,hayir,hayir,yok,ofis,yok,yok,dikdortgen,yok,Z1,Düşük,4.56,29.0,31.02
istanbul,kadıköy,1995,7,evet,evet,hafif,konut,var,hafif,T,uyumlu,Z2,Düşük,5.22,40.0,45.4
sakarya,merkez,2012,6,hayir,evet,yok,konut,var,hafif,dikdortgen,uyumlu,Z4,Düşük,4.5,33.0,27.3
hatay,antakya,1992,8,evet,evet,kolon,konut,var,buyuk,L,farkli,Z4,Yüksek,4.32,27.3,19.22
antalya,finike,2020,4,hayir,hayir,yok,konut,yok,yok,dikdortgen,yok,Z4,Düşük,4.157,21.7,21.3
eskişehir,odunpazarı,1995,5,evet,hayir,yok,konut,var,hafif,U,yok,Z2,Düşük,4.327,17.7,19.48
istanbul,fatih,1982,5,evet,evet,hafif,konut,var,hafif,kompleks,farkli,Z2,Yüksek,4.71,55.5,56.5
ankara,sincan,2000,8,hayir,evet,yok,konut,var,hafif,L,uyumlu,Z3,Orta,4.785,31.0,40.14
izmir,bornova,2018,10,hayir,hayir,yok,ofis,yok,yok,dikdortgen,yok,Z4,Düşük,4.56,29.0,31.02
bursa,keles,2012,3,hayir,hayir,yok,konut,yok,yok,dikdortgen,yok,Z2,Düşük,4.46,26.4,17.85
istanbul, Zeytinburnu,1990,7,evet,evet,kolon,konut,var,buyuk,T,farkli,Z3,Yüksek,5.23,36.0,49.44
bursa,gemlik,1985,6,evet,evet,hafif,konut,var,buyuk,T,farkli,Z4,Yüksek,4.213,24.3,25.59
izmir,bayraklı,2002,11,hayir,hayir,yok,ofis,yok,yok,dikdortgen,yok,Z4,Düşük,5.22,43.0,58.37
ankara,etimesgut,1995,8,evet,evet,kolon,konut,var,hafif,U,uyumlu,Z4,Yüksek,4.788,31.0,35.28
istanbul,avcılar,1988,7,evet,hayir,hafif,konut,emin_degil,buyuk,L,yok,Z4,Yüksek,3.95,22.0,14.32
sakarya,merkez,2010,5,hayir,hayir,yok,konut,yok,yok,dikdortgen,yok,Z4,Düşük,4.77,30.3,27.36
giresun,alucra,1982,6,evet,hayir,yok,okul,var,hafif,kompleks,yok,Z4,Yüksek,4.69,30.0,26.18
antalya,lara,2018,4,hayir,hayir,yok,konut,yok,yok,dikdortgen,yok,Z1,Düşük,4.31,24.4,15.3
hatay,antakya,1990,8,evet,evet,kolon,hastane,var,buyuk,T,farkli,Z4,Yüksek,4.097,20.7,22.5
kocaeli,izmit,1985,7,evet,hayir,hafif,konut,emin_degil,hafif,U,yok,Z4,Yüksek,4.92,37.0,46.68
istanbul,bakırköy,1975,8,evet,evet,hafif,konut,var,buyuk,L,farkli,Z4,Yüksek,4.55,30.5,27.46
eskişehir,odunpazarı,2012,5,hayir,hayir,yok,konut,yok,yok,dikdortgen,yok,Z2,Düşük,4.55,28.0,24.22
adana,seyhan,1988,11,evet,hayir,kolon,ofis,var,buyuk,kompleks,yok,Z4,Yüksek,4.407,24.3,28.06
manisa,demirci,2000,4,evet,hayir,yok,konut,yok,yok,dikdortgen,yok,Z2,Düşük,4.32,26.0,18.63
izmir,bornova,1998,12,hayir,hayir,yok,konut,yok,yok,dikdortgen,yok,Z4,Düşük,4.45,29.2,22.56
istanbul,tuzla,1992,6,evet,evet,yok,konut,emin_degil,hafif,T,uyumlu,Z3,Orta,4.66,33.0,34.7
ankara,mamak,2008,10,hayir,hayir,yok,konut,yok,yok,dikdortgen,yok,Z2,Düşük,4.45,30.4,26.28
bursa,nilüfer,1990,7,evet,evet,hafif,konut,var,hafif,L,uyumlu,Z3,Orta,4.784,24.1,26.09
antalya,konyaaltı,2010,6,hayir,hayir,yok,konut,yok,yok,dikdortgen,yok,Z3,Düşük,4.35,27.0,20.4
istanbul,kadıköy,1978,8,evet,evet,kolon,konut,var,buyuk,U,farkli,Z2,Yüksek,5.15,51.3,54.22
samsun,bafra,2000,5,hayir,hayir,yok,konut,yok,yok,dikdortgen,yok,Z4,Düşük,4.33,21.7,22.82
izmir,karşıyaka,1985,9,evet,evet,hafif,konut,emin_degil,buyuk,T,farkli,Z4,Yüksek,4.2,20.0,18.03
tekirdağ,çorlu,2015,7,hayir,hayir,yok,konut,yok,yok,dikdortgen,yok,Z2,Düşük,4.45,30.9,26.97
ankara,keçiören,1992,8,hayir,evet,yok,konut,var,hafif,dikdortgen,uyumlu,Z2,Düşük,4.96,37.3,40.99
istanbul,pendik,2005,11,hayir,hayir,yok,ofis,yok,yok,dikdortgen,yok,Z2,Düşük,4.62,25.0,28.61
adana,yüreğir,1988,10,evet,evet,hafif,konut,var,buyuk,kompleks,farkli,Z4,Yüksek,4.66,33.3,29.32
erzincan,merkez,2002,5,evet,hayir,yok,konut,yok,hafif,L,yok,Z4,Orta,3.943,18.0,17.9
istanbul,sarıyer,2008,4,hayir,hayir,yok,konut,yok,yok,dikdortgen,yok,Z1,Düşük,4.88,34.4,42.95
bursa,osmangazi,1982,9,evet,evet,kolon,hastane,var,buyuk,T,farkli,Z4,Yüksek,5.1,39.0,43.44
izmir,konak,1990,7,evet,evet,hafif,konut,emin_degil,hafif,U,uyumlu,Z3,Orta,4.573,28.7,32.18
hatay,iskenderun,1978,10,evet,evet,kolon,konut,var,buyuk,L,farkli,Z4,Yüksek,3.821,19.0,12.8
ankara,sincan,2010,8,hayir,hayir,yok,konut,yok,yok,dikdortgen,yok,Z3,Düşük,4.51,35.7,31.23
istanbul,maltepe,1995,6,evet,evet,yok,konut,var,hafif,dikdortgen,uyumlu,Z2,Düşük,4.45,32.0,31.39
antalya,finike,1990,5,evet,hayir,hafif,okul,var,hafif,T,yok,Z4,Yüksek,4.66,29.7,26.87
sakarya,serdivan,2012,4,hayir,hayir,yok,konut,yok,yok,dikdortgen,yok,Z3,Düşük,4.55,32.4,34.81
istanbul,beşiktaş,1980,6,evet,evet,hafif,konut,emin_degil,buyuk,kompleks,farkli,Z3,Yüksek,4.784,24.1,26.09
bursa,keles,2002,3,hayir,hayir,yok,konut,yok,yok,dikdortgen,yok,Z2,Düşük,4.4,28.6,21.67
izmir,balçova,1988,7,evet,evet,hafif,konut,var,buyuk,T,farkli,Z4,Yüksek,3.943,18.0,17.9
ankara,çankaya,2015,12,hayir,hayir,yok,ofis,yok,yok,dikdortgen,yok,Z1,Düşük,4.8,41.3,42.77
samsun,canik,2000,6,hayir,hayir,yok,konut,yok,yok,dikdortgen,yok,Z2,Düşük,5.21,43.0,71.51
istanbul,fatih,1985,5,evet,evet,kolon,konut,var,hafif,U,uyumlu,Z2,Yüksek,3.663,15.7,11.16
adana,çukurova,2010,13,hayir,hayir,yok,konut,yok,yok,dikdortgen,yok,Z2,Düşük,4.29,28.0,23.73
kayseri,melikgazi,1998,9,hayir,evet,yok,konut,var,hafif,L,uyumlu,Z2,Düşük,4.32,20.7,23.69
istanbul, Zeytinburnu,1992,7,evet,evet,hafif,konut,emin_degil,hafif,dikdortgen,farkli,Z3,Orta,5.023,34.6,52.99
izmir,buca,2008,8,hayir,hayir,yok,konut,yok,yok,dikdortgen,yok,Z2,Düşük,3.443,10.3,11.07
ankara,yenimahalle,1990,7,hayir,evet,yok,konut,var,hafif,T,uyumlu,Z3,Orta,4.7,34.0,29.81
bursa,yıldırım,2012,5,hayir,hayir,yok,konut,yok,yok,dikdortgen,yok,Z2,Düşük,4.55,30.7,35.5
istanbul,kartal,2008,16,hayir,hayir,yok,konut,yok,yok,dikdortgen,yok,Z1,Düşük,4.8,32.2,38.21
giresun,alucra,1975,5,evet,hayir,kolon,konut,var,buyuk,L,yok,Z4,Yüksek,4.7,34.0,29.81
eskişehir,merkez,1988,9,evet,evet,hafif,konut,var,hafif,U,farkli,Z4,Yüksek,4.69,37.5,33.89
istanbul,avcılar,2015,6,hayir,hayir,yok,konut,yok,yok,dikdortgen,yok,Z4,Düşük,4.5,32.4,33.7
antalya,demre,2002,3,evet,hayir,yok,konut,yok,yok,dikdortgen,yok,Z4,Düşük,4.69,30.0,28.44
kocaeli,gebze,2005,7,hayir,evet,yok,konut,var,hafif,T,uyumlu,Z2,Düşük,4.113,22.0,23.03
samsun,çarşamba,1990,5,evet,hayir,hafif,okul,var,hafif,kompleks,yok,Z4,Yüksek,4.31,24.4,15.3
izmir,bayraklı,1998,10,hayir,hayir,yok,ofis,yok,yok,dikdortgen,yok,Z4,Düşük,4.55,33.0,36.19
ankara,gölbaşı,2012,4,hayir,hayir,yok,konut,yok,yok,dikdortgen,yok,Z4,Düşük,4.58,26.6,22.16
bursa,gemlik,1992,6,evet,hayir,hafif,konut,var,hafif,L,yok,Z4,Yüksek,4.45,30.9,26.97
istanbul,bakırköy,1970,9,evet,evet,kolon,hastane,var,buyuk,T,farkli,Z4,Yüksek,4.46,26.4,17.85
hatay,antakya,2008,8,hayir,evet,yok,konut,emin_degil,hafif,U,uyumlu,Z4,Düşük,5.08,49.1,52.65
antalya,lara,2012,5,hayir,hayir,yok,konut,yok,yok,dikdortgen,yok,Z1,Düşük,5.22,53.5,58.93
sakarya,merkez,1985,5,evet,evet,kolon,konut,var,buyuk,T,farkli,Z4,Yüksek,5.22,42.0,50.01
istanbul,tuzla,2010,11,hayir,hayir,yok,konut,yok,yok,dikdortgen,yok,Z3,Düşük,4.62,31.9,28.14
izmir,karşıyaka,2005,10,hayir,hayir,yok,konut,yok,yok,dikdortgen,yok,Z4,Düşük,4.12,24.0,14.91
ankara,etimesgut,1995,9,hayir,evet,yok,konut,var,hafif,T,uyumlu,Z4,Orta,4.8,38.1,40.4
bursa,nilüfer,1982,7,evet,evet,hafif,konut,emin_degil,buyuk,L,farkli,Z3,Yüksek,5.06,52.2,54.96
istanbul,pendik,1998,6,evet,evet,hafif,konut,var,hafif,U,uyumlu,Z2,Orta,4.7,34.0,29.81
adana,yüreğir,2010,13,hayir,hayir,yok,ofis,yok,yok,dikdortgen,yok,Z4,Düşük,4.77,37.1,39.72
muğla,datça,2012,2,hayir,hayir,yok,konut,yok,yok,dikdortgen,yok,Z1,Düşük,4.55,29.4,24.03
konya,selçuklu,1995,9,evet,hayir,yok,konut,var,hafif,T,yok,Z3,Orta,4.55,33.0,36.19
istanbul,avcılar,1978,8,evet,hayir,kolon,konut,var,buyuk,L,yok,Z4,Yüksek,4.55,32.4,34.81
izmir,bornova,2010,14,hayir,hayir,yok,konut,yok,yok,dikdortgen,yok,Z4,Düşük,4.307,18.7,16.99
ankara,keçiören,2002,7,hayir,evet,yok,konut,yok,hafif,dikdortgen,uyumlu,Z2,Düşük,5.14,42.0,64.94
samsun,atakum,2008,12,hayir,hayir,yok,konut,yok,yok,dikdortgen,yok,Z3,Düşük,4.44,25.5,17.65
istanbul,sarıyer,2005,4,hayir,hayir,yok,konut,yok,yok,dikdortgen,yok,Z1,Düşük,4.95,36.2,39.72
bursa,osmangazi,2002,11,hayir,hayir,yok,konut,yok,yok,dikdortgen,yok,Z4,Düşük,4.91,33.0,45.32
adana,seyhan,1990,9,evet,evet,hafif,konut,var,buyuk,T,farkli,Z4,Yüksek,4.627,32.0,34.66
giresun,alucra,1998,5,hayir,hayir,yok,konut,yok,yok,dikdortgen,yok,Z4,Düşük,4.73,30.0,25.3
izmir,konak,1985,8,evet,evet,kolon,okul,var,buyuk,L,farkli,Z3,Yüksek,4.457,25.0,28.01
istanbul,beşiktaş,2005,6,hayir,evet,yok,konut,yok,hafif,U,uyumlu,Z3,Düşük,4.55,27.4,22.36
ankara,mamak,2000,8,hayir,evet,yok,konut,var,hafif,dikdortgen,uyumlu,Z2,Düşük,5.14,42.0,64.94
kocaeli,izmit,1985,7,evet,evet,kolon,hastane,var,buyuk,kompleks,farkli,Z4,Yüksek,4.65,29.0,23.83
istanbul,avcılar,2008,5,hayir,evet,yok,konut,emin_degil,hafif,T,uyumlu,Z4,Düşük,4.82,25.0,27.96
antalya,lara,1992,5,evet,hayir,yok,konut,yok,yok,dikdortgen,yok,Z1,Düşük,4.8,38.1,40.4
bursa,gemlik,1978,6,evet,evet,hafif,konut,var,buyuk,U,farkli,Z4,Yüksek,4.85,41.5,37.65
izmir,balçova,2010,7,hayir,hayir,yok,konut,yok,yok,dikdortgen,yok,Z4,Düşük,4.69,30.0,26.18
ankara,çankaya,2018,10,hayir,hayir,yok,ofis,yok,yok,dikdortgen,yok,Z1,Düşük,4.65,31.3,29.62
istanbul,kadıköy,1990,7,evet,evet,hafif,konut,var,hafif,T,uyumlu,Z2,Düşük,4.45,30.9,27.46
sakarya,merkez,2005,6,hayir,evet,yok,konut,var,hafif,dikdortgen,uyumlu,Z4,Düşük,4.54,26.0,19.12
hatay,antakya,1988,8,evet,evet,kolon,konut,var,buyuk,L,farkli,Z4,Yüksek,4.61,30.0,28.14
antalya,finike,2018,4,hayir,hayir,yok,konut,yok,yok,dikdortgen,yok,Z4,Düşük,4.73,30.0,25.3
eskişehir,odunpazarı,1992,5,evet,hayir,yok,konut,var,hafif,U,yok,Z2,Düşük,3.623,18.7,14.11
istanbul,fatih,1980,5,evet,evet,hafif,konut,var,hafif,kompleks,farkli,Z2,Yüksek,5.1,34.0,51.7
ankara,sincan,1998,8,hayir,evet,yok,konut,var,hafif,L,uyumlu,Z3,Orta,4.65,45.9,48.3
izmir,bornova,2015,10,hayir,hayir,yok,ofis,yok,yok,dikdortgen,yok,Z4,Düşük,4.38,23.3,28.94
bursa,keles,2010,3,hayir,hayir,yok,konut,yok,yok,dikdortgen,yok,Z2,Düşük,4.888,43.3,39.23
istanbul, Zeytinburnu,1988,7,evet,evet,kolon,konut,var,buyuk,T,farkli,Z3,Yüksek,4.457,27.3,29.94
bursa,gemlik,1995,7,evet,evet,hafif,konut,var,buyuk,T,farkli,Z4,Yüksek,4.123,19.0,16.74
izmir,karşıyaka,1985,8,evet,evet,hafif,konut,emin_degil,hafif,L,farkli,Z4,Yüksek,4.55,29.4,23.73
ankara,etimesgut,2002,9,hayir,evet,yok,konut,var,hafif,U,uyumlu,Z4,Orta,4.88,34.4,42.95
istanbul,avcılar,1990,7,evet,hayir,hafif,konut,emin_degil,buyuk,dikdortgen,yok,Z4,Yüksek,4.393,18.0,19.32
sakarya,merkez,2015,5,hayir,hayir,yok,konut,yok,yok,dikdortgen,yok,Z4,Düşük,4.52,30.0,26.38
giresun,alucra,1988,6,evet,hayir,yok,okul,var,hafif,kompleks,yok,Z4,Yüksek,4.58,24.4,16.67
antalya,lara,2020,4,hayir,hayir,yok,konut,yok,yok,dikdortgen,yok,Z1,Düşük,4.88,34.0,52.48
hatay,antakya,1995,8,evet,evet,kolon,hastane,var,buyuk,T,farkli,Z4,Yüksek,4.2,22.2,15.4
kocaeli,izmit,1982,7,evet,hayir,hafif,konut,emin_degil,hafif,U,yok,Z4,Yüksek,3.76,20.3,16.45
istanbul,bakırköy,1970,8,evet,evet,hafif,konut,var,buyuk,L,farkli,Z4,Yüksek,5.22,41.5,50.21
eskişehir,odunpazarı,2010,5,hayir,hayir,yok,konut,yok,yok,dikdortgen,yok,Z2,Düşük,4.45,24.6,16.67
adana,seyhan,1992,11,evet,hayir,kolon,ofis,var,buyuk,kompleks,yok,Z4,Yüksek,5.038,47.8,58.06
manisa,demirci,2005,4,evet,hayir,yok,konut,yok,yok,dikdortgen,yok,Z2,Düşük,5.0,41.0,50.41
izmir,bornova,1995,12,hayir,hayir,yok,konut,yok,yok,dikdortgen,yok,Z4,Düşük,4.8,36.0,41.76
istanbul,tuzla,1998,6,evet,evet,yok,konut,emin_degil,hafif,T,uyumlu,Z3,Orta,4.98,40.0,49.13
ankara,mamak,2012,10,hayir,hayir,yok,konut,yok,yok,dikdortgen,yok,Z2,Düşük,4.7,34.0,28.76
bursa,nilüfer,1988,7,evet,evet,hafif,konut,var,hafif,L,uyumlu,Z3,Orta,4.477,24.3,24.6
antalya,konyaaltı,2015,6,hayir,hayir,yok,konut,yok,yok,dikdortgen,yok,Z3,Düşük,4.297,20.0,22.77
istanbul,kadıköy,1985,8,evet,evet,kolon,konut,var,buyuk,U,farkli,Z2,Yüksek,4.157,23.0,21.41
samsun,bafra,2002,5,hayir,hayir,yok,konut,yok,yok,dikdortgen,yok,Z4,Düşük,4.75,33.9,33.05
izmir,bayraklı,1990,9,evet,evet,hafif,konut,emin_degil,buyuk,T,farkli,Z4,Yüksek,4.2,29.0,21.8
tekirdağ,çorlu,2012,7,hayir,hayir,yok,konut,yok,yok,dikdortgen,yok,Z2,Düşük,4.53,36.4,32.12
ankara,keçiören,2000,8,hayir,evet,yok,konut,var,hafif,dikdortgen,uyumlu,Z2,Düşük,4.45,29.9,27.46
istanbul,pendik,2008,11,hayir,hayir,yok,ofis,yok,yok,dikdortgen,yok,Z2,Düşük,5.27,36.0,50.23
adana,yüreğir,1985,10,evet,evet,hafif,konut,var,buyuk,kompleks,farkli,Z4,Yüksek,4.48,29.1,22.36
erzincan,merkez,1998,5,evet,hayir,yok,konut,yok,hafif,L,yok,Z4,Orta,4.45,28.0,24.42
istanbul,sarıyer,2015,4,hayir,hayir,yok,konut,yok,yok,dikdortgen,yok,Z1,Düşük,4.44,25.4,18.34
bursa,osmangazi,1982,9,evet,evet,kolon,hastane,var,buyuk,T,farkli,Z4,Yüksek,4.723,33.7,33.73
izmir,konak,1988,7,evet,evet,hafif,konut,emin_degil,hafif,U,uyumlu,Z3,Orta,5.239,42.4,70.77
hatay,iskenderun,1992,10,evet,evet,kolon,konut,var,buyuk,L,farkli,Z4,Yüksek,4.15,23.5,16.18
ankara,sincan,2005,8,hayir,hayir,yok,konut,yok,yok,dikdortgen,yok,Z3,Düşük,4.58,29.8,23.54
istanbul,maltepe,2002,6,evet,evet,yok,konut,var,hafif,dikdortgen,uyumlu,Z2,Düşük,4.457,27.3,29.94
antalya,finike,1995,5,evet,hayir,hafif,okul,var,hafif,T,yok,Z4,Yüksek,4.6,36.6,34.7
sakarya,serdivan,2010,4,hayir,hayir,yok,konut,yok,yok,dikdortgen,yok,Z3,Düşük,4.96,38.5,41.68
istanbul,beşiktaş,1985,6,evet,evet,hafif,konut,emin_degil,buyuk,kompleks,farkli,Z3,Yüksek,4.45,28.2,20.99
bursa,keles,2000,3,hayir,hayir,yok,konut,yok,yok,dikdortgen,yok,Z2,Düşük,4.78,37.2,39.72
izmir,balçova,1992,7,evet,evet,hafif,konut,var,buyuk,T,farkli,Z4,Yüksek,4.67,31.2,27.26
ankara,çankaya,2012,12,hayir,hayir,yok,ofis,yok,yok,dikdortgen,yok,Z1,Düşük,4.53,25.4,20.1
samsun,canik,2005,6,hayir,hayir,yok,konut,yok,yok,dikdortgen,yok,Z2,Düşük,4.57,37.9,32.26
istanbul,fatih,1982,5,evet,evet,kolon,konut,var,hafif,U,uyumlu,Z2,Yüksek,5.1,39.0,43.44
adana,çukurova,2018,13,hayir,hayir,yok,konut,yok,yok,dikdortgen,yok,Z2,Düşük,4.5,30.0,33.0
kayseri,melikgazi,2005,9,hayir,evet,yok,konut,var,hafif,L,uyumlu,Z2,Düşük,4.44,28.5,19.91
istanbul, Zeytinburnu,1990,7,evet,evet,hafif,konut,emin_degil,hafif,dikdortgen,farkli,Z3,Orta,4.007,18.0,16.07
izmir,buca,2012,8,hayir,hayir,yok,konut,yok,yok,dikdortgen,yok,Z2,Düşük,4.78,31.8,31.58
ankara,yenimahalle,1998,7,hayir,evet,yok,konut,var,hafif,T,uyumlu,Z3,Orta,4.77,30.0,28.05
bursa,yıldırım,2008,5,hayir,hayir,yok,konut,yok,yok,dikdortgen,yok,Z2,Düşük,4.4,35.0,30.5
istanbul,kartal,2015,16,hayir,hayir,yok,konut,yok,yok,dikdortgen,yok,Z1,Düşük,4.52,28.0,23.14
giresun,alucra,1980,5,evet,hayir,kolon,konut,var,buyuk,L,yok,Z4,Yüksek,4.65,45.9,48.3
eskişehir,merkez,1995,9,evet,evet,hafif,konut,var,hafif,U,farkli,Z4,Yüksek,4.8,38.0,36.67
istanbul,avcılar,2012,6,hayir,hayir,yok,konut,yok,yok,dikdortgen,yok,Z4,Düşük,4.37,26.0,19.22
antalya,demre,2008,3,evet,hayir,yok,konut,yok,yok,dikdortgen,yok,Z4,Düşük,5.08,49.1,52.65
kocaeli,gebze,2010,7,hayir,evet,yok,konut,var,hafif,T,uyumlu,Z2,Düşük,4.41,23.3,23.46
samsun,çarşamba,1995,5,evet,hayir,hafif,okul,var,hafif,kompleks,yok,Z4,Yüksek,4.95,36.2,39.72
izmir,karşıyaka,2000,10,hayir,hayir,yok,ofis,yok,yok,dikdortgen,yok,Z4,Düşük,4.2,22.2,15.4
ankara,gölbaşı,2012,4,hayir,hayir,yok,konut,yok,yok,dikdortgen,yok,Z4,Düşük,4.55,27.0,20.3
bursa,gemlik,1988,6,evet,hayir,hafif,konut,var,hafif,L,yok,Z4,Yüksek,4.03,21.6,12.85
istanbul,bakırköy,1975,9,evet,evet,kolon,hastane,var,buyuk,T,farkli,Z4,Yüksek,4.81,34.6,41.97
hatay,antakya,2005,8,hayir,evet,yok,konut,emin_degil,hafif,U,uyumlu,Z4,Düşük,4.17,22.0,14.42
antalya,lara,2022,6,hayir,hayir,yok,konut,yok,yok,dikdortgen,yok,Z1,Düşük,4.407,26.7,25.6
sakarya,merkez,1988,5,evet,evet,kolon,konut,var,buyuk,L,farkli,Z4,Yüksek,4.785,31.0,40.14
istanbul,tuzla,2010,11,hayir,hayir,yok,konut,yok,yok,dikdortgen,yok,Z3,Düşük,4.28,27.0,22.36
izmir,bornova,2015,10,hayir,hayir,yok,konut,yok,yok,dikdortgen,yok,Z4,Düşük,5.117,39.5,55.09
ankara,etimesgut,2002,9,hayir,evet,yok,konut,var,hafif,T,uyumlu,Z4,Orta,4.682,29.7,36.75
bursa,nilüfer,1990,7,evet,evet,hafif,konut,emin_degil,buyuk,L,farkli,Z3,Yüksek,5.05,38.2,43.25
istanbul,pendik,1995,6,evet,evet,hafif,konut,var,hafif,L,uyumlu,Z2,Orta,3.443,10.3,11.07
adana,yüreğir,2015,13,hayir,hayir,yok,ofis,yok,yok,dikdortgen,yok,Z4,Düşük,4.5,33.0,27.3
muğla,datça,2018,2,hayir,hayir,yok,konut,yok,yok,dikdortgen,yok,Z1,Düşük,4.55,27.0,20.3
konya,selçuklu,1995,9,evet,hayir,yok,konut,var,hafif,T,yok,Z3,Orta,4.26,24.0,16.67
istanbul,avcılar,1985,8,evet,hayir,kolon,konut,var,buyuk,U,yok,Z4,Yüksek,4.51,27.0,27.73
izmir,bornova,2018,14,hayir,hayir,yok,konut,yok,yok,dikdortgen,yok,Z4,Düşük,4.173,25.3,27.48
ankara,keçiören,2010,7,hayir,evet,yok,konut,yok,hafif,dikdortgen,uyumlu,Z2,Düşük,3.95,20.0,12.65
samsun,atakum,2015,12,hayir,hayir,yok,konut,yok,yok,dikdortgen,yok,Z3,Düşük,4.66,33.3,29.32
istanbul,sarıyer,2002,4,hayir,hayir,yok,konut,yok,yok,dikdortgen,yok,Z1,Düşük,4.8,33.6,34.62
bursa,osmangazi,2008,11,hayir,hayir,yok,konut,yok,yok,dikdortgen,yok,Z4,Düşük,4.2,32.0,25.33
adana,seyhan,1992,9,evet,evet,hafif,konut,var,buyuk,T,farkli,Z4,Yüksek,4.55,29.4,24.03
giresun,alucra,1998,5,hayir,hayir,yok,konut,yok,yok,dikdortgen,yok,Z4,Düşük,4.41,23.3,23.46
izmir,konak,1988,8,evet,evet,kolon,okul,var,buyuk,L,farkli,Z3,Yüksek,4.45,30.9,27.46
istanbul,beşiktaş,2012,6,hayir,evet,yok,konut,yok,hafif,U,uyumlu,Z3,Düşük,4.75,33.8,34.81
ankara,mamak,2005,8,hayir,evet,yok,konut,var,hafif,dikdortgen,uyumlu,Z2,Düşük,4.78,37.2,39.72
kocaeli,izmit,1990,7,evet,evet,kolon,hastane,var,buyuk,kompleks,farkli,Z4,Yüksek,5.23,36.0,49.44
istanbul,avcılar,2005,5,hayir,evet,yok,konut,emin_degil,hafif,T,uyumlu,Z4,Düşük,4.629,31.3,37.22
antalya,lara,2000,5,evet,hayir,yok,konut,yok,yok,dikdortgen,yok,Z1,Düşük,4.25,26.7,27.19
bursa,gemlik,1985,6,evet,evet,hafif,konut,var,buyuk,U,farkli,Z4,Yüksek,4.9,34.0,53.27
izmir,balçova,2008,7,hayir,hayir,yok,konut,yok,yok,dikdortgen,yok,Z4,Düşük,5.117,39.5,55.09
ankara,çankaya,2010,10,hayir,hayir,yok,ofis,yok,yok,dikdortgen,yok,Z1,Düşük,4.45,30.5,25.99
istanbul,kadıköy,1992,7,evet,evet,hafif,konut,var,hafif,L,uyumlu,Z2,Düşük,4.99,41.2,50.8
sakarya,merkez,2008,6,hayir,evet,yok,konut,var,hafif,dikdortgen,uyumlu,Z4,Düşük,3.95,22.0,14.32
hatay,antakya,1995,8,evet,evet,kolon,konut,var,buyuk,T,farkli,Z4,Yüksek,4.73,32.5,30.89
antalya,finike,2015,4,hayir,hayir,yok,konut,yok,yok,dikdortgen,yok,Z4,Düşük,4.173,24.0,29.35
eskişehir,odunpazarı,1998,5,evet,hayir,yok,konut,var,hafif,U,yok,Z2,Düşük,4.8,36.0,47.56
istanbul,fatih,1985,5,evet,evet,hafif,konut,var,hafif,kompleks,farkli,Z2,Yüksek,4.62,25.0,28.61
ankara,sincan,2002,8,hayir,evet,yok,konut,var,hafif,L,uyumlu,Z3,Orta,4.77,37.3,41.19
izmir,bornova,2022,10,hayir,hayir,yok,ofis,yok,yok,dikdortgen,yok,Z4,Düşük,4.18,22.8,15.0
bursa,keles,2015,3,hayir,hayir,yok,konut,yok,yok,dikdortgen,yok,Z2,Düşük,4.39,23.3,22.77
istanbul, Zeytinburnu,1985,7,evet,evet,kolon,konut,var,buyuk,L,farkli,Z3,Yüksek,4.327,17.7,19.48
bursa,gemlik,1988,6,evet,evet,hafif,konut,var,buyuk,L,farkli,Z4,Yüksek,4.173,22.3,18.32
izmir,bayraklı,2010,12,hayir,hayir,yok,ofis,yok,yok,dikdortgen,yok,Z4,Düşük,4.173,24.0,29.35
ankara,etimesgut,1992,8,evet,evet,kolon,konut,var,hafif,U,uyumlu,Z4,Yüksek,4.3,32.0,24.07
istanbul,avcılar,1995,7,evet,hayir,hafif,konut,emin_degil,buyuk,T,yok,Z4,Yüksek,4.779,30.5,42.51
sakarya,merkez,2005,5,hayir,hayir,yok,konut,yok,yok,dikdortgen,yok,Z4,Düşük,4.796,31.2,39.8
giresun,alucra,1982,6,evet,hayir,yok,okul,var,hafif,kompleks,yok,Z4,Yüksek,5.22,42.0,50.01
antalya,lara,2015,4,hayir,hayir,yok,konut,yok,yok,dikdortgen,yok,Z1,Düşük,4.53,36.4,32.12
hatay,antakya,1998,8,evet,evet,kolon,hastane,var,buyuk,L,farkli,Z4,Yüksek,4.667,42.0,39.8
kocaeli,izmit,1985,7,evet,hayir,hafif,konut,emin_degil,hafif,U,yok,Z4,Yüksek,4.32,28.2,23.34
istanbul,bakırköy,1972,8,evet,evet,hafif,konut,var,buyuk,T,farkli,Z4,Yüksek,4.71,55.5,56.5
eskişehir,odunpazarı,2008,5,hayir,hayir,yok,konut,yok,yok,dikdortgen,yok,Z2,Düşük,4.253,22.7,23.9
adana,seyhan,1992,11,evet,hayir,kolon,ofis,var,buyuk,kompleks,yok,Z4,Yüksek,4.5,33.0,27.3
manisa,demirci,2010,4,evet,hayir,yok,konut,yok,yok,dikdortgen,yok,Z2,Düşük,4.96,38.9,42.95
izmir,bornova,1995,12,hayir,hayir,yok,konut,yok,yok,dikdortgen,yok,Z4,Düşük,5.23,36.0,49.44
istanbul,tuzla,1990,6,evet,evet,yok,konut,emin_degil,hafif,U,uyumlu,Z3,Orta,4.31,24.4,15.3
ankara,mamak,2005,10,hayir,hayir,yok,konut,yok,yok,dikdortgen,yok,Z2,Düşük,4.333,28.7,36.33
bursa,nilüfer,1998,7,evet,evet,hafif,konut,var,hafif,L,uyumlu,Z3,Orta,3.943,18.0,17.9
antalya,konyaaltı,2015,6,hayir,hayir,yok,konut,yok,yok,dikdortgen,yok,Z3,Düşük,4.98,38.0,46.7
istanbul,kadıköy,1985,8,evet,evet,kolon,konut,var,buyuk,T,farkli,Z2,Yüksek,4.5,28.0,22.26
samsun,bafra,2010,5,hayir,hayir,yok,konut,yok,yok,dikdortgen,yok,Z4,Düşük,4.78,36.0,39.45
izmir,karşıyaka,1992,9,evet,evet,hafif,konut,emin_degil,buyuk,L,farkli,Z4,Yüksek,5.15,51.3,54.22
tekirdağ,çorlu,2012,7,hayir,hayir,yok,konut,yok,yok,dikdortgen,yok,Z2,Düşük,4.89,43.5,43.67
ankara,keçiören,2000,8,hayir,evet,yok,konut,var,hafif,dikdortgen,uyumlu,Z2,Düşük,4.154,31.0,23.9
istanbul,pendik,2015,11,hayir,hayir,yok,ofis,yok,yok,dikdortgen,yok,Z2,Düşük,3.917,15.0,14.69
adana,yüreğir,1985,10,evet,evet,hafif,konut,var,buyuk,kompleks,farkli,Z4,Yüksek,4.08,19.0,19.82
erzincan,merkez,2008,5,evet,hayir,yok,konut,yok,hafif,U,yok,Z4,Orta,5.0,41.0,50.41
istanbul,sarıyer,2005,4,hayir,hayir,yok,konut,yok,yok,dikdortgen,yok,Z1,Düşük,4.55,33.0,36.19
bursa,osmangazi,1990,9,evet,evet,kolon,hastane,var,buyuk,L,farkli,Z4,Yüksek,5.05,42.0,65.43
izmir,konak,1985,7,evet,evet,hafif,konut,emin_degil,hafif,T,uyumlu,Z3,Orta,5.05,40.0,56.21
hatay,iskenderun,1995,10,evet,evet,kolon,konut,var,buyuk,U,farkli,Z4,Yüksek,4.55,27.0,20.3
ankara,sincan,2008,8,hayir,hayir,yok,konut,yok,yok,dikdortgen,yok,Z3,Düşük,3.94,21.3,18.65
istanbul,maltepe,2000,6,evet,evet,yok,konut,var,hafif,dikdortgen,uyumlu,Z2,Düşük,4.147,20.3,20.21
antalya,finike,1998,5,evet,hayir,hafif,okul,var,hafif,L,yok,Z4,Yüksek,3.94,21.3,18.65
sakarya,serdivan,2018,4,hayir,hayir,yok,konut,yok,yok,dikdortgen,yok,Z3,Düşük,4.08,19.0,19.82
istanbul,beşiktaş,1982,6,evet,evet,hafif,konut,emin_degil,buyuk,T,farkli,Z3,Yüksek,4.73,32.5,30.89
bursa,keles,2010,3,hayir,hayir,yok,konut,yok,yok,dikdortgen,yok,Z2,Düşük,4.63,29.7,24.32
izmir,balçova,1995,7,evet,evet,hafif,konut,var,buyuk,U,farkli,Z4,Yüksek,4.36,26.3,22.87
ankara,çankaya,2015,12,hayir,hayir,yok,ofis,yok,yok,dikdortgen,yok,Z1,Düşük,4.63,29.7,24.32
samsun,canik,2005,6,hayir,hayir,yok,konut,yok,yok,dikdortgen,yok,Z2,Düşük,4.28,21.0,27.02
istanbul,fatih,1988,5,evet,evet,kolon,konut,var,hafif,kompleks,uyumlu,Z2,Yüksek,4.35,27.0,20.4
adana,çukurova,2012,13,hayir,hayir,yok,konut,yok,yok,dikdortgen,yok,Z2,Düşük,5.02,38.0,52.3
kayseri,melikgazi,2002,9,hayir,evet,yok,konut,var,hafif,L,uyumlu,Z2,Düşük,4.74,34.3,37.64
istanbul, Zeytinburnu,1995,7,evet,evet,hafif,konut,emin_degil,hafif,T,farkli,Z3,Orta,4.32,28.7,23.54
izmir,buca,2005,8,hayir,hayir,yok,konut,yok,yok,dikdortgen,yok,Z2,Düşük,4.98,40.0,49.13
ankara,yenimahalle,1992,7,hayir,evet,yok,konut,var,hafif,U,uyumlu,Z3,Orta,4.42,30.0,25.01
bursa,yıldırım,2015,5,hayir,hayir,yok,konut,yok,yok,dikdortgen,yok,Z2,Düşük,4.573,28.7,32.18
istanbul,kartal,2010,16,hayir,hayir,yok,konut,yok,yok,dikdortgen,yok,Z1,Düşük,4.44,25.4,18.34
giresun,alucra,1985,5,evet,hayir,kolon,konut,var,buyuk,L,yok,Z4,Yüksek,4.413,23.7,30.56
eskişehir,merkez,1990,9,evet,evet,hafif,konut,var,hafif,T,farkli,Z4,Yüksek,4.375,35.0,28.2
istanbul,avcılar,2018,6,hayir,hayir,yok,konut,yok,yok,dikdortgen,yok,Z4,Düşük,5.18,43.0,69.36
antalya,demre,2005,3,evet,hayir,yok,konut,yok,yok,dikdortgen,yok,Z4,Düşük,4.77,30.0,28.05
kocaeli,gebze,2012,7,hayir,evet,yok,konut,var,hafif,U,uyumlu,Z2,Düşük,4.61,26.4,20.2
samsun,çarşamba,1992,5,evet,hayir,hafif,okul,var,hafif,L,yok,Z4,Yüksek,4.8,41.3,42.77
izmir,bayraklı,2002,10,hayir,hayir,yok,ofis,yok,yok,dikdortgen,yok,Z4,Düşük,4.85,35.2,39.72
ankara,gölbaşı,2015,4,hayir,hayir,yok,konut,yok,yok,dikdortgen,yok,Z4,Düşük,4.13,20.7,20.4
bursa,gemlik,1998,6,evet,hayir,hafif,konut,var,hafif,T,yok,Z4,Yüksek,4.28,21.0,27.02
istanbul,bakırköy,1975,9,evet,evet,kolon,hastane,var,buyuk,L,farkli,Z4,Yüksek,4.71,55.5,56.5
hatay,antakya,2008,8,hayir,evet,yok,konut,emin_degil,hafif,U,uyumlu,Z4,Düşük,4.26,28.5,22.16
antalya,lara,2018,5,hayir,hayir,yok,konut,yok,yok,dikdortgen,yok,Z1,Düşük,4.55,28.0,24.22
sakarya,merkez,1995,5,evet,evet,kolon,konut,var,buyuk,kompleks,farkli,Z4,Yüksek,4.44,25.4,18.34
istanbul,tuzla,2012,11,hayir,hayir,yok,konut,yok,yok,dikdortgen,yok,Z3,Düşük,4.35,24.9,15.79
izmir,karşıyaka,2002,10,hayir,hayir,yok,konut,yok,yok,dikdortgen,yok,Z4,Düşük,5.08,38.0,52.29
ankara,etimesgut,1992,9,hayir,evet,yok,konut,var,hafif,L,uyumlu,Z4,Orta,5.08,49.1,52.65
bursa,nilüfer,1985,7,evet,evet,hafif,konut,emin_degil,buyuk,T,farkli,Z3,Yüksek,4.75,33.8,34.81
istanbul,pendik,2005,6,evet,evet,hafif,konut,var,hafif,U,uyumlu,Z2,Orta,4.61,26.4,20.2
adana,yüreğir,2012,13,hayir,hayir,yok,ofis,yok,yok,dikdortgen,yok,Z4,Düşük,3.663,15.7,11.16
muğla,datça,2015,2,hayir,hayir,yok,konut,yok,yok,dikdortgen,yok,Z1,Düşük,4.333,28.7,36.33
konya,selçuklu,1998,9,evet,hayir,yok,konut,var,hafif,L,yok,Z3,Orta,4.333,25.0,30.27
istanbul,avcılar,1982,8,evet,hayir,kolon,konut,var,buyuk,T,yok,Z4,Yüksek,4.3,19.0,23.77
izmir,bornova,2015,14,hayir,hayir,yok,konut,yok,yok,dikdortgen,yok,Z4,Düşük,4.63,29.7,24.32
ankara,keçiören,2008,7,hayir,evet,yok,konut,yok,hafif,dikdortgen,uyumlu,Z2,Düşük,5.22,39.0,60.14
samsun,atakum,2012,12,hayir,hayir,yok,konut,yok,yok,dikdortgen,yok,Z3,Düşük,3.87,18.3,14.14
istanbul,sarıyer,2002,4,hayir,hayir,yok,konut,yok,yok,dikdortgen,yok,Z1,Düşük,4.627,32.0,34.66
bursa,osmangazi,2005,11,hayir,hayir,yok,konut,yok,yok,dikdortgen,yok,Z4,Düşük,4.5,33.0,23.9
adana,seyhan,1995,9,evet,evet,hafif,konut,var,buyuk,U,farkli,Z4,Yüksek,4.95,39.0,51.27
giresun,alucra,1992,5,hayir,hayir,yok,konut,yok,yok,dikdortgen,yok,Z4,Düşük,4.18,22.0,19.92
izmir,konak,1985,8,evet,evet,kolon,okul,var,buyuk,T,farkli,Z3,Yüksek,4.77,30.3,27.36
istanbul,beşiktaş,2010,6,hayir,evet,yok,konut,yok,hafif,L,uyumlu,Z3,Düşük,4.91,46.7,46.97
ankara,mamak,2005,8,hayir,evet,yok,konut,var,hafif,dikdortgen,uyumlu,Z2,Düşük,4.51,35.7,31.23
kocaeli,izmit,1988,7,evet,evet,kolon,hastane,var,buyuk,kompleks,farkli,Z4,Yüksek,4.55,30.1,29.62
istanbul,avcılar,2008,5,hayir,evet,yok,konut,emin_degil,hafif,T,uyumlu,Z4,Düşük,4.8,36.0,47.56
antalya,lara,1995,5,evet,hayir,yok,konut,yok,yok,dikdortgen,yok,Z1,Düşük,4.29,28.0,23.73
bursa,gemlik,1980,6,evet,evet,hafif,konut,var,buyuk,L,farkli,Z4,Yüksek,4.5,30.0,33.0
izmir,balçova,2015,7,hayir,hayir,yok,konut,yok,yok,dikdortgen,yok,Z4,Düşük,4.157,23.0,21.41
ankara,çankaya,2018,10,hayir,hayir,yok,ofis,yok,yok,dikdortgen,yok,Z1,Düşük,4.28,27.0,22.36
istanbul,kadıköy,1995,7,evet,evet,hafif,konut,var,hafif,U,uyumlu,Z2,Düşük,5.23,41.0,61.9
sakarya,merkez,2010,6,hayir,evet,yok,konut,var,hafif,dikdortgen,uyumlu,Z4,Düşük,4.477,24.3,24.6
hatay,antakya,1990,8,evet,evet,kolon,konut,var,buyuk,T,farkli,Z4,Yüksek,4.123,19.0,16.74
antalya,finike,2022,4,hayir,hayir,yok,konut,yok,yok,dikdortgen,yok,Z4,Düşük,4.24,23.3,19.82
eskişehir,odunpazarı,1995,5,evet,hayir,yok,konut,var,hafif,L,yok,Z2,Düşük,4.62,30.8,28.93
istanbul,fatih,1988,5,evet,evet,hafif,konut,var,hafif,kompleks,farkli,Z2,Yüksek,4.76,32.2,32.36
ankara,sincan,1995,8,hayir,evet,yok,konut,var,hafif,T,uyumlu,Z3,Orta,3.93,18.0,18.15
izmir,bornova,2020,10,hayir,hayir,yok,ofis,yok,yok,dikdortgen,yok,Z4,Düşük,4.29,29.6,22.85
bursa,keles,2012,3,hayir,hayir,yok,konut,yok,yok,dikdortgen,yok,Z2,Düşük,4.51,25.4,16.67
istanbul, Zeytinburnu,1982,7,evet,evet,kolon,konut,var,buyuk,U,farkli,Z3,Yüksek,4.51,27.2,23.3
bursa,gemlik,1990,6,evet,evet,hafif,konut,var,buyuk,T,farkli,Z4,Yüksek,3.91,17.3,12.82
izmir,bayraklı,2005,11,hayir,hayir,yok,ofis,yok,yok,dikdortgen,yok,Z4,Düşük,4.02,20.3,17.19
ankara,etimesgut,1998,8,evet,evet,kolon,konut,var,hafif,U,uyumlu,Z4,Yüksek,4.54,29.2,25.5
istanbul,avcılar,1992,7,evet,hayir,hafif,konut,emin_degil,buyuk,L,yok,Z4,Yüksek,5.14,42.0,64.94
sakarya,merkez,2015,5,hayir,hayir,yok,konut,yok,yok,dikdortgen,yok,Z4,Düşük,4.63,29.7,24.32
giresun,alucra,1980,6,evet,hayir,yok,okul,var,hafif,kompleks,yok,Z4,Yüksek,4.55,33.8,35.3
antalya,lara,2018,4,hayir,hayir,yok,konut,yok,yok,dikdortgen,yok,Z1,Düşük,5.15,33.0,53.66
hatay,antakya,1995,8,evet,evet,kolon,hastane,var,buyuk,T,farkli,Z4,Yüksek,4.3,19.0,23.77
kocaeli,izmit,1982,7,evet,hayir,hafif,konut,emin_degil,hafif,U,yok,Z4,Yüksek,4.25,26.7,27.19
istanbul,bakırköy,1970,8,evet,evet,hafif,konut,var,buyuk,L,farkli,Z4,Yüksek,4.17,21.8,15.49
eskişehir,odunpazarı,2008,5,hayir,hayir,yok,konut,yok,yok,dikdortgen,yok,Z2,Düşük,4.62,30.0,28.44
adana,seyhan,1995,11,evet,hayir,kolon,ofis,var,buyuk,kompleks,yok,Z4,Yüksek,5.17,39.0,53.27
manisa,demirci,2012,4,evet,hayir,yok,konut,yok,yok,dikdortgen,yok,Z2,Düşük,4.76,32.0,30.6
izmir,bornova,2000,12,hayir,hayir,yok,konut,yok,yok,dikdortgen,yok,Z4,Düşük,4.47,26.0,31.35
istanbul,tuzla,1992,6,evet,evet,yok,konut,emin_degil,hafif,T,uyumlu,Z3,Orta,4.788,31.0,35.28
ankara,mamak,2010,10,hayir,hayir,yok,konut,yok,yok,dikdortgen,yok,Z2,Düşük,4.45,27.9,20.89
bursa,nilüfer,1990,7,evet,evet,hafif,konut,var,hafif,L,uyumlu,Z3,Orta,4.72,33.0,33.67
antalya,konyaaltı,2018,6,hayir,hayir,yok,konut,yok,yok,dikdortgen,yok,Z3,Düşük,4.8,41.3,42.77
istanbul,kadıköy,1982,8,evet,evet,kolon,konut,var,buyuk,U,farkli,Z2,Yüksek,3.95,22.0,14.32
samsun,bafra,2005,5,hayir,hayir,yok,konut,yok,yok,dikdortgen,yok,Z4,Düşük,5.19,41.0,69.36
izmir,karşıyaka,1988,9,evet,evet,hafif,konut,emin_degil,buyuk,T,farkli,Z4,Yüksek,3.95,20.0,12.65
tekirdağ,çorlu,2015,7,hayir,hayir,yok,konut,yok,yok,dikdortgen,yok,Z2,Düşük,4.62,29.0,26.87
ankara,keçiören,1998,8,hayir,evet,yok,konut,var,hafif,dikdortgen,uyumlu,Z2,Düşük,4.52,28.3,26.09
istanbul,pendik,2010,11,hayir,hayir,yok,ofis,yok,yok,dikdortgen,yok,Z2,Düşük,4.93,35.4,40.7
adana,yüreğir,1992,10,evet,evet,hafif,konut,var,buyuk,kompleks,farkli,Z4,Yüksek,3.74,18.7,13.96
erzincan,merkez,2005,5,evet,hayir,yok,konut,yok,hafif,L,yok,Z4,Orta,5.2,44.0,65.83
istanbul,sarıyer,2002,4,hayir,hayir,yok,konut,yok,yok,dikdortgen,yok,Z1,Düşük,4.45,30.5,25.99
bursa,osmangazi,1985,9,evet,evet,kolon,hastane,var,buyuk,T,farkli,Z4,Yüksek,4.457,27.3,29.94
izmir,konak,1995,7,evet,evet,hafif,konut,emin_degil,hafif,U,uyumlu,Z3,Orta,4.66,49.3,54.1
hatay,iskenderun,1980,10,evet,evet,kolon,konut,var,buyuk,L,farkli,Z4,Yüksek,4.297,20.0,22.77
ankara,sincan,2012,8,hayir,hayir,yok,konut,yok,yok,dikdortgen,yok,Z3,Düşük,4.007,18.0,16.07
istanbul,maltepe,2000,6,evet,evet,yok,konut,var,hafif,dikdortgen,uyumlu,Z2,Düşük,5.089,45.4,48.81
antalya,finike,1995,5,evet,hayir,hafif,okul,var,hafif,T,yok,Z4,Yüksek,4.443,31.7,36.29
sakarya,serdivan,2018,4,hayir,hayir,yok,konut,yok,yok,dikdortgen,yok,Z3,Düşük,4.154,31.0,23.9
istanbul,beşiktaş,1988,6,evet,evet,hafif,konut,emin_degil,buyuk,kompleks,farkli,Z3,Yüksek,5.01,50.3,53.8
bursa,keles,2008,3,hayir,hayir,yok,konut,yok,yok,dikdortgen,yok,Z2,Düşük,4.77,30.0,28.05
izmir,balçova,1992,7,evet,evet,hafif,konut,var,buyuk,T,farkli,Z4,Yüksek,4.779,30.5,42.51
ankara,çankaya,2015,12,hayir,hayir,yok,ofis,yok,yok,dikdortgen,yok,Z1,Düşük,4.6,28.0,22.16
samsun,canik,2002,6,hayir,hayir,yok,konut,yok,yok,dikdortgen,yok,Z2,Düşük,4.333,25.0,30.27
istanbul,fatih,1982,5,evet,evet,kolon,konut,var,hafif,U,uyumlu,Z2,Yüksek,4.73,36.8,38.05
adana,çukurova,2015,13,hayir,hayir,yok,konut,yok,yok,dikdortgen,yok,Z2,Düşük,5.038,47.8,58.06
kayseri,melikgazi,2005,9,hayir,evet,yok,konut,var,hafif,L,uyumlu,Z2,Düşük,4.48,28.6,22.16
istanbul, Zeytinburnu,1990,7,evet,evet,hafif,konut,emin_degil,hafif,dikdortgen,farkli,Z3,Orta,4.12,21.7,17.11
izmir,buca,2012,8,hayir,hayir,yok,konut,yok,yok,dikdortgen,yok,Z2,Düşük,4.52,30.0,26.38
ankara,yenimahalle,1995,7,hayir,evet,yok,konut,var,hafif,T,uyumlu,Z3,Orta,4.37,26.1,21.57
bursa,yıldırım,2010,5,hayir,hayir,yok,konut,yok,yok,dikdortgen,yok,Z2,Düşük,4.537,23.0,27.6
istanbul,kartal,2018,16,hayir,hayir,yok,konut,yok,yok,dikdortgen,yok,Z1,Düşük,4.62,27.0,20.89
giresun,alucra,1980,5,evet,hayir,kolon,konut,var,buyuk,L,yok,Z4,Yüksek,4.723,33.7,33.73
eskişehir,merkez,1992,9,evet,evet,hafif,konut,var,hafif,U,farkli,Z4,Yüksek,5.05,31.0,47.87
istanbul,avcılar,2015,6,hayir,hayir,yok,konut,yok,yok,dikdortgen,yok,Z4,Düşük,4.78,38.4,36.15
antalya,demre,2008,3,evet,hayir,yok,konut,yok,yok,dikdortgen,yok,Z4,Düşük,4.98,40.0,49.13
kocaeli,gebze,2012,7,hayir,evet,yok,konut,var,hafif,T,uyumlu,Z2,Düşük,4.62,30.8,29.52
samsun,çarşamba,1990,5,evet,hayir,hafif,okul,var,hafif,kompleks,yok,Z4,Yüksek,4.59,30.8,25.69
izmir,bayraklı,2000,10,hayir,hayir,yok,ofis,yok,yok,dikdortgen,yok,Z4,Düşük,4.457,25.0,28.01
ankara,gölbaşı,2018,4,hayir,hayir,yok,konut,yok,yok,dikdortgen,yok,Z4,Düşük,4.25,26.7,27.19
bursa,gemlik,1995,6,evet,hayir,hafif,konut,var,hafif,L,yok,Z4,Yüksek,4.28,23.3,24.36
istanbul,bakırköy,1978,9,evet,evet,kolon,hastane,var,buyuk,T,farkli,Z4,Yüksek,4.6,28.0,22.16
hatay,antakya,2012,8,hayir,evet,yok,konut,emin_degil,hafif,U,uyumlu,Z4,Düşük,4.45,29.9,27.46
antalya,lara,2015,5,hayir,hayir,yok,konut,yok,yok,dikdortgen,yok,Z1,Düşük,4.51,35.7,31.23
sakarya,merkez,1998,5,evet,evet,kolon,konut,var,buyuk,L,farkli,Z4,Yüksek,4.26,24.0,16.67
istanbul,tuzla,2015,11,hayir,hayir,yok,konut,yok,yok,dikdortgen,yok,Z3,Düşük,4.48,28.6,22.16
izmir,karşıyaka,2005,10,hayir,hayir,yok,konut,yok,yok,dikdortgen,yok,Z4,Düşük,4.3,32.0,24.07
ankara,etimesgut,1992,9,hayir,evet,yok,konut,var,hafif,T,uyumlu,Z4,Orta,4.057,23.7,21.69
bursa,nilüfer,1988,7,evet,evet,hafif,konut,emin_degil,buyuk,U,farkli,Z3,Yüksek,4.2,22.1,15.1
istanbul,pendik,2002,6,evet,evet,hafif,konut,var,hafif,L,uyumlu,Z2,Orta,4.397,20.7,19.41
adana,yüreğir,2018,13,hayir,hayir,yok,ofis,yok,yok,dikdortgen,yok,Z4,Düşük,4.937,30.3,51.35
muğla,datça,2012,2,hayir,hayir,yok,konut,yok,yok,dikdortgen,yok,Z1,Düşük,5.22,39.0,60.14
konya,selçuklu,1995,9,evet,hayir,yok,konut,var,hafif,T,yok,Z3,Orta,4.85,34.0,37.46
istanbul,avcılar,1985,8,evet,hayir,kolon,konut,var,buyuk,U,yok,Z4,Yüksek,3.92,16.0,13.7
izmir,bornova,2018,14,hayir,hayir,yok,konut,yok,yok,dikdortgen,yok,Z4,Düşük,4.739,41.8,40.1
ankara,keçiören,2005,7,hayir,evet,yok,konut,yok,hafif,dikdortgen,uyumlu,Z2,Düşük,4.74,34.3,37.64
samsun,atakum,2010,12,hayir,hayir,yok,konut,yok,yok,dikdortgen,yok,Z3,Düşük,4.53,25.4,20.1
istanbul,sarıyer,2005,4,hayir,hayir,yok,konut,yok,yok,dikdortgen,yok,Z1,Düşük,4.6,33.0,24.47
bursa,osmangazi,2008,11,hayir,hayir,yok,konut,yok,yok,dikdortgen,yok,Z4,Düşük,5.22,41.5,50.01
adana,seyhan,1995,9,evet,evet,hafif,konut,var,buyuk,T,farkli,Z4,Yüksek,4.38,23.3,28.94
giresun,alucra,1992,5,hayir,hayir,yok,konut,yok,yok,dikdortgen,yok,Z4,Düşük,4.64,31.0,28.44
izmir,konak,1982,8,evet,evet,kolon,okul,var,buyuk,L,farkli,Z3,Yüksek,4.888,43.3,39.23
istanbul,beşiktaş,2012,6,hayir,evet,yok,konut,yok,hafif,U,uyumlu,Z3,Düşük,4.78,40.6,37.28
ankara,mamak,2002,8,hayir,evet,yok,konut,var,hafif,dikdortgen,uyumlu,Z2,Düşük,3.95,22.0,14.32
kocaeli,izmit,1985,7,evet,evet,kolon,hastane,var,buyuk,kompleks,farkli,Z4,Yüksek,4.55,32.4,34.81
istanbul,avcılar,2008,5,hayir,evet,yok,konut,emin_degil,hafif,T,uyumlu,Z4,Düşük,4.785,31.0,40.14
antalya,lara,1992,5,evet,hayir,yok,konut,yok,yok,dikdortgen,yok,Z1,Düşük,4.8,41.3,42.77
bursa,gemlik,1978,6,evet,evet,hafif,konut,var,buyuk,U,farkli,Z4,Yüksek,4.52,28.3,26.09
izmir,balçova,2010,7,hayir,hayir,yok,konut,yok,yok,dikdortgen,yok,Z4,Düşük,4.785,31.0,40.14
ankara,çankaya,2015,10,hayir,hayir,yok,ofis,yok,yok,dikdortgen,yok,Z1,Düşük,4.53,25.4,20.1
istanbul,kadıköy,1988,7,evet,evet,hafif,konut,var,hafif,L,uyumlu,Z2,Düşük,4.443,27.0,26.44
sakarya,merkez,2005,6,hayir,evet,yok,konut,var,hafif,dikdortgen,uyumlu,Z4,Düşük,3.94,21.3,18.65
hatay,antakya,1992,8,evet,evet,kolon,konut,var,buyuk,T,farkli,Z4,Yüksek,4.77,30.3,27.36
antalya,finike,2018,4,hayir,hayir,yok,konut,yok,yok,dikdortgen,yok,Z4,Düşük,4.17,22.0,15.2
eskişehir,odunpazarı,1995,5,evet,hayir,yok,konut,var,hafif,U,yok,Z2,Düşük,4.28,23.3,24.36
istanbul,fatih,1985,5,evet,evet,hafif,konut,var,hafif,kompleks,farkli,Z2,Yüksek,4.0,22.0,14.8
ankara,sincan,1998,8,hayir,evet,yok,konut,var,hafif,L,uyumlu,Z3,Orta,4.78,31.8,31.58
izmir,bornova,2022,10,hayir,hayir,yok,ofis,yok,yok,dikdortgen,yok,Z4,Düşük,4.72,45.7,47.6
bursa,keles,2010,3,hayir,hayir,yok,konut,yok,yok,dikdortgen,yok,Z2,Düşük,4.093,20.7,19.61
istanbul, Zeytinburnu,1988,7,evet,evet,kolon,konut,var,buyuk,L,farkli,Z3,Yüksek,4.8,38.1,40.4
bursa,gemlik,1982,5,evet,evet,hafif,konut,var,buyuk,L,farkli,Z4,Yüksek,4.65,29.0,23.83
izmir,bayraklı,2008,11,hayir,hayir,yok,ofis,yok,yok,dikdortgen,yok,Z4,Düşük,5.27,36.0,50.23
ankara,etimesgut,1995,8,evet,evet,kolon,konut,var,hafif,U,uyumlu,Z4,Yüksek,4.36,25.8,16.18
istanbul,avcılar,1990,7,evet,hayir,hafif,konut,emin_degil,buyuk,T,yok,Z4,Yüksek,4.16,25.0,21.57
sakarya,merkez,2012,5,hayir,hayir,yok,konut,yok,yok,dikdortgen,yok,Z4,Düşük,4.113,22.0,23.03
giresun,alucra,1985,6,evet,hayir,yok,okul,var,hafif,kompleks,yok,Z4,Yüksek,4.96,37.3,41.19
antalya,lara,2018,4,hayir,hayir,yok,konut,yok,yok,dikdortgen,yok,Z1,Düşük,3.93,18.3,17.54
hatay,antakya,1992,8,evet,evet,kolon,hastane,var,buyuk,L,farkli,Z4,Yüksek,5.18,43.0,69.36
kocaeli,izmit,1988,7,evet,hayir,hafif,konut,emin_degil,hafif,U,yok,Z4,Yüksek,4.27,22.3,24.94
istanbul,bakırköy,1975,8,evet,evet,hafif,konut,var,buyuk,T,farkli,Z4,Yüksek,3.663,15.3,12.07
eskişehir,odunpazarı,2015,5,hayir,hayir,yok,konut,yok,yok,dikdortgen,yok,Z2,Düşük,4.154,31.0,23.9
adana,seyhan,1990,11,evet,hayir,kolon,ofis,var,buyuk,kompleks,yok,Z4,Yüksek,4.77,36.1,38.83
manisa,demirci,2005,4,evet,hayir,yok,konut,yok,yok,dikdortgen,yok,Z2,Düşük,4.44,28.5,19.91
izmir,bornova,2000,12,hayir,hayir,yok,konut,yok,yok,dikdortgen,yok,Z4,Düşük,4.317,23.7,25.91
istanbul,tuzla,1995,6,evet,evet,yok,konut,emin_degil,hafif,U,uyumlu,Z3,Orta,4.5,32.7,27.92
ankara,mamak,2010,10,hayir,hayir,yok,konut,yok,yok,dikdortgen,yok,Z2,Düşük,4.147,20.3,20.21
bursa,nilüfer,1992,7,evet,evet,hafif,konut,var,hafif,L,uyumlu,Z3,Orta,5.05,38.2,43.25
antalya,konyaaltı,2012,6,hayir,hayir,yok,konut,yok,yok,dikdortgen,yok,Z3,Düşük,3.9,21.8,12.45
istanbul,kadıköy,1980,8,evet,evet,kolon,konut,var,buyuk,T,farkli,Z2,Yüksek,4.8,55.5,56.9
samsun,bafra,2002,5,hayir,hayir,yok,konut,yok,yok,dikdortgen,yok,Z4,Düşük,4.8,38.0,36.67
izmir,karşıyaka,1988,9,evet,evet,hafif,konut,emin_degil,buyuk,U,farkli,Z4,Yüksek,4.55,30.1,29.62
tekirdağ,çorlu,2018,7,hayir,hayir,yok,konut,yok,yok,dikdortgen,yok,Z2,Düşük,4.97,48.4,52.12
ankara,keçiören,1995,8,hayir,evet,yok,konut,var,hafif,dikdortgen,uyumlu,Z2,Düşük,5.05,31.0,47.87
istanbul,pendik,2008,11,hayir,hayir,yok,ofis,yok,yok,dikdortgen,yok,Z2,Düşük,4.95,41.0,52.17
adana,yüreğir,1990,10,evet,evet,hafif,konut,var,buyuk,kompleks,farkli,Z4,Yüksek,4.057,23.7,21.69
erzincan,merkez,2005,5,evet,hayir,yok,konut,yok,hafif,L,yok,Z4,Orta,4.71,55.5,56.5
istanbul,sarıyer,2010,4,hayir,hayir,yok,konut,yok,yok,dikdortgen,yok,Z1,Düşük,4.8,36.0,41.76
bursa,osmangazi,1985,9,evet,evet,kolon,hastane,var,buyuk,T,farkli,Z4,Yüksek,4.8,36.0,47.56
izmir,konak,1992,7,evet,evet,hafif,konut,emin_degil,hafif,U,uyumlu,Z3,Orta,4.88,33.0,35.5
hatay,iskenderun,1980,10,evet,evet,kolon,konut,var,buyuk,L,farkli,Z4,Yüksek,4.51,26.8,21.67
ankara,sincan,2012,8,hayir,hayir,yok,konut,yok,yok,dikdortgen,yok,Z3,Düşük,4.213,24.7,27.48
istanbul,maltepe,1998,6,evet,evet,yok,konut,var,hafif,dikdortgen,uyumlu,Z2,Düşük,4.25,25.0,17.36
antalya,finike,1992,5,evet,hayir,hafif,okul,var,hafif,T,yok,Z4,Yüksek,4.58,26.6,22.16
sakarya,serdivan,2015,4,hayir,hayir,yok,konut,yok,yok,dikdortgen,yok,Z3,Düşük,4.99,41.2,50.8
istanbul,beşiktaş,1982,6,evet,evet,hafif,konut,emin_degil,buyuk,kompleks,farkli,Z3,Yüksek,4.72,45.7,47.6
bursa,keles,2005,3,hayir,hayir,yok,konut,yok,yok,dikdortgen,yok,Z2,Düşük,5.05,31.0,47.87
izmir,balçova,1990,7,evet,evet,hafif,konut,var,buyuk,T,farkli,Z4,Yüksek,4.96,38.5,41.68
ankara,çankaya,2018,12,hayir,hayir,yok,ofis,yok,yok,dikdortgen,yok,Z1,Düşük,4.91,29.9,28.5
samsun,canik,2002,6,hayir,hayir,yok,konut,yok,yok,dikdortgen,yok,Z2,Düşük,3.623,18.7,14.11
istanbul,fatih,1988,5,evet,evet,kolon,konut,var,hafif,U,uyumlu,Z2,Yüksek,4.39,31.0,28.18
adana,çukurova,2012,13,hayir,hayir,yok,konut,yok,yok,dikdortgen,yok,Z2,Düşük,4.24,23.3,19.82
kayseri,melikgazi,2000,9,hayir,evet,yok,konut,var,hafif,L,uyumlu,Z2,Düşük,5.18,40.6,49.33
istanbul, Zeytinburnu,1995,7,evet,evet,hafif,konut,emin_degil,hafif,dikdortgen,farkli,Z3,Orta,4.85,33.8,35.5
izmir,buca,2010,8,hayir,hayir,yok,konut,yok,yok,dikdortgen,yok,Z2,Düşük,4.363,18.0,17.0
ankara,yenimahalle,1992,7,hayir,evet,yok,konut,var,hafif,T,uyumlu,Z3,Orta,4.53,25.4,20.1
bursa,yıldırım,2015,5,hayir,hayir,yok,konut,yok,yok,dikdortgen,yok,Z2,Düşük,4.88,33.0,35.5
istanbul,kartal,2010,16,hayir,hayir,yok,konut,yok,yok,dikdortgen,yok,Z1,Düşük,4.375,35.0,28.2
giresun,alucra,1978,5,evet,hayir,kolon,konut,var,buyuk,L,yok,Z4,Yüksek,4.43,23.7,23.98
eskişehir,merkez,1990,9,evet,evet,hafif,konut,var,hafif,U,farkli,Z4,Yüksek,4.53,36.4,32.12
istanbul,avcılar,2018,6,hayir,hayir,yok,konut,yok,yok,dikdortgen,yok,Z4,Düşük,5.23,36.0,49.44
antalya,demre,2005,3,evet,hayir,yok,konut,yok,yok,dikdortgen,yok,Z4,Düşük,4.18,22.0,19.92
kocaeli,gebze,2008,7,hayir,evet,yok,konut,var,hafif,T,uyumlu,Z2,Düşük,4.22,22.7,22.54
samsun,çarşamba,1992,5,evet,hayir,hafif,okul,var,hafif,kompleks,yok,Z4,Yüksek,4.477,24.3,24.6
izmir,bayraklı,2000,10,hayir,hayir,yok,ofis,yok,yok,dikdortgen,yok,Z4,Düşük,4.18,22.0,19.92
ankara,gölbaşı,2015,4,hayir,hayir,yok,konut,yok,yok,dikdortgen,yok,Z4,Düşük,4.5,32.7,27.92
bursa,gemlik,1995,6,evet,hayir,hafif,konut,var,hafif,L,yok,Z4,Yüksek,5.22,41.5,50.21
istanbul,bakırköy,1972,9,evet,evet,kolon,hastane,var,buyuk,T,farkli,Z4,Yüksek,4.45,31.0,27.46
hatay,antakya,2010,8,hayir,evet,yok,konut,emin_degil,hafif,U,uyumlu,Z4,Düşük,4.093,20.7,19.61
antalya,lara,2015,6,hayir,hayir,yok,konut,yok,yok,dikdortgen,yok,Z1,Düşük,4.457,27.3,29.94
sakarya,merkez,1992,5,evet,evet,kolon,konut,var,buyuk,L,farkli,Z4,Yüksek,4.4,35.0,30.5
istanbul,tuzla,2015,11,hayir,hayir,yok,konut,yok,yok,dikdortgen,yok,Z3,Düşük,4.457,27.3,29.94
izmir,karşıyaka,2005,10,hayir,hayir,yok,konut,yok,yok,dikdortgen,yok,Z4,Düşük,4.35,25.5,20.1
ankara,etimesgut,1998,9,hayir,evet,yok,konut,var,hafif,T,uyumlu,Z4,Orta,4.88,30.0,35.79
bursa,nilüfer,1985,7,evet,evet,hafif,konut,emin_degil,buyuk,U,farkli,Z3,Yüksek,3.92,18.0,13.11
istanbul,pendik,2002,6,evet,evet,hafif,konut,var,hafif,L,uyumlu,Z2,Orta,4.5,36.0,28.69
adana,yüreğir,2015,13,hayir,hayir,yok,ofis,yok,yok,dikdortgen,yok,Z4,Düşük,3.88,14.0,14.61
muğla,datça,2012,2,hayir,hayir,yok,konut,yok,yok,dikdortgen,yok,Z1,Düşük,5.27,36.0,50.23
konya,selçuklu,1995,9,evet,hayir,yok,konut,var,hafif,T,yok,Z3,Orta,4.5,36.0,28.69
istanbul,avcılar,1985,8,evet,hayir,kolon,konut,var,buyuk,U,yok,Z4,Yüksek,4.08,19.0,19.82
izmir,bornova,2015,14,hayir,hayir,yok,konut,yok,yok,dikdortgen,yok,Z4,Düşük,4.48,28.6,23.05
ankara,keçiören,2008,7,hayir,evet,yok,konut,yok,hafif,dikdortgen,uyumlu,Z2,Düşük,4.55,33.8,35.3
samsun,atakum,2010,12,hayir,hayir,yok,konut,yok,yok,dikdortgen,yok,Z3,Düşük,5.038,47.8,58.06
istanbul,sarıyer,2005,4,hayir,hayir,yok,konut,yok,yok,dikdortgen,yok,Z1,Düşük,5.19,41.0,69.36
bursa,osmangazi,2005,11,hayir,hayir,yok,konut,yok,yok,dikdortgen,yok,Z4,Düşük,5.117,39.5,55.09
adana,seyhan,1992,9,evet,evet,hafif,konut,var,buyuk,T,farkli,Z4,Yüksek,4.407,24.3,28.06
giresun,alucra,1992,5,hayir,hayir,yok,konut,yok,yok,dikdortgen,yok,Z4,Düşük,4.527,25.3,22.1
izmir,konak,1985,8,evet,evet,kolon,okul,var,buyuk,L,farkli,Z3,Yüksek,4.6,30.2,25.1
istanbul,beşiktaş,2012,6,hayir,evet,yok,konut,yok,hafif,U,uyumlu,Z3,Düşük,4.77,36.1,38.83
ankara,mamak,2002,8,hayir,evet,yok,konut,var,hafif,dikdortgen,uyumlu,Z2,Düşük,4.76,32.0,30.6
kocaeli,izmit,1988,7,evet,evet,kolon,hastane,var,buyuk,kompleks,farkli,Z4,Yüksek,4.097,20.7,22.5
istanbul,avcılar,2008,5,hayir,evet,yok,konut,emin_degil,hafif,T,uyumlu,Z4,Düşük,4.96,33.1,30.38
antalya,lara,1995,5,evet,hayir,yok,konut,yok,yok,dikdortgen,yok,Z1,Düşük,4.82,41.1,43.23
bursa,gemlik,1980,6,evet,evet,hafif,konut,var,buyuk,L,farkli,Z4,Yüksek,4.99,41.2,50.8
izmir,balçova,2010,7,hayir,hayir,yok,konut,yok,yok,dikdortgen,yok,Z4,Düşük,5.19,41.0,69.36
ankara,çankaya,2015,10,hayir,hayir,yok,ofis,yok,yok,dikdortgen,yok,Z1,Düşük,4.48,30.0,26.58
istanbul,kadıköy,1992,7,evet,evet,hafif,konut,var,hafif,T,uyumlu,Z2,Düşük,4.4,25.6,16.38
sakarya,merkez,2008,6,hayir,evet,yok,konut,var,hafif,dikdortgen,uyumlu,Z4,Düşük,4.62,27.0,20.89
hatay,antakya,1988,8,evet,evet,kolon,konut,var,buyuk,L,farkli,Z4,Yüksek,4.17,22.0,15.2
antalya,finike,2018,4,hayir,hayir,yok,konut,yok,yok,dikdortgen,yok,Z4,Düşük,4.42,30.0,25.01
eskişehir,odunpazarı,1995,5,evet,hayir,yok,konut,var,hafif,U,yok,Z2,Düşük,3.74,18.7,13.96
istanbul,fatih,1985,5,evet,evet,hafif,konut,var,hafif,kompleks,farkli,Z2,Yüksek,4.55,30.1,29.62
ankara,sincan,1998,8,hayir,evet,yok,konut,var,hafif,T,uyumlu,Z3,Orta,4.25,23.1,23.3
izmir,bornova,2020,10,hayir,hayir,yok,ofis,yok,yok,dikdortgen,yok,Z4,Düşük,4.23,21.7,25.73
bursa,keles,2012,3,hayir,hayir,yok,konut,yok,yok,dikdortgen,yok,Z2,Düşük,4.72,45.7,47.6
istanbul, Zeytinburnu,1988,7,evet,evet,kolon,konut,var,buyuk,L,farkli,Z3,Yüksek,4.8,38.0,36.67
bursa,gemlik,1995,7,evet,hayir,hafif,konut,var,hafif,L,yok,Z4,Yüksek,4.45,32.0,31.39
izmir,bayraklı,2010,12,hayir,hayir,yok,ofis,yok,yok,dikdortgen,yok,Z4,Düşük,4.55,29.4,23.73
ankara,etimesgut,1990,8,evet,evet,kolon,konut,var,hafif,U,uyumlu,Z4,Yüksek,4.65,45.9,48.3
istanbul,avcılar,1998,7,evet,hayir,hafif,konut,emin_degil,buyuk,T,yok,Z4,Yüksek,4.41,29.6,32.9
sakarya,merkez,2008,5,hayir,hayir,yok,konut,yok,yok,dikdortgen,yok,Z4,Düşük,3.95,20.0,12.65
giresun,alucra,1982,6,evet,hayir,yok,okul,var,hafif,kompleks,yok,Z4,Yüksek,4.45,30.9,27.46
antalya,lara,2015,4,hayir,hayir,yok,konut,yok,yok,dikdortgen,yok,Z1,Düşük,5.117,39.5,55.09
hatay,antakya,1995,8,evet,evet,kolon,hastane,var,buyuk,L,farkli,Z4,Yüksek,4.96,44.0,45.74
kocaeli,izmit,1982,7,evet,hayir,hafif,konut,emin_degil,hafif,U,yok,Z4,Yüksek,4.4,35.0,30.5
istanbul,bakırköy,1970,8,evet,evet,hafif,konut,var,buyuk,T,farkli,Z4,Yüksek,4.527,25.3,22.1
eskişehir,odunpazarı,2012,5,hayir,hayir,yok,konut,yok,yok,dikdortgen,yok,Z2,Düşük,4.5,33.0,23.9
adana,seyhan,1992,11,evet,hayir,kolon,ofis,var,buyuk,kompleks,yok,Z4,Yüksek,4.95,39.0,51.27
manisa,demirci,2005,4,evet,hayir,yok,konut,yok,yok,dikdortgen,yok,Z2,Düşük,4.347,22.7,24.48
izmir,bornova,2000,12,hayir,hayir,yok,konut,yok,yok,dikdortgen,yok,Z4,Düşük,4.25,25.0,17.36
istanbul,tuzla,1990,6,evet,evet,yok,konut,emin_degil,hafif,U,uyumlu,Z3,Orta,4.673,28.0,32.09
ankara,mamak,2008,10,hayir,hayir,yok,konut,yok,yok,dikdortgen,yok,Z2,Düşük,4.19,23.0,15.3
bursa,nilüfer,1995,7,evet,evet,hafif,konut,var,hafif,L,uyumlu,Z3,Orta,4.95,39.0,51.27
antalya,konyaaltı,2015,6,hayir,hayir,yok,konut,yok,yok,dikdortgen,yok,Z3,Düşük,5.27,37.0,54.05
istanbul,kadıköy,1985,8,evet,evet,kolon,konut,var,buyuk,T,farkli,Z2,Yüksek,4.7,34.0,29.81
samsun,bafra,2005,5,hayir,hayir,yok,konut,yok,yok,dikdortgen,yok,Z4,Düşük,4.8,38.1,40.4
izmir,karşıyaka,1992,9,evet,evet,hafif,konut,emin_degil,buyuk,L,farkli,Z4,Yüksek,4.65,30.0,28.64
tekirdağ,çorlu,2015,7,hayir,hayir,yok,konut,yok,yok,dikdortgen,yok,Z2,Düşük,4.45,30.5,25.99
ankara,keçiören,1998,8,hayir,evet,yok,konut,var,hafif,dikdortgen,uyumlu,Z2,Düşük,4.723,33.7,33.73
istanbul,pendik,2010,11,hayir,hayir,yok,ofis,yok,yok,dikdortgen,yok,Z2,Düşük,4.79,41.3,42.53
adana,yüreğir,1985,10,evet,evet,hafif,konut,var,buyuk,kompleks,farkli,Z4,Yüksek,4.51,27.0,27.73
erzincan,merkez,2002,5,evet,hayir,yok,konut,yok,hafif,U,yok,Z4,Orta,4.53,27.3,30.3
istanbul,sarıyer,2008,4,hayir,hayir,yok,konut,yok,yok,dikdortgen,yok,Z1,Düşük,4.78,40.6,37.28
bursa,osmangazi,1990,9,evet,evet,kolon,hastane,var,buyuk,L,farkli,Z4,Yüksek,4.023,17.7,17.19
izmir,konak,1988,7,evet,evet,hafif,konut,emin_degil,hafif,T,uyumlu,Z3,Orta,4.91,33.0,45.32
hatay,iskenderun,1995,10,evet,evet,kolon,konut,var,buyuk,U,farkli,Z4,Yüksek,4.097,20.7,22.5
ankara,sincan,2008,8,hayir,hayir,yok,konut,yok,yok,dikdortgen,yok,Z3,Düşük,4.55,30.5,27.46
istanbul,maltepe,2000,6,evet,evet,yok,konut,var,hafif,dikdortgen,uyumlu,Z2,Düşük,4.637,26.7,28.73
antalya,finike,1998,5,evet,hayir,hafif,okul,var,hafif,L,yok,Z4,Yüksek,4.63,29.7,24.32
sakarya,serdivan,2018,4,hayir,hayir,yok,konut,yok,yok,dikdortgen,yok,Z3,Düşük,4.327,17.7,19.48
istanbul,beşiktaş,1982,6,evet,evet,hafif,konut,emin_degil,buyuk,T,farkli,Z3,Yüksek,4.44,25.4,18.34
bursa,keles,2010,3,hayir,hayir,yok,konut,yok,yok,dikdortgen,yok,Z2,Düşük,4.4,33.0,26.37
izmir,balçova,1995,7,evet,evet,hafif,konut,var,buyuk,U,farkli,Z4,Yüksek,4.82,25.0,27.96
ankara,çankaya,2015,12,hayir,hayir,yok,ofis,yok,yok,dikdortgen,yok,Z1,Düşük,4.023,17.7,17.19
samsun,canik,2005,6,hayir,hayir,yok,konut,yok,yok,dikdortgen,yok,Z2,Düşük,3.917,15.0,14.69
istanbul,fatih,1988,5,evet,evet,kolon,konut,var,hafif,kompleks,uyumlu,Z2,Yüksek,4.527,25.3,22.1
adana,çukurova,2012,13,hayir,hayir,yok,konut,yok,yok,dikdortgen,yok,Z2,Düşük,4.41,29.0,21.08
kayseri,melikgazi,2002,9,hayir,evet,yok,konut,var,hafif,L,uyumlu,Z2,Düşük,4.383,22.7,22.13
istanbul, Zeytinburnu,1995,7,evet,evet,hafif,konut,emin_degil,hafif,T,farkli,Z3,Orta,4.5,36.0,28.69
izmir,buca,2005,8,hayir,hayir,yok,konut,yok,yok,dikdortgen,yok,Z2,Düşük,3.9,21.8,12.45
ankara,yenimahalle,1992,7,hayir,evet,yok,konut,var,hafif,U,uyumlu,Z3,Orta,4.42,30.0,25.01
bursa,yıldırım,2015,5,hayir,hayir,yok,konut,yok,yok,dikdortgen,yok,Z2,Düşük,4.26,24.0,16.67
istanbul,kartal,2010,16,hayir,hayir,yok,konut,yok,yok,dikdortgen,yok,Z1,Düşük,4.407,24.3,28.06
giresun,alucra,1985,5,evet,hayir,kolon,konut,var,buyuk,L,yok,Z4,Yüksek,4.85,33.8,35.5
eskişehir,merkez,1990,9,evet,evet,hafif,konut,var,hafif,T,farkli,Z4,Yüksek,4.88,30.0,35.79
istanbul,avcılar,2018,6,hayir,hayir,yok,konut,yok,yok,dikdortgen,yok,Z4,Düşük,4.407,26.7,25.6
antalya,demre,2005,3,evet,hayir,yok,konut,yok,yok,dikdortgen,yok,Z4,Düşük,4.413,23.7,30.56
kocaeli,gebze,2012,7,hayir,evet,yok,konut,var,hafif,U,uyumlu,Z2,Düşük,4.12,21.7,17.11
samsun,çarşamba,1992,5,evet,hayir,hafif,okul,var,hafif,L,yok,Z4,Yüksek,4.333,25.0,30.27
izmir,bayraklı,2000,10,hayir,hayir,yok,ofis,yok,yok,dikdortgen,yok,Z4,Düşük,4.477,24.3,24.6
ankara,gölbaşı,2015,4,hayir,hayir,yok,konut,yok,yok,dikdortgen,yok,Z4,Düşük,4.71,55.5,56.5
bursa,gemlik,1995,6,evet,hayir,hafif,konut,var,hafif,T,yok,Z4,Yüksek,4.27,22.3,24.94
istanbul,bakırköy,1972,9,evet,evet,kolon,hastane,var,buyuk,L,farkli,Z4,Yüksek,4.35,25.5,20.1
hatay,antakya,2010,8,hayir,evet,yok,konut,emin_degil,hafif,U,uyumlu,Z4,Düşük,4.227,19.7,17.94
antalya,lara,2015,6,hayir,hayir,yok,konut,yok,yok,dikdortgen,yok,Z1,Düşük,4.62,30.8,29.52
sakarya,merkez,1992,5,evet,evet,kolon,konut,var,buyuk,L,farkli,Z4,Yüksek,5.023,34.6,52.99
istanbul,tuzla,2015,11,hayir,hayir,yok,konut,yok,yok,dikdortgen,yok,Z3,Düşük,4.45,32.0,31.39
izmir,karşıyaka,2005,10,hayir,hayir,yok,konut,yok,yok,dikdortgen,yok,Z4,Düşük,4.32,28.7,23.54
ankara,etimesgut,1998,9,hayir,evet,yok,konut,var,hafif,T,uyumlu,Z4,Orta,5.3,43.0,68.87
bursa,nilüfer,1985,7,evet,evet,hafif,konut,emin_degil,buyuk,U,farkli,Z3,Yüksek,5.22,41.5,50.01
istanbul,pendik,2002,6,evet,evet,hafif,konut,var,hafif,L,uyumlu,Z2,Orta,4.6,30.2,25.1
adana,yüreğir,2015,13,hayir,hayir,yok,ofis,yok,yok,dikdortgen,yok,Z4,Düşük,4.23,24.3,21.83
muğla,datça,2012,2,hayir,hayir,yok,konut,yok,yok,dikdortgen,yok,Z1,Düşük,4.45,30.0,27.46
konya,selçuklu,1995,9,evet,hayir,yok,konut,var,hafif,T,yok,Z3,Orta,4.157,23.0,21.41
istanbul,avcılar,1985,8,evet,hayir,kolon,konut,var,buyuk,U,yok,Z4,Yüksek,4.08,19.0,19.82
izmir,bornova,2015,14,hayir,hayir,yok,konut,yok,yok,dikdortgen,yok,Z4,Düşük,4.28,23.3,24.36
ankara,keçiören,2008,7,hayir,evet,yok,konut,yok,hafif,dikdortgen,uyumlu,Z2,Düşük,5.2,38.0,51.7
samsun,atakum,2010,12,hayir,hayir,yok,konut,yok,yok,dikdortgen,yok,Z3,Düşük,4.51,28.9,22.36
istanbul,sarıyer,2005,4,hayir,hayir,yok,konut,yok,yok,dikdortgen,yok,Z1,Düşük,4.477,24.3,24.6
bursa,osmangazi,2005,11,hayir,hayir,yok,konut,yok,yok,dikdortgen,yok,Z4,Düşük,4.55,28.0,24.22
adana,seyhan,1992,9,evet,evet,hafif,konut,var,buyuk,T,farkli,Z4,Yüksek,4.92,35.2,44.33
giresun,alucra,1992,5,hayir,hayir,yok,konut,yok,yok,dikdortgen,yok,Z4,Düşük,4.45,28.3,22.95
izmir,konak,1985,8,evet,evet,kolon,okul,var,buyuk,L,farkli,Z3,Yüksek,4.66,30.8,28.14
istanbul,beşiktaş,2012,6,hayir,evet,yok,konut,yok,hafif,U,uyumlu,Z3,Düşük,5.2,44.0,65.83
ankara,mamak,2002,8,hayir,evet,yok,konut,var,hafif,dikdortgen,uyumlu,Z2,Düşük,5.3,43.0,68.87
kocaeli,izmit,1988,7,evet,evet,kolon,hastane,var,buyuk,kompleks,farkli,Z4,Yüksek,5.22,41.5,50.21
istanbul,avcılar,2008,5,hayir,evet,yok,konut,emin_degil,hafif,T,uyumlu,Z4,Düşük,4.45,26.6,19.61
antalya,lara,1995,5,evet,hayir,yok,konut,yok,yok,dikdortgen,yok,Z1,Düşük,4.92,35.2,44.33
bursa,gemlik,1980,6,evet,evet,hafif,konut,var,buyuk,L,farkli,Z4,Yüksek,4.723,33.7,33.73
izmir,balçova,2010,7,hayir,hayir,yok,konut,yok,yok,dikdortgen,yok,Z4,Düşük,4.47,26.0,31.35
ankara,çankaya,2015,10,hayir,hayir,yok,ofis,yok,yok,dikdortgen,yok,Z1,Düşük,5.18,40.6,49.33
istanbul,kadıköy,1992,7,evet,evet,hafif,konut,var,hafif,T,uyumlu,Z2,Düşük,4.45,32.0,31.39
sakarya,merkez,2008,6,hayir,evet,yok,konut,var,hafif,dikdortgen,uyumlu,Z4,Düşük,4.62,29.0,26.87
hatay,antakya,1988,8,evet,evet,kolon,konut,var,buyuk,L,farkli,Z4,Yüksek,4.8,37.0,32.16
antalya,finike,2018,4,hayir,hayir,yok,konut,yok,yok,dikdortgen,yok,Z4,Düşük,4.33,22.0,23.31
eskişehir,odunpazarı,1995,5,evet,hayir,yok,konut,var,hafif,U,yok,Z2,Düşük,4.92,40.8,50.8
istanbul,fatih,1985,5,evet,evet,hafif,konut,var,hafif,kompleks,farkli,Z2,Yüksek,5.15,33.0,53.66
ankara,sincan,1998,8,hayir,evet,yok,konut,var,hafif,T,uyumlu,Z3,Orta,4.48,26.0,19.61
izmir,bornova,2020,10,hayir,hayir,yok,ofis,yok,yok,dikdortgen,yok,Z4,Düşük,4.48,28.6,22.85
bursa,keles,2012,3,hayir,hayir,yok,konut,yok,yok,dikdortgen,yok,Z2,Düşük,4.407,26.3,32.273
istanbul, Zeytinburnu,1988,7,evet,evet,kolon,konut,var,buyuk,L,farkli,Z3,Yüksek,4.08,19.0,18.73
bursa,gemlik,1995,7,evet,hayir,hafif,konut,var,hafif,L,yok,Z4,Yüksek,4.51,27.0,27.73
izmir,bayraklı,2010,12,hayir,hayir,yok,ofis,yok,yok,dikdortgen,yok,Z4,Düşük,3.93,18.0,18.15
ankara,etimesgut,1990,8,evet,evet,kolon,konut,var,hafif,U,uyumlu,Z4,Yüksek,5.1,34.0,51.7
istanbul,avcılar,1998,7,evet,hayir,hafif,konut,emin_degil,buyuk,T,yok,Z4,Yüksek,4.8,55.5,56.9
sakarya,merkez,2008,5,hayir,hayir,yok,konut,yok,yok,dikdortgen,yok,Z4,Düşük,4.8,33.5,34.32
giresun,alucra,1982,6,evet,hayir,yok,okul,var,hafif,kompleks,yok,Z4,Yüksek,4.65,30.0,28.64
antalya,lara,2015,4,hayir,hayir,yok,konut,yok,yok,dikdortgen,yok,Z1,Düşük,5.05,37.2,40.31
hatay,antakya,1995,8,evet,evet,kolon,hastane,var,buyuk,L,farkli,Z4,Yüksek,4.627,32.0,34.66
kocaeli,izmit,1982,7,evet,hayir,hafif,konut,emin_degil,hafif,U,yok,Z4,Yüksek,5.05,38.2,43.25
istanbul,bakırköy,1970,8,evet,evet,hafif,konut,var,buyuk,T,farkli,Z4,Yüksek,4.3,17.0,18.11
eskişehir,odunpazarı,2012,5,hayir,hayir,yok,konut,yok,yok,dikdortgen,yok,Z2,Düşük,5.05,36.8,42.27
adana,seyhan,1992,11,evet,hayir,kolon,ofis,var,buyuk,kompleks,yok,Z4,Yüksek,4.78,40.6,37.28
manisa,demirci,2005,4,evet,hayir,yok,konut,yok,yok,dikdortgen,yok,Z2,Düşük,4.25,23.1,23.3
izmir,bornova,2000,12,hayir,hayir,yok,konut,yok,yok,dikdortgen,yok,Z4,Düşük,3.76,20.3,16.45
istanbul,tuzla,1990,6,evet,evet,yok,konut,emin_degil,hafif,U,uyumlu,Z3,Orta,4.52,28.3,26.09
ankara,mamak,2008,10,hayir,hayir,yok,konut,yok,yok,dikdortgen,yok,Z2,Düşük,4.8,37.0,32.16
bursa,nilüfer,1995,7,evet,evet,hafif,konut,var,hafif,L,uyumlu,Z3,Orta,4.127,19.3,19.81
antalya,konyaaltı,2015,6,hayir,hayir,yok,konut,yok,yok,dikdortgen,yok,Z3,Düşük,5.01,50.3,53.8
istanbul,kadıköy,1985,8,evet,evet,kolon,konut,var,buyuk,T,farkli,Z2,Yüksek,4.88,33.0,35.5
samsun,bafra,2005,5,hayir,hayir,yok,konut,yok,yok,dikdortgen,yok,Z4,Düşük,5.3,45.0,64.75
izmir,karşıyaka,1992,9,evet,evet,hafif,konut,emin_degil,buyuk,L,farkli,Z4,Yüksek,4.65,29.0,23.83
tekirdağ,çorlu,2015,7,hayir,hayir,yok,konut,yok,yok,dikdortgen,yok,Z2,Düşük,5.13,31.0,38.65
ankara,keçiören,1998,8,hayir,evet,yok,konut,var,hafif,dikdortgen,uyumlu,Z2,Düşük,4.397,20.7,19.41
istanbul,pendik,2010,11,hayir,hayir,yok,ofis,yok,yok,dikdortgen,yok,Z2,Düşük,4.227,19.7,17.94
adana,yüreğir,1985,10,evet,evet,hafif,konut,var,buyuk,kompleks,farkli,Z4,Yüksek,4.35,28.4,19.81
erzincan,merkez,2002,5,evet,hayir,yok,konut,yok,hafif,U,yok,Z4,Orta,3.92,16.0,13.7
istanbul,sarıyer,2008,4,hayir,hayir,yok,konut,yok,yok,dikdortgen,yok,Z1,Düşük,4.543,27.0,28.81
bursa,osmangazi,1990,9,evet,evet,kolon,hastane,var,buyuk,L,farkli,Z4,Yüksek,5.119,37.9,58.07
izmir,konak,1988,7,evet,evet,hafif,konut,emin_degil,hafif,T,uyumlu,Z3,Orta,4.82,25.0,27.96
hatay,iskenderun,1995,10,evet,evet,kolon,konut,var,buyuk,U,farkli,Z4,Yüksek,4.32,20.7,23.69
ankara,sincan,2008,8,hayir,hayir,yok,konut,yok,yok,dikdortgen,yok,Z3,Düşük,4.71,55.5,56.5
istanbul,maltepe,2000,6,evet,evet,yok,konut,var,hafif,dikdortgen,uyumlu,Z2,Düşük,4.62,31.9,28.14
antalya,finike,1998,5,evet,hayir,hafif,okul,var,hafif,L,yok,Z4,Yüksek,4.38,23.3,28.94
sakarya,serdivan,2018,4,hayir,hayir,yok,konut,yok,yok,dikdortgen,yok,Z3,Düşük,4.92,35.5,43.64
istanbul,beşiktaş,1982,6,evet,evet,hafif,konut,emin_degil,buyuk,T,farkli,Z3,Yüksek,4.363,18.0,17.0
bursa,keles,2010,3,hayir,hayir,yok,konut,yok,yok,dikdortgen,yok,Z2,Düşük,4.54,31.0,29.03
izmir,balçova,1995,7,evet,evet,hafif,konut,var,buyuk,U,farkli,Z4,Yüksek,4.27,22.3,24.94
ankara,çankaya,2015,12,hayir,hayir,yok,ofis,yok,yok,dikdortgen,yok,Z1,Düşük,5.02,38.0,52.3
samsun,canik,2005,6,hayir,hayir,yok,konut,yok,yok,dikdortgen,yok,Z2,Düşük,5.08,49.1,52.65
istanbul,fatih,1988,5,evet,evet,kolon,konut,var,hafif,kompleks,uyumlu,Z2,Yüksek,4.31,24.4,15.3
adana,çukurova,2012,13,hayir,hayir,yok,konut,yok,yok,dikdortgen,yok,Z2,Düşük,5.22,41.5,50.01
kayseri,melikgazi,2002,9,hayir,evet,yok,konut,var,hafif,L,uyumlu,Z2,Düşük,4.24,23.3,19.82
istanbul, Zeytinburnu,1995,7,evet,evet,hafif,konut,emin_degil,hafif,T,farkli,Z3,Orta,4.44,28.5,19.91
izmir,buca,2005,8,hayir,hayir,yok,konut,yok,yok,dikdortgen,yok,Z2,Düşük,4.91,33.0,45.32
ankara,yenimahalle,1992,7,hayir,evet,yok,konut,var,hafif,U,uyumlu,Z3,Orta,4.48,29.1,22.36
bursa,yıldırım,2015,5,hayir,hayir,yok,konut,yok,yok,dikdortgen,yok,Z2,Düşük,4.629,31.3,37.22
istanbul,kartal,2010,16,hayir,hayir,yok,konut,yok,yok,dikdortgen,yok,Z1,Düşük,4.11,29.0,24.52
giresun,alucra,1985,5,evet,hayir,kolon,konut,var,buyuk,L,yok,Z4,Yüksek,4.207,25.3,27.43
eskişehir,merkez,1990,9,evet,evet,hafif,konut,var,hafif,T,farkli,Z4,Yüksek,4.52,30.0,26.38
istanbul,avcılar,2018,6,hayir,hayir,yok,konut,yok,yok,dikdortgen,yok,Z4,Düşük,4.375,35.0,28.2
antalya,demre,2005,3,evet,hayir,yok,konut,yok,yok,dikdortgen,yok,Z4,Düşük,4.47,26.0,31.35
kocaeli,gebze,2012,7,hayir,evet,yok,konut,var,hafif,U,uyumlu,Z2,Düşük,5.1,34.0,51.7
samsun,çarşamba,1992,5,evet,hayir,hafif,okul,var,hafif,L,yok,Z4,Yüksek,4.63,29.7,24.32
izmir,bayraklı,2000,10,hayir,hayir,yok,ofis,yok,yok,dikdortgen,yok,Z4,Düşük,4.3,19.0,23.77
ankara,gölbaşı,2015,4,hayir,hayir,yok,konut,yok,yok,dikdortgen,yok,Z4,Düşük,4.45,30.4,26.28
bursa,gemlik,1995,6,evet,hayir,hafif,konut,var,hafif,T,yok,Z4,Yüksek,4.573,28.7,32.18
istanbul,bakırköy,1972,9,evet,evet,kolon,hastane,var,buyuk,L,farkli,Z4,Yüksek,4.55,30.5,27.46
hatay,antakya,2010,8,hayir,evet,yok,konut,emin_degil,hafif,U,uyumlu,Z4,Düşük,4.785,36.2,29.97
antalya,lara,2015,6,hayir,hayir,yok,konut,yok,yok,dikdortgen,yok,Z1,Düşük,4.12,21.7,17.11
sakarya,merkez,1992,5,evet,evet,kolon,konut,var,buyuk,L,farkli,Z4,Yüksek,5.023,34.6,52.99
istanbul,tuzla,2015,11,hayir,hayir,yok,konut,yok,yok,dikdortgen,yok,Z3,Düşük,4.55,30.5,27.46
izmir,karşıyaka,2005,10,hayir,hayir,yok,konut,yok,yok,dikdortgen,yok,Z4,Düşük,4.375,35.0,28.2
ankara,etimesgut,1998,9,hayir,evet,yok,konut,var,hafif,T,uyumlu,Z4,Orta,5.038,47.8,58.06
bursa,nilüfer,1985,7,evet,evet,hafif,konut,emin_degil,buyuk,U,farkli,Z3,Yüksek,5.0,37.0,41.78
istanbul,pendik,2002,6,evet,evet,hafif,konut,var,hafif,L,uyumlu,Z2,Orta,3.94,20.5,12.16
adana,yüreğir,2015,13,hayir,hayir,yok,ofis,yok,yok,dikdortgen,yok,Z4,Düşük,4.92,37.0,46.68
muğla,datça,2012,2,hayir,hayir,yok,konut,yok,yok,dikdortgen,yok,Z1,Düşük,4.65,31.3,29.62
konya,selçuklu,1995,9,evet,hayir,yok,konut,var,hafif,T,yok,Z3,Orta,4.227,20.0,19.56
istanbul,avcılar,1985,8,evet,hayir,kolon,konut,var,buyuk,U,yok,Z4,Yüksek,4.77,34.0,36.83
izmir,bornova,2015,14,hayir,hayir,yok,konut,yok,yok,dikdortgen,yok,Z4,Düşük,4.65,25.1,17.16
ankara,keçiören,2008,7,hayir,evet,yok,konut,yok,hafif,dikdortgen,uyumlu,Z2,Düşük,3.93,18.3,17.54
samsun,atakum,2010,12,hayir,hayir,yok,konut,yok,yok,dikdortgen,yok,Z3,Düşük,4.25,25.0,17.36
istanbul,sarıyer,2005,4,hayir,hayir,yok,konut,yok,yok,dikdortgen,yok,Z1,Düşük,4.13,23.8,14.22
bursa,osmangazi,2005,11,hayir,hayir,yok,konut,yok,yok,dikdortgen,yok,Z4,Düşük,4.62,27.0,20.89
adana,seyhan,1992,9,evet,evet,hafif,konut,var,buyuk,T,farkli,Z4,Yüksek,4.8,36.0,41.76
giresun,alucra,1992,5,hayir,hayir,yok,konut,yok,yok,dikdortgen,yok,Z4,Düşük,4.55,29.4,24.03
izmir,konak,1985,8,evet,evet,kolon,okul,var,buyuk,L,farkli,Z3,Yüksek,4.08,23.1,14.22
istanbul,beşiktaş,2012,6,hayir,evet,yok,konut,yok,hafif,U,uyumlu,Z3,Düşük,5.049,40.1,64.82
ankara,mamak,2002,8,hayir,evet,yok,konut,var,hafif,dikdortgen,uyumlu,Z2,Düşük,4.29,27.0,22.46
kocaeli,izmit,1988,7,evet,evet,kolon,hastane,var,buyuk,kompleks,farkli,Z4,Yüksek,3.753,18.0,12.91
istanbul,avcılar,2008,5,hayir,evet,yok,konut,emin_degil,hafif,T,uyumlu,Z4,Düşük,4.29,27.0,22.46
antalya,lara,1995,5,evet,hayir,yok,konut,yok,yok,dikdortgen,yok,Z1,Düşük,4.85,35.2,39.72
bursa,gemlik,1980,6,evet,evet,hafif,konut,var,buyuk,L,farkli,Z4,Yüksek,4.53,36.4,32.12
izmir,balçova,2010,7,hayir,hayir,yok,konut,yok,yok,dikdortgen,yok,Z4,Düşük,5.11,52.3,55.82
ankara,çankaya,2015,10,hayir,hayir,yok,ofis,yok,yok,dikdortgen,yok,Z1,Düşük,4.243,16.0,16.99
istanbul,kadıköy,1992,7,evet,evet,hafif,konut,var,hafif,T,uyumlu,Z2,Düşük,4.6,33.0,24.47
sakarya,merkez,2008,6,hayir,evet,yok,konut,var,hafif,dikdortgen,uyumlu,Z4,Düşük,4.097,20.7,22.5
hatay,antakya,1988,8,evet,evet,kolon,konut,var,buyuk,L,farkli,Z4,Yüksek,5.18,40.6,49.33
antalya,finike,2018,4,hayir,hayir,yok,konut,yok,yok,dikdortgen,yok,Z4,Düşük,4.78,36.0,39.45
eskişehir,odunpazarı,1995,5,evet,hayir,yok,konut,var,hafif,U,yok,Z2,Düşük,4.29,28.0,23.54
istanbul,fatih,1985,5,evet,evet,hafif,konut,var,hafif,kompleks,farkli,Z2,Yüksek,4.2,22.1,15.1
ankara,sincan,1998,8,hayir,evet,yok,konut,var,hafif,T,uyumlu,Z3,Orta,4.3,26.3,27.0
izmir,bornova,2020,10,hayir,hayir,yok,ofis,yok,yok,dikdortgen,yok,Z4,Düşük,5.1,53.4,59.33
bursa,keles,2012,3,hayir,hayir,yok,konut,yok,yok,dikdortgen,yok,Z2,Düşük,5.05,31.0,47.87
istanbul, Zeytinburnu,1988,7,evet,evet,kolon,konut,var,buyuk,L,farkli,Z3,Yüksek,4.407,24.3,28.06
bursa,gemlik,1985,7,evet,evet,hafif,konut,var,buyuk,T,farkli,Z4,Yüksek,4.28,28.3,23.14
izmir,karşıyaka,1995,9,evet,evet,hafif,konut,emin_degil,hafif,dikdortgen,uyumlu,Z4,Yüksek,3.88,14.0,14.61
ankara,etimesgut,2005,8,hayir,evet,yok,konut,yok,yok,dikdortgen,uyumlu,Z4,Orta,4.682,29.7,36.75
istanbul,avcılar,1992,6,evet,hayir,hafif,konut,emin_degil,buyuk,L,yok,Z4,Yüksek,4.58,29.3,24.52
sakarya,merkez,2015,5,hayir,hayir,yok,konut,yok,yok,dikdortgen,yok,Z4,Düşük,4.17,21.8,15.49
giresun,alucra,1980,6,evet,hayir,yok,okul,var,hafif,kompleks,yok,Z4,Yüksek,4.37,26.0,19.22
antalya,lara,2020,4,hayir,hayir,yok,konut,yok,yok,dikdortgen,yok,Z1,Düşük,4.88,25.0,28.35
hatay,antakya,1998,8,evet,evet,kolon,hastane,var,buyuk,T,farkli,Z4,Yüksek,4.77,30.0,28.05
kocaeli,izmit,1985,7,evet,hayir,hafif,konut,emin_degil,hafif,U,yok,Z4,Yüksek,4.73,29.4,28.14
istanbul,bakırköy,1975,8,evet,evet,hafif,konut,var,buyuk,L,farkli,Z4,Yüksek,5.21,43.0,71.51
eskişehir,odunpazarı,2012,5,hayir,hayir,yok,konut,yok,yok,dikdortgen,yok,Z2,Düşük,4.8,32.2,38.21
adana,seyhan,1990,11,evet,hayir,kolon,ofis,var,buyuk,kompleks,yok,Z4,Yüksek,4.77,36.1,38.83
manisa,demirci,2008,4,evet,hayir,yok,konut,yok,yok,dikdortgen,yok,Z2,Düşük,4.363,18.0,17.0
izmir,bornova,1995,12,hayir,hayir,yok,konut,yok,yok,dikdortgen,yok,Z4,Düşük,4.5,39.5,40.6
istanbul,tuzla,1990,6,evet,evet,yok,konut,emin_degil,hafif,U,uyumlu,Z3,Orta,4.5,39.5,40.6
ankara,mamak,2005,10,hayir,hayir,yok,konut,yok,yok,dikdortgen,yok,Z2,Düşük,4.66,31.0,30.11
bursa,nilüfer,1998,7,evet,evet,hafif,konut,var,hafif,L,uyumlu,Z3,Orta,4.57,37.9,32.26
antalya,konyaaltı,2015,6,hayir,hayir,yok,konut,yok,yok,dikdortgen,yok,Z3,Düşük,4.72,45.7,47.6
istanbul,kadıköy,1985,8,evet,evet,kolon,konut,var,buyuk,T,farkli,Z2,Yüksek,4.54,29.2,25.5
samsun,bafra,2008,5,hayir,hayir,yok,konut,yok,yok,dikdortgen,yok,Z4,Düşük,4.4,35.0,30.5
izmir,bayraklı,1992,9,evet,evet,hafif,konut,emin_degil,buyuk,L,farkli,Z4,Yüksek,4.673,28.0,32.09
tekirdağ,çorlu,2012,7,hayir,hayir,yok,konut,yok,yok,dikdortgen,yok,Z2,Düşük,4.35,28.4,19.81
ankara,keçiören,2000,8,hayir,evet,yok,konut,var,hafif,dikdortgen,uyumlu,Z2,Düşük,4.67,31.2,27.26
istanbul,pendik,2015,11,hayir,hayir,yok,ofis,yok,yok,dikdortgen,yok,Z2,Düşük,4.92,35.2,44.33
adana,yüreğir,1985,10,evet,evet,hafif,konut,var,buyuk,kompleks,farkli,Z4,Yüksek,4.51,35.7,31.23
erzincan,merkez,2008,5,evet,hayir,yok,konut,yok,hafif,U,yok,Z4,Orta,4.33,22.0,23.31
istanbul,sarıyer,2005,4,hayir,hayir,yok,konut,yok,yok,dikdortgen,yok,Z1,Düşük,4.39,31.0,28.18
bursa,osmangazi,1990,9,evet,evet,kolon,hastane,var,buyuk,L,farkli,Z4,Yüksek,4.457,27.3,29.94
izmir,konak,1985,7,evet,evet,hafif,konut,emin_degil,hafif,T,uyumlu,Z3,Orta,4.413,23.7,30.56
hatay,iskenderun,1995,10,evet,evet,kolon,konut,var,buyuk,U,farkli,Z4,Yüksek,4.007,18.0,16.07
ankara,sincan,2008,8,hayir,hayir,yok,konut,yok,yok,dikdortgen,yok,Z3,Düşük,4.77,30.8,25.2
istanbul,maltepe,2000,6,evet,evet,yok,konut,var,hafif,dikdortgen,uyumlu,Z2,Düşük,5.15,33.0,53.66
antalya,finike,1998,5,evet,hayir,hafif,okul,var,hafif,L,yok,Z4,Yüksek,4.327,17.7,19.48
sakarya,serdivan,2018,4,hayir,hayir,yok,konut,yok,yok,dikdortgen,yok,Z3,Düşük,4.55,30.1,29.62
istanbul,beşiktaş,1982,6,evet,evet,hafif,konut,emin_degil,buyuk,T,farkli,Z3,Yüksek,4.51,26.8,21.67
bursa,keles,2010,3,hayir,hayir,yok,konut,yok,yok,dikdortgen,yok,Z2,Düşük,4.2,22.2,15.4
izmir,balçova,1995,7,evet,evet,hafif,konut,var,buyuk,U,farkli,Z4,Yüksek,5.01,50.3,53.8
ankara,çankaya,2015,12,hayir,hayir,yok,ofis,yok,yok,dikdortgen,yok,Z1,Düşük,4.67,31.2,27.26
samsun,canik,2005,6,hayir,hayir,yok,konut,yok,yok,dikdortgen,yok,Z2,Düşük,4.307,18.7,16.99
istanbul,fatih,1988,5,evet,evet,kolon,konut,var,hafif,kompleks,uyumlu,Z2,Yüksek,4.91,44.7,45.81
adana,çukurova,2012,13,hayir,hayir,yok,konut,yok,yok,dikdortgen,yok,Z2,Düşük,4.723,33.7,33.73
kayseri,melikgazi,2002,9,hayir,evet,yok,konut,var,hafif,L,uyumlu,Z2,Düşük,5.166,50.9,68.6
istanbul, Zeytinburnu,1995,7,evet,evet,hafif,konut,emin_degil,hafif,T,farkli,Z3,Orta,4.3,19.0,23.77
izmir,buca,2005,8,hayir,hayir,yok,konut,yok,yok,dikdortgen,yok,Z2,Düşük,4.48,30.0,26.58
ankara,yenimahalle,1992,7,hayir,evet,yok,konut,var,hafif,U,uyumlu,Z3,Orta,4.76,32.0,30.6
bursa,yıldırım,2015,5,hayir,hayir,yok,konut,yok,yok,dikdortgen,yok,Z2,Düşük,4.17,22.0,14.42
istanbul,kartal,2010,16,hayir,hayir,yok,konut,yok,yok,dikdortgen,yok,Z1,Düşük,4.41,29.6,32.9
giresun,alucra,1985,5,evet,hayir,kolon,konut,var,buyuk,L,yok,Z4,Yüksek,4.52,28.0,22.26
eskişehir,merkez,1990,9,evet,evet,hafif,konut,var,hafif,T,farkli,Z4,Yüksek,4.3,31.0,20.99
istanbul,avcılar,2018,6,hayir,hayir,yok,konut,yok,yok,dikdortgen,yok,Z4,Düşük,5.239,42.4,70.77
antalya,demre,2005,3,evet,hayir,yok,konut,yok,yok,dikdortgen,yok,Z4,Düşük,4.76,32.2,32.36
kocaeli,gebze,2012,7,hayir,evet,yok,konut,var,hafif,U,uyumlu,Z2,Düşük,4.45,30.9,26.97
samsun,çarşamba,1992,5,evet,hayir,hafif,okul,var,hafif,L,yok,Z4,Yüksek,4.5,33.0,27.3
izmir,bayraklı,2000,10,hayir,hayir,yok,ofis,yok,yok,dikdortgen,yok,Z4,Düşük,4.57,37.9,32.26
ankara,gölbaşı,2015,4,hayir,hayir,yok,konut,yok,yok,dikdortgen,yok,Z4,Düşük,4.573,28.7,32.18
bursa,gemlik,1995,6,evet,hayir,hafif,konut,var,hafif,T,yok,Z4,Yüksek,4.92,37.0,46.68
istanbul,bakırköy,1972,9,evet,evet,kolon,hastane,var,buyuk,L,farkli,Z4,Yüksek,4.37,26.0,19.22
hatay,antakya,2010,8,hayir,evet,yok,konut,emin_degil,hafif,U,uyumlu,Z4,Düşük,5.01,50.3,53.8
antalya,lara,2015,6,hayir,hayir,yok,konut,yok,yok,dikdortgen,yok,Z1,Düşük,5.08,38.0,52.29
sakarya,merkez,1992,5,evet,evet,kolon,konut,var,buyuk,L,farkli,Z4,Yüksek,4.629,31.3,37.22
istanbul,tuzla,2015,11,hayir,hayir,yok,konut,yok,yok,dikdortgen,yok,Z3,Düşük,5.117,39.5,55.09
izmir,karşıyaka,2005,10,hayir,hayir,yok,konut,yok,yok,dikdortgen,yok,Z4,Düşük,4.55,30.1,29.62
ankara,etimesgut,1998,9,hayir,evet,yok,konut,var,hafif,T,uyumlu,Z4,Orta,4.51,27.5,22.16
bursa,nilüfer,1985,7,evet,evet,hafif,konut,emin_degil,buyuk,U,farkli,Z3,Yüksek,4.2,24.5,15.89
istanbul,pendik,2002,6,evet,evet,hafif,konut,var,hafif,L,uyumlu,Z2,Orta,4.784,24.1,26.09
adana,yüreğir,2015,13,hayir,hayir,yok,ofis,yok,yok,dikdortgen,yok,Z4,Düşük,4.77,37.1,39.72
muğla,datça,2012,2,hayir,hayir,yok,konut,yok,yok,dikdortgen,yok,Z1,Düşük,4.51,27.5,22.16
konya,selçuklu,1995,9,evet,hayir,yok,konut,var,hafif,T,yok,Z3,Orta,4.173,24.0,29.35
istanbul,avcılar,1985,8,evet,hayir,kolon,konut,var,buyuk,U,yok,Z4,Yüksek,4.51,27.5,22.16
izmir,bornova,2015,14,hayir,hayir,yok,konut,yok,yok,dikdortgen,yok,Z4,Düşük,5.12,46.0,76.32
ankara,keçiören,2008,7,hayir,evet,yok,konut,yok,hafif,dikdortgen,uyumlu,Z2,Düşük,4.96,37.3,41.19
samsun,atakum,2010,12,hayir,hayir,yok,konut,yok,yok,dikdortgen,yok,Z3,Düşük,4.76,32.0,30.6
istanbul,sarıyer,2005,4,hayir,hayir,yok,konut,yok,yok,dikdortgen,yok,Z1,Düşük,4.375,35.0,28.2
bursa,osmangazi,2005,11,hayir,hayir,yok,konut,yok,yok,dikdortgen,yok,Z4,Düşük,4.75,33.9,33.05
adana,seyhan,1992,9,evet,evet,hafif,konut,var,buyuk,T,farkli,Z4,Yüksek,4.93,35.4,40.7
giresun,alucra,1992,5,hayir,hayir,yok,konut,yok,yok,dikdortgen,yok,Z4,Düşük,4.28,21.0,27.02
izmir,konak,1985,8,evet,evet,kolon,okul,var,buyuk,L,farkli,Z3,Yüksek,5.08,38.0,52.29
istanbul,beşiktaş,2012,6,hayir,evet,yok,konut,yok,hafif,U,uyumlu,Z3,Düşük,4.52,30.0,26.38
ankara,mamak,2002,8,hayir,evet,yok,konut,var,hafif,dikdortgen,uyumlu,Z2,Düşük,5.26,37.0,50.23
kocaeli,izmit,1988,7,evet,evet,kolon,hastane,var,buyuk,kompleks,farkli,Z4,Yüksek,4.097,20.7,22.5
istanbul,avcılar,2008,5,hayir,evet,yok,konut,emin_degil,hafif,T,uyumlu,Z4,Düşük,4.307,18.7,16.99
antalya,lara,1995,5,evet,hayir,yok,konut,yok,yok,dikdortgen,yok,Z1,Düşük,4.4,28.6,21.67
bursa,gemlik,1980,6,evet,evet,hafif,konut,var,buyuk,L,farkli,Z4,Yüksek,5.08,49.1,52.65
izmir,balçova,2010,7,hayir,hayir,yok,konut,yok,yok,dikdortgen,yok,Z4,Düşük,5.0,37.0,41.78
ankara,çankaya,2015,10,hayir,hayir,yok,ofis,yok,yok,dikdortgen,yok,Z1,Düşük,4.477,24.3,24.6
istanbul,kadıköy,1992,7,evet,evet,hafif,konut,var,hafif,T,uyumlu,Z2,Düşük,3.927,19.3,16.11
sakarya,merkez,2008,6,hayir,evet,yok,konut,var,hafif,dikdortgen,uyumlu,Z4,Düşük,4.48,26.3,23.05
hatay,antakya,1988,8,evet,evet,kolon,konut,var,buyuk,L,farkli,Z4,Yüksek,4.52,28.0,22.26
antalya,finike,2018,4,hayir,hayir,yok,konut,yok,yok,dikdortgen,yok,Z4,Düşük,3.89,19.0,15.3
eskişehir,odunpazarı,1995,5,evet,hayir,yok,konut,var,hafif,U,yok,Z2,Düşük,4.44,25.5,17.65
istanbul,fatih,1985,5,evet,evet,hafif,konut,var,hafif,kompleks,farkli,Z2,Yüksek,3.93,21.1,12.45
ankara,sincan,1998,8,hayir,evet,yok,konut,var,hafif,T,uyumlu,Z3,Orta,3.753,18.0,12.91
izmir,bornova,2020,10,hayir,hayir,yok,ofis,yok,yok,dikdortgen,yok,Z4,Düşük,4.91,44.7,45.81
bursa,keles,2012,3,hayir,hayir,yok,konut,yok,yok,dikdortgen,yok,Z2,Düşük,4.65,45.9,48.3
istanbul, Zeytinburnu,1988,7,evet,evet,kolon,konut,var,buyuk,L,farkli,Z3,Yüksek,4.51,27.0,27.73
istanbul,bakırköy,1985,8,evet,evet,hafif,konut,var,buyuk,T,farkli,Z4,Yüksek,5.038,47.8,58.06
izmir,bayraklı,2012,11,hayir,hayir,yok,ofis,yok,yok,dikdortgen,yok,Z4,Düşük,4.45,28.0,24.42
ankara,etimesgut,1995,8,evet,evet,kolon,konut,var,hafif,U,uyumlu,Z4,Yüksek,5.18,40.6,49.33
bursa,gemlik,1980,6,evet,hayir,hafif,konut,var,buyuk,L,yok,Z4,Yüksek,4.78,36.0,39.45
sakarya,merkez,2008,5,hayir,hayir,yok,konut,yok,yok,dikdortgen,yok,Z4,Düşük,4.38,28.1,21.38
giresun,alucra,1988,6,evet,hayir,yok,okul,emin_degil,hafif,kompleks,yok,Z4,Yüksek,4.4,33.0,25.79
antalya,lara,2019,4,hayir,hayir,yok,konut,yok,yok,dikdortgen,yok,Z1,Düşük,5.049,40.1,64.82
hatay,antakya,1992,7,evet,evet,hafif,hastane,var,buyuk,L,farkli,Z4,Yüksek,4.55,29.4,23.73
kocaeli,izmit,1985,8,evet,hayir,yok,konut,emin_degil,hafif,U,yok,Z4,Yüksek,3.85,22.9,14.81
istanbul,avcılar,2002,6,hayir,evet,yok,konut,yok,yok,dikdortgen,uyumlu,Z4,Düşük,4.458,37.0,33.2
eskişehir,odunpazarı,2015,4,hayir,hayir,yok,konut,yok,yok,dikdortgen,yok,Z2,Düşük,4.29,27.0,22.46
adana,seyhan,1985,11,evet,hayir,kolon,ofis,var,buyuk,T,yok,Z4,Yüksek,4.93,30.0,37.47
manisa,demirci,1998,5,evet,evet,yok,konut,var,hafif,L,uyumlu,Z2,Düşük,4.66,30.8,28.14
izmir,bornova,2008,12,hayir,hayir,yok,konut,yok,yok,dikdortgen,yok,Z4,Düşük,4.58,26.6,22.16
istanbul,tuzla,1992,6,evet,evet,yok,konut,emin_degil,hafif,U,uyumlu,Z3,Orta,5.1,39.0,43.44
ankara,mamak,2010,9,hayir,hayir,yok,konut,yok,yok,dikdortgen,yok,Z2,Düşük,4.96,38.3,40.99
bursa,nilüfer,1998,7,evet,evet,hafif,konut,var,hafif,kompleks,uyumlu,Z3,Orta,4.383,22.7,22.13
antalya,konyaaltı,2012,8,hayir,hayir,yok,konut,yok,yok,dikdortgen,yok,Z3,Düşük,4.92,37.0,46.68
istanbul,kadıköy,1975,8,evet,evet,kolon,konut,var,buyuk,L,farkli,Z2,Yüksek,4.317,23.7,25.91
samsun,bafra,2000,5,hayir,hayir,yok,konut,yok,yok,dikdortgen,yok,Z4,Düşük,5.12,46.0,76.32
izmir,karşıyaka,1988,9,evet,evet,hafif,konut,emin_degil,buyuk,T,farkli,Z4,Yüksek,3.92,18.0,13.11
tekirdağ,çorlu,2018,6,hayir,hayir,yok,konut,yok,yok,dikdortgen,yok,Z2,Düşük,4.92,35.2,44.33
ankara,keçiören,1995,8,hayir,evet,yok,konut,var,hafif,dikdortgen,uyumlu,Z2,Düşük,4.45,26.6,19.61
istanbul,pendik,2008,10,hayir,hayir,yok,ofis,yok,yok,dikdortgen,yok,Z2,Düşük,4.39,23.3,22.77
adana,yüreğir,1990,9,evet,evet,hafif,konut,var,buyuk,kompleks,farkli,Z4,Yüksek,5.3,45.0,64.75
erzincan,merkez,2002,5,evet,hayir,yok,konut,yok,hafif,U,yok,Z4,Orta,4.033,18.3,16.2
istanbul,sarıyer,2010,4,hayir,hayir,yok,konut,yok,yok,dikdortgen,yok,Z1,Düşük,3.821,19.0,12.8
bursa,osmangazi,1985,8,evet,evet,kolon,hastane,var,buyuk,L,farkli,Z4,Yüksek,5.119,37.9,58.07
izmir,konak,1992,7,evet,evet,hafif,konut,emin_degil,hafif,T,uyumlu,Z3,Orta,4.77,36.1,38.83
hatay,iskenderun,1980,10,evet,evet,kolon,konut,var,buyuk,U,farkli,Z4,Yüksek,4.22,22.7,22.54
ankara,sincan,2012,8,hayir,hayir,yok,konut,yok,yok,dikdortgen,yok,Z3,Düşük,4.18,18.3,18.11
istanbul,maltepe,1998,6,evet,evet,yok,konut,var,hafif,dikdortgen,uyumlu,Z2,Düşük,4.397,20.7,19.41
antalya,finike,1995,5,evet,hayir,hafif,okul,var,hafif,L,yok,Z4,Yüksek,4.54,26.0,18.34
sakarya,serdivan,2015,4,hayir,hayir,yok,konut,yok,yok,dikdortgen,yok,Z3,Düşük,4.78,36.0,39.45
istanbul,beşiktaş,1982,5,evet,evet,hafif,konut,emin_degil,buyuk,kompleks,farkli,Z3,Yüksek,5.3,43.0,68.87
bursa,keles,1995,3,hayir,hayir,yok,konut,yok,yok,dikdortgen,yok,Z2,Düşük,4.785,36.2,29.97
izmir,balçova,1990,7,evet,evet,hafif,konut,var,buyuk,T,farkli,Z4,Yüksek,4.78,31.8,31.58
ankara,çankaya,2012,12,hayir,hayir,yok,ofis,yok,yok,dikdortgen,yok,Z1,Düşük,5.08,49.1,52.65
samsun,canik,2005,6,hayir,hayir,yok,konut,yok,yok,dikdortgen,yok,Z2,Düşük,4.28,28.3,23.14
istanbul,fatih,1988,6,evet,evet,kolon,konut,var,hafif,L,uyumlu,Z2,Yüksek,5.0,41.0,50.01
adana,çukurova,2015,14,hayir,hayir,yok,konut,yok,yok,dikdortgen,yok,Z2,Düşük,4.77,29.3,39.99
kayseri,melikgazi,2002,9,hayir,evet,yok,konut,var,hafif,U,uyumlu,Z2,Düşük,4.54,26.0,18.34
istanbul, Zeytinburnu,1995,7,evet,evet,hafif,konut,emin_degil,hafif,dikdortgen,farkli,Z3,Orta,4.52,28.0,23.14
izmir,buca,2010,8,hayir,hayir,yok,konut,yok,yok,dikdortgen,yok,Z2,Düşük,4.73,32.5,30.89
ankara,yenimahalle,2000,7,hayir,evet,yok,konut,var,hafif,L,uyumlu,Z3,Düşük,4.77,34.0,36.83
bursa,yıldırım,2015,5,hayir,hayir,yok,konut,yok,yok,dikdortgen,yok,Z2,Düşük,4.88,30.0,35.79
istanbul,kartal,2012,15,hayir,hayir,yok,konut,yok,yok,dikdortgen,yok,Z1,Düşük,4.147,20.3,20.21
giresun,alucra,1980,5,evet,hayir,kolon,konut,var,buyuk,T,yok,Z4,Yüksek,5.23,37.0,47.87
eskişehir,merkez,1990,8,evet,evet,hafif,konut,var,hafif,kompleks,farkli,Z4,Yüksek,4.92,35.5,43.64
istanbul,avcılar,2018,6,hayir,hayir,yok,konut,yok,yok,dikdortgen,yok,Z4,Düşük,4.097,20.7,22.5
antalya,demre,2008,3,evet,hayir,yok,konut,yok,yok,dikdortgen,yok,Z4,Düşük,4.63,29.7,24.32
kocaeli,gebze,2005,7,hayir,evet,yok,konut,var,hafif,U,uyumlu,Z2,Düşük,4.5,39.5,40.6
samsun,çarşamba,1992,5,evet,hayir,hafif,okul,var,hafif,L,yok,Z4,Yüksek,4.45,28.0,24.42
izmir,bayraklı,2000,10,hayir,hayir,yok,ofis,yok,yok,dikdortgen,yok,Z4,Düşük,4.3,26.3,27.0
ankara,gölbaşı,2015,4,hayir,hayir,yok,konut,yok,yok,dikdortgen,yok,Z4,Düşük,3.927,19.3,16.11
bursa,gemlik,1995,6,evet,hayir,hafif,konut,var,hafif,dikdortgen,yok,Z4,Orta,4.72,45.7,47.6
istanbul,bakırköy,1970,9,evet,evet,kolon,hastane,var,buyuk,T,farkli,Z4,Yüksek,4.785,36.2,29.97
hatay,antakya,2010,8,hayir,evet,yok,konut,emin_degil,hafif,L,uyumlu,Z4,Düşük,5.2,36.0,59.35
antalya,lara,2018,6,hayir,hayir,yok,konut,yok,yok,dikdortgen,yok,Z1,Düşük,4.92,36.2,39.91
sakarya,merkez,1992,5,evet,evet,kolon,konut,var,buyuk,kompleks,farkli,Z4,Yüksek,3.95,20.0,12.65
istanbul,tuzla,2015,11,hayir,hayir,yok,konut,yok,yok,dikdortgen,yok,Z3,Düşük,4.673,28.0,32.09
izmir,karşıyaka,2005,10,hayir,hayir,yok,konut,yok,yok,dikdortgen,yok,Z4,Düşük,4.96,33.1,30.38
ankara,etimesgut,2000,9,hayir,evet,yok,konut,var,hafif,U,uyumlu,Z4,Orta,5.18,43.0,69.36
bursa,nilüfer,1985,7,evet,evet,hafif,konut,emin_degil,buyuk,L,farkli,Z3,Yüksek,4.84,33.0,31.87
istanbul,pendik,1995,6,evet,evet,hafif,konut,var,hafif,T,uyumlu,Z2,Orta,4.51,30.4,23.25
adana,yüreğir,2012,12,hayir,hayir,yok,ofis,yok,yok,dikdortgen,yok,Z4,Düşük,4.55,27.4,22.36
muğla,datça,2015,2,hayir,hayir,yok,konut,yok,yok,dikdortgen,yok,Z1,Düşük,4.5,33.0,23.9
konya,selçuklu,1998,9,evet,hayir,yok,konut,var,hafif,kompleks,yok,Z3,Orta,4.66,49.3,54.1
istanbul,avcılar,1985,8,evet,hayir,kolon,konut,var,buyuk,L,yok,Z4,Yüksek,5.26,37.0,50.23
izmir,bornova,2012,14,hayir,hayir,yok,konut,yok,yok,dikdortgen,yok,Z4,Düşük,4.9,34.0,53.27
ankara,keçiören,2008,7,hayir,evet,yok,konut,yok,hafif,dikdortgen,uyumlu,Z2,Düşük,4.17,21.8,15.49
samsun,atakum,2010,12,hayir,hayir,yok,konut,yok,yok,dikdortgen,yok,Z3,Düşük,4.25,23.1,23.3
istanbul,sarıyer,2005,4,hayir,hayir,yok,konut,yok,yok,dikdortgen,yok,Z1,Düşük,4.41,29.0,21.08
bursa,osmangazi,2005,11,hayir,hayir,yok,konut,yok,yok,dikdortgen,yok,Z4,Düşük,4.28,23.3,24.36
adana,seyhan,1990,9,evet,evet,hafif,konut,var,buyuk,T,farkli,Z4,Yüksek,4.253,22.7,23.9
giresun,alucra,2018,5,hayir,hayir,yok,konut,yok,yok,dikdortgen,yok,Z4,Düşük,4.62,30.8,29.52
izmir,konak,1988,8,evet,evet,kolon,okul,var,buyuk,U,farkli,Z3,Yüksek,4.43,23.7,23.98
istanbul,beşiktaş,2010,6,hayir,evet,yok,konut,yok,hafif,L,uyumlu,Z3,Düşük,4.45,30.9,26.58
ankara,mamak,2000,8,hayir,evet,yok,konut,var,hafif,dikdortgen,uyumlu,Z2,Düşük,4.32,28.7,23.54
kocaeli,izmit,1980,7,evet,evet,kolon,hastane,var,buyuk,kompleks,farkli,Z4,Yüksek,4.52,32.6,30.3
istanbul,avcılar,2002,5,hayir,evet,yok,konut,emin_degil,hafif,T,uyumlu,Z4,Düşük,4.682,29.7,36.75
antalya,lara,1992,5,evet,hayir,yok,konut,yok,yok,dikdortgen,yok,Z1,Düşük,4.28,23.3,24.36
bursa,gemlik,1975,6,evet,evet,hafif,konut,var,buyuk,U,farkli,Z4,Yüksek,4.92,35.2,44.33
izmir,balçova,2005,7,hayir,hayir,yok,konut,yok,yok,dikdortgen,yok,Z4,Düşük,4.44,25.5,17.65
ankara,çankaya,2015,10,hayir,hayir,yok,ofis,yok,yok,dikdortgen,yok,Z1,Düşük,4.66,33.3,29.32
istanbul,kadıköy,1992,7,evet,evet,hafif,konut,var,hafif,L,uyumlu,Z2,Düşük,4.2,28.2,21.38
sakarya,merkez,2008,6,hayir,evet,yok,konut,var,hafif,dikdortgen,uyumlu,Z4,Düşük,3.73,18.7,13.02
hatay,antakya,1988,8,evet,evet,kolon,konut,var,buyuk,T,farkli,Z4,Yüksek,4.93,30.0,37.47
antalya,finike,2020,4,hayir,hayir,yok,konut,yok,yok,dikdortgen,yok,Z4,Düşük,4.73,30.0,25.3
eskişehir,odunpazarı,1995,5,evet,hayir,yok,konut,var,hafif,U,yok,Z2,Düşük,4.91,33.0,45.32
istanbul,fatih,1982,5,evet,evet,hafif,konut,var,hafif,kompleks,farkli,Z2,Yüksek,4.62,28.4,24.52
ankara,sincan,2002,8,hayir,evet,yok,konut,var,hafif,T,uyumlu,Z3,Orta,4.52,28.0,22.26
izmir,bornova,2015,10,hayir,hayir,yok,ofis,yok,yok,dikdortgen,yok,Z4,Düşük,4.73,36.8,38.05
bursa,keles,2005,3,hayir,hayir,yok,konut,yok,yok,dikdortgen,yok,Z2,Düşük,5.06,52.2,54.96
istanbul, Zeytinburnu,1990,7,evet,evet,kolon,konut,var,buyuk,L,farkli,Z3,Yüksek,4.88,33.0,35.5
bursa,gemlik,1992,6,evet,hayir,kolon,konut,var,buyuk,L,yok,Z4,Yüksek,3.85,22.9,14.81
izmir,konak,1985,9,evet,evet,hafif,ofis,var,hafif,T,farkli,Z3,Yüksek,4.267,22.0,27.94
ankara,etimesgut,2010,8,hayir,evet,yok,konut,yok,yok,dikdortgen,uyumlu,Z4,Düşük,4.17,23.0,14.51
istanbul,avcılar,1988,7,evet,evet,hafif,konut,emin_degil,buyuk,U,farkli,Z4,Yüksek,5.22,42.0,50.01
antalya,lara,2018,5,hayir,hayir,yok,konut,yok,yok,dikdortgen,yok,Z1,Düşük,4.66,30.8,28.14
sakarya,merkez,2002,4,evet,hayir,yok,konut,yok,hafif,dikdortgen,yok,Z4,Orta,4.11,29.0,24.52
giresun,alucra,1975,5,evet,hayir,kolon,okul,var,buyuk,kompleks,yok,Z4,Yüksek,4.78,40.6,37.28
kocaeli,izmit,1995,8,evet,evet,hafif,konut,var,hafif,L,uyumlu,Z4,Yüksek,5.26,37.0,50.23
istanbul,pendik,2012,11,hayir,hayir,yok,ofis,yok,yok,dikdortgen,yok,Z2,Düşük,4.17,22.0,14.42
adana,yüreğir,2008,10,hayir,hayir,yok,konut,yok,yok,dikdortgen,yok,Z4,Düşük,4.5,39.5,40.6
eskişehir,merkez,1990,7,evet,evet,hafif,konut,emin_degil,buyuk,T,farkli,Z4,Yüksek,4.147,17.7,18.32
hatay,antakya,1982,6,evet,evet,kolon,hastane,var,buyuk,U,farkli,Z4,Yüksek,4.8,38.0,36.67
ankara,sincan,2005,9,hayir,evet,yok,konut,var,hafif,L,uyumlu,Z3,Orta,4.35,24.9,15.79
izmir,bornova,2015,13,hayir,hayir,yok,konut,yok,yok,dikdortgen,yok,Z4,Düşük,4.39,31.0,28.18
bursa,nilüfer,1998,8,evet,evet,hafif,konut,var,hafif,kompleks,uyumlu,Z3,Orta,4.62,30.8,29.52
istanbul,tuzla,2010,6,hayir,hayir,yok,konut,yok,yok,dikdortgen,yok,Z3,Düşük,4.17,22.0,15.2
samsun,atakum,2018,11,hayir,hayir,yok,konut,yok,yok,dikdortgen,yok,Z3,Düşük,4.55,30.5,27.46
adana,seyhan,1985,10,evet,evet,kolon,konut,var,buyuk,L,farkli,Z4,Yüksek,5.15,51.3,54.22
antalya,konyaaltı,2012,7,hayir,hayir,yok,konut,yok,yok,dikdortgen,yok,Z3,Düşük,4.72,33.8,33.93
istanbul,kadıköy,1995,8,evet,evet,hafif,konut,emin_degil,hafif,T,uyumlu,Z2,Orta,4.51,27.2,23.3
manisa,demirci,1988,4,evet,hayir,yok,konut,var,hafif,U,yok,Z2,Düşük,5.05,31.0,47.87
bursa,yıldırım,2005,5,hayir,hayir,yok,konut,yok,yok,dikdortgen,yok,Z2,Düşük,4.12,20.7,20.34
izmir,karşıyaka,1992,9,evet,evet,hafif,konut,var,buyuk,dikdortgen,farkli,Z4,Yüksek,4.91,33.0,45.32
ankara,mamak,2000,8,hayir,evet,yok,konut,var,hafif,L,uyumlu,Z2,Düşük,4.37,26.0,19.22
istanbul,sarıyer,2008,4,hayir,hayir,yok,konut,yok,yok,dikdortgen,yok,Z1,Düşük,4.48,28.6,22.16
erzincan,merkez,1998,6,evet,evet,hafif,konut,emin_degil,buyuk,T,farkli,Z4,Yüksek,4.64,29.0,28.44
kocaeli,gebze,2015,8,hayir,hayir,yok,konut,yok,yok,dikdortgen,yok,Z2,Düşük,4.19,23.0,15.3
istanbul,bakırköy,1978,7,evet,evet,kolon,konut,var,buyuk,kompleks,farkli,Z4,Yüksek,4.12,21.7,17.11
hatay,iskenderun,2005,9,evet,hayir,yok,konut,emin_degil,hafif,L,yok,Z4,Orta,4.96,33.1,30.38
bursa,osmangazi,1990,8,evet,evet,hafif,konut,var,buyuk,U,farkli,Z4,Yüksek,4.33,21.7,22.82
izmir,bayraklı,2018,12,hayir,hayir,yok,ofis,yok,yok,dikdortgen,yok,Z4,Düşük,4.667,42.0,39.8
ankara,keçiören,2012,9,hayir,hayir,yok,konut,yok,yok,dikdortgen,yok,Z2,Düşük,4.35,28.4,19.81
istanbul, Zeytinburnu,1995,6,evet,evet,yok,konut,emin_degil,hafif,T,uyumlu,Z3,Orta,4.35,24.3,15.89
giresun,alucra,1985,5,evet,hayir,hafif,okul,var,buyuk,dikdortgen,yok,Z4,Yüksek,5.11,52.3,55.82
antalya,demre,2010,3,evet,hayir,yok,konut,yok,yok,dikdortgen,yok,Z4,Düşük,4.45,30.4,26.28
bursa,keles,2002,2,hayir,hayir,yok,konut,yok,yok,dikdortgen,yok,Z2,Düşük,4.66,49.3,54.1
adana,çukurova,2020,13,hayir,hayir,yok,konut,yok,yok,dikdortgen,yok,Z2,Düşük,4.667,42.0,39.8
istanbul,avcılar,1999,7,evet,hayir,hafif,konut,emin_degil,hafif,L,yok,Z4,Yüksek,4.77,30.3,27.36
izmir,balçova,1988,6,evet,evet,kolon,konut,var,buyuk,U,farkli,Z4,Yüksek,3.927,19.3,16.11
ankara,yenimahalle,2008,8,hayir,evet,yok,konut,yok,hafif,dikdortgen,uyumlu,Z3,Düşük,4.73,29.4,28.14
sakarya,serdivan,1995,5,evet,hayir,hafif,konut,var,hafif,kompleks,yok,Z3,Orta,4.937,30.3,51.35
istanbul,fatih,1982,5,evet,evet,hafif,konut,var,hafif,T,farkli,Z2,Yüksek,4.65,31.3,29.62
bursa,gemlik,2010,8,hayir,hayir,yok,konut,yok,yok,dikdortgen,yok,Z4,Düşük,4.64,31.0,28.44
antalya,finike,1992,4,evet,hayir,kolon,konut,var,buyuk,L,yok,Z4,Yüksek,4.383,22.7,22.13
eskişehir,odunpazarı,2005,6,hayir,evet,yok,konut,yok,hafif,U,uyumlu,Z2,Düşük,4.213,24.3,25.59
istanbul,beşiktaş,2015,6,hayir,hayir,yok,konut,yok,yok,dikdortgen,yok,Z3,Düşük,4.62,31.0,27.85
izmir,buca,2000,7,hayir,evet,yok,konut,var,hafif,dikdortgen,uyumlu,Z2,Düşük,4.7,34.0,29.81
ankara,çankaya,2010,11,hayir,hayir,yok,ofis,yok,yok,dikdortgen,yok,Z1,Düşük,5.17,44.0,65.43
istanbul,maltepe,1992,6,evet,evet,yok,konut,emin_degil,hafif,L,uyumlu,Z2,Düşük,4.6,30.2,25.1
samsun,canik,1998,5,evet,hayir,yok,konut,var,hafif,T,yok,Z2,Düşük,4.596,42.0,38.4
adana,yüreğir,2015,11,hayir,hayir,yok,konut,yok,yok,dikdortgen,yok,Z4,Düşük,4.93,43.8,44.75
konya,selçuklu,2008,9,hayir,hayir,yok,konut,var,hafif,kompleks,yok,Z3,Orta,4.51,27.2,23.3
muğla,datça,2018,2,hayir,hayir,yok,konut,yok,yok,dikdortgen,yok,Z1,Düşük,4.66,33.3,29.32
istanbul,kartal,2012,14,hayir,hayir,yok,konut,yok,yok,dikdortgen,yok,Z1,Düşük,4.093,20.7,19.61
bursa,nilüfer,1992,7,evet,evet,hafif,konut,emin_degil,buyuk,L,farkli,Z3,Yüksek,4.93,35.4,40.7
izmir,bornova,1995,10,evet,evet,kolon,hastane,var,buyuk,U,farkli,Z4,Yüksek,5.0,41.0,50.41
ankara,gölbaşı,2012,4,hayir,hayir,yok,konut,yok,yok,dikdortgen,yok,Z4,Düşük,3.88,14.0,14.61
samsun,çarşamba,1985,5,evet,hayir,hafif,okul,var,hafif,T,yok,Z4,Yüksek,4.8,36.0,47.56
istanbul,avcılar,2015,6,hayir,hayir,yok,konut,yok,yok,dikdortgen,yok,Z4,Düşük,3.95,20.0,12.65
tekirdağ,marmaraereğlisi,2000,4,hayir,evet,yok,konut,var,hafif,dikdortgen,uyumlu,Z3,Düşük,3.93,18.0,18.15
izmir,karşıyaka,2008,10,hayir,hayir,yok,konut,yok,yok,dikdortgen,yok,Z4,Düşük,4.77,29.3,39.99
bursa,osmangazi,1975,8,evet,evet,kolon,konut,var,buyuk,kompleks,farkli,Z4,Yüksek,4.29,29.6,22.85
antalya,lara,2000,5,hayir,hayir,yok,konut,yok,yok,dikdortgen,yok,Z1,Düşük,4.65,31.3,29.62
sakarya,merkez,1990,5,evet,hayir,hafif,konut,var,buyuk,L,yok,Z4,Yüksek,4.2,24.5,15.89
istanbul,pendik,1998,7,evet,evet,yok,konut,emin_degil,hafif,T,uyumlu,Z2,Orta,4.2,22.2,15.4
ankara,etimesgut,2002,8,hayir,evet,yok,konut,var,hafif,U,uyumlu,Z4,Orta,4.32,28.2,23.34
izmir,konak,1980,7,evet,evet,hafif,konut,var,hafif,L,farkli,Z3,Orta,4.52,28.0,22.26
bursa,gemlik,1988,6,evet,evet,hafif,konut,var,buyuk,T,farkli,Z4,Yüksek,4.33,21.7,22.82
istanbul, Zeytinburnu,2002,7,hayir,evet,yok,konut,emin_degil,hafif,dikdortgen,uyumlu,Z3,Düşük,5.18,43.0,69.36
adana,seyhan,2012,11,hayir,hayir,yok,konut,yok,yok,dikdortgen,yok,Z4,Düşük,4.92,36.2,39.91
eskişehir,merkez,1985,8,evet,evet,kolon,hastane,var,buyuk,kompleks,farkli,Z4,Yüksek,5.1,38.0,39.32
hatay,antakya,2008,9,hayir,evet,yok,konut,emin_degil,hafif,L,uyumlu,Z4,Düşük,4.347,22.7,24.48
istanbul,bakırköy,2015,10,hayir,hayir,yok,ofis,yok,yok,dikdortgen,yok,Z4,Düşük,4.173,24.0,29.35
antalya,konyaaltı,2005,6,evet,hayir,yok,konut,var,hafif,U,yok,Z3,Orta,4.48,28.6,22.16
bursa,yıldırım,1992,5,evet,hayir,yok,konut,var,hafif,T,yok,Z2,Düşük,4.527,25.3,22.1
izmir,bayraklı,1990,11,evet,evet,hafif,konut,var,buyuk,kompleks,farkli,Z4,Yüksek,5.22,39.0,60.14
ankara,mamak,2015,10,hayir,hayir,yok,konut,yok,yok,dikdortgen,yok,Z2,Düşük,4.673,28.0,32.09
giresun,alucra,1998,5,evet,hayir,yok,konut,emin_degil,hafif,L,yok,Z4,Orta,4.243,16.0,16.99
istanbul,avcılar,1985,8,evet,hayir,kolon,konut,var,buyuk,T,yok,Z4,Yüksek,4.66,49.3,54.1
samsun,bafra,2010,6,hayir,hayir,yok,konut,yok,yok,dikdortgen,yok,Z4,Düşük,4.7,34.0,29.81
izmir,balçova,1995,7,evet,evet,hafif,konut,var,buyuk,U,farkli,Z4,Yüksek,4.52,32.6,30.3
bursa,nilüfer,2012,8,hayir,hayir,yok,konut,yok,yok,dikdortgen,yok,Z3,Düşük,4.78,38.4,36.15
istanbul,kadıköy,1988,8,evet,evet,yok,konut,emin_degil,hafif,L,uyumlu,Z2,Düşük,4.127,18.3,18.32
ankara,sincan,1995,7,evet,evet,hafif,konut,var,hafif,T,uyumlu,Z3,Orta,3.74,18.7,13.96
adana,yüreğir,1982,10,evet,hayir,kolon,okul,var,buyuk,kompleks,yok,Z4,Yüksek,5.26,37.0,50.23
istanbul,tuzla,2015,9,hayir,hayir,yok,konut,yok,yok,dikdortgen,yok,Z3,Düşük,5.1,38.0,39.32
izmir,buca,2008,7,hayir,evet,yok,konut,var,hafif,U,uyumlu,Z2,Düşük,4.458,37.0,33.2
bursa,gemlik,1992,6,evet,hayir,kolon,konut,var,buyuk,L,yok,Z4,Yüksek,5.0,37.0,41.78
antalya,lara,2022,4,hayir,hayir,yok,konut,yok,yok,dikdortgen,yok,Z1,Düşük,4.45,30.9,26.97
sakarya,merkez,2000,5,evet,hayir,yok,konut,emin_degil,hafif,T,yok,Z4,Orta,4.4,28.6,21.67
istanbul,avcılar,2008,6,evet,evet,yok,konut,emin_degil,hafif,dikdortgen,uyumlu,Z4,Orta,4.682,29.7,36.75
ankara,çankaya,1995,7,hayir,evet,yok,konut,yok,hafif,dikdortgen,uyumlu,Z1,Düşük,5.049,40.1,64.82
izmir,bornova,2012,13,hayir,hayir,yok,konut,yok,yok,dikdortgen,yok,Z4,Düşük,3.73,18.7,13.02
bursa,keles,2005,3,hayir,hayir,yok,konut,yok,yok,dikdortgen,yok,Z2,Düşük,4.45,30.9,26.97
istanbul,pendik,1990,6,evet,evet,hafif,konut,emin_degil,hafif,U,uyumlu,Z2,Orta,4.8,41.3,42.77
adana,seyhan,2002,10,hayir,evet,yok,konut,emin_degil,hafif,T,uyumlu,Z4,Orta,4.25,23.1,23.3
eskişehir,odunpazarı,1980,5,evet,hayir,kolon,hastane,var,buyuk,L,yok,Z2,Yüksek,4.173,24.0,29.35
izmir,bayraklı,1995,12,evet,evet,hafif,konut,var,buyuk,L,farkli,Z4,Yüksek,4.62,30.8,29.52
istanbul,avcılar,1988,7,evet,hayir,kolon,hastane,emin_degil,hafif,kompleks,yok,Z4,Yüksek,4.78,40.6,37.28
ankara,etimesgut,2005,10,hayir,evet,yok,konut,yok,buyuk,T,uyumlu,Z4,Orta,4.363,18.0,17.0
hatay,antakya,1992,8,evet,evet,hafif,okul,var,buyuk,U,farkli,Z4,Yüksek,4.56,29.0,31.02
bursa,gemlik,1982,5,evet,hayir,kolon,konut,var,hafif,dikdortgen,yok,Z4,Yüksek,4.89,43.5,43.67
sakarya,merkez,2012,6,hayir,hayir,yok,konut,yok,yok,dikdortgen,yok,Z4,Düşük,4.78,40.6,37.28
giresun,alucra,2000,9,evet,evet,hafif,hastane,emin_degil,buyuk,kompleks,farkli,Z4,Yüksek,4.796,31.2,39.8
antalya,finike,1990,4,evet,hayir,yok,konut,var,hafif,L,yok,Z4,Orta,4.147,17.7,18.32
kocaeli,izmit,1985,12,evet,evet,kolon,okul,var,buyuk,T,farkli,Z4,Yüksek,3.93,21.1,12.45
eskişehir,merkez,2015,3,hayir,hayir,yok,konut,yok,yok,dikdortgen,yok,Z4,Düşük,5.26,37.0,50.23
istanbul,bakırköy,1994,10,evet,evet,hafif,ofis,var,buyuk,U,uyumlu,Z4,Yüksek,4.51,25.4,16.67
aydın,efeler,1978,6,evet,hayir,kolon,okul,emin_degil,hafif,kompleks,yok,Z4,Yüksek,5.05,31.0,47.87
izmir,bornova,2022,15,hayir,hayir,yok,konut,yok,yok,dikdortgen,yok,Z4,Düşük,4.243,16.0,16.99
adana,seyhan,1985,9,evet,evet,hafif,konut,var,buyuk,L,farkli,Z4,Yüksek,4.77,30.3,27.36
istanbul,kartal,2010,12,hayir,hayir,yok,ofis,yok,yok,dikdortgen,yok,Z1,Düşük,4.4,28.6,21.67
ankara,çankaya,1995,6,hayir,evet,yok,konut,emin_degil,hafif,dikdortgen,uyumlu,Z1,Düşük,4.75,33.9,33.05
balıkesir,edremit,1980,5,evet,hayir,kolon,konut,var,buyuk,T,yok,Z4,Yüksek,4.92,36.2,39.91
istanbul,fatih,2015,4,hayir,hayir,yok,konut,yok,yok,dikdortgen,yok,Z2,Düşük,4.35,28.4,19.81
izmir,karaburun,1992,2,hayir,hayir,yok,konut,var,yok,L,yok,Z1,Düşük,5.05,37.2,40.31
bursa,yıldırım,2005,8,hayir,evet,yok,konut,yok,hafif,U,uyumlu,Z2,Düşük,5.2,44.0,65.83
hatay,iskenderun,1988,10,evet,evet,kolon,hastane,var,buyuk,kompleks,farkli,Z4,Yüksek,4.12,24.0,14.91
tekirdağ,çorlu,2012,7,hayir,hayir,yok,konut,yok,yok,dikdortgen,yok,Z2,Düşük,4.5,32.4,33.7
istanbul,kadıköy,1995,6,evet,evet,hafif,konut,emin_degil,hafif,dikdortgen,uyumlu,Z2,Düşük,4.45,30.0,27.46
antalya,lara,2020,5,hayir,hayir,yok,konut,yok,yok,dikdortgen,yok,Z1,Düşük,5.27,36.0,50.23
sakarya,serdivan,2008,4,hayir,evet,yok,konut,var,hafif,L,uyumlu,Z3,Düşük,4.673,28.0,32.09
ankara,keçiören,1982,5,evet,hayir,kolon,okul,var,buyuk,U,yok,Z2,Orta,4.58,29.8,23.54
izmir,konak,2000,9,evet,evet,hafif,konut,emin_degil,hafif,T,farkli,Z3,Orta,4.96,37.3,41.19
istanbul,pendik,2015,12,hayir,hayir,yok,ofis,yok,yok,dikdortgen,yok,Z2,Düşük,4.33,22.0,23.31
bursa,osmangazi,1990,11,evet,evet,kolon,konut,var,buyuk,kompleks,farkli,Z4,Yüksek,4.397,20.7,19.41
adana,çukurova,2018,4,hayir,hayir,yok,konut,yok,yok,dikdortgen,yok,Z2,Düşük,4.53,27.3,30.3
erzincan,merkez,1992,8,evet,evet,hafif,konut,emin_degil,buyuk,L,uyumlu,Z4,Orta,5.22,41.5,50.01
samsun,bafra,1980,6,evet,hayir,kolon,okul,var,buyuk,U,yok,Z4,Yüksek,4.17,22.0,14.42
istanbul, Zeytinburnu,2012,5,hayir,hayir,yok,konut,yok,yok,dikdortgen,yok,Z3,Düşük,4.723,33.7,33.73
izmir,balçova,1995,7,evet,evet,hafif,konut,var,buyuk,L,farkli,Z4,Yüksek,4.62,31.0,27.85
ankara,mamak,2005,6,hayir,evet,yok,konut,yok,hafif,dikdortgen,uyumlu,Z2,Düşük,3.92,16.0,13.7
giresun,alucra,1975,4,hayir,hayir,yok,konut,var,yok,dikdortgen,yok,Z4,Düşük,4.32,26.0,18.63
istanbul,avcılar,2008,10,evet,hayir,yok,ofis,emin_degil,hafif,T,yok,Z4,Orta,4.097,20.7,22.5
bursa,nilüfer,2015,8,hayir,hayir,yok,konut,yok,yok,dikdortgen,yok,Z3,Düşük,4.73,36.8,38.05
antalya,konyaaltı,1998,5,evet,evet,hafif,konut,var,hafif,U,uyumlu,Z3,Düşük,5.089,45.4,48.81
sakarya,merkez,1985,12,evet,hayir,kolon,hastane,var,buyuk,kompleks,yok,Z4,Yüksek,4.53,36.4,32.12
ankara,yenimahalle,2010,4,hayir,hayir,yok,konut,yok,yok,dikdortgen,yok,Z3,Düşük,4.8,37.3,38.25
izmir,buca,1992,7,evet,evet,hafif,konut,emin_degil,hafif,L,farkli,Z2,Düşük,4.457,27.3,29.94
istanbul,maltepe,2005,6,hayir,hayir,yok,konut,var,hafif,dikdortgen,yok,Z2,Düşük,3.821,19.0,12.8
muğla,datça,2020,3,hayir,hayir,yok,konut,yok,yok,dikdortgen,yok,Z1,Düşük,4.333,28.7,36.33
adana,yüreğir,1980,11,evet,evet,kolon,okul,var,buyuk,T,farkli,Z4,Yüksek,3.94,20.5,12.16
eskişehir,merkez,1995,8,evet,hayir,hafif,konut,emin_degil,buyuk,U,yok,Z4,Orta,4.55,33.0,36.19
istanbul,beşiktaş,2012,5,hayir,hayir,yok,konut,yok,yok,dikdortgen,yok,Z3,Düşük,4.19,23.5,14.42
bursa,keles,1988,4,hayir,evet,yok,konut,var,hafif,dikdortgen,uyumlu,Z2,Düşük,4.23,21.7,25.73
samsun,canik,2000,7,hayir,hayir,yok,konut,yok,yok,dikdortgen,yok,Z2,Düşük,4.45,28.3,22.95
istanbul,tuzla,1990,6,evet,evet,hafif,konut,var,hafif,L,farkli,Z3,Orta,4.66,29.7,26.87
izmir,bayraklı,2021,12,hayir,hayir,yok,konut,yok,yok,dikdortgen,yok,Z4,Düşük,5.2,38.0,51.7
antalya,finike,1982,5,evet,hayir,kolon,hastane,var,buyuk,kompleks,yok,Z4,Yüksek,4.307,18.7,16.99
ankara,sincan,2010,8,hayir,evet,yok,konut,emin_degil,hafif,dikdortgen,uyumlu,Z3,Düşük,4.796,31.2,39.8
istanbul,sarıyer,2022,4,hayir,hayir,yok,konut,yok,yok,dikdortgen,yok,Z1,Düşük,4.27,22.3,24.94
bursa,gemlik,1995,7,evet,evet,hafif,konut,var,hafif,T,farkli,Z4,Orta,4.53,25.4,20.1
hatay,antakya,2005,11,evet,hayir,yok,konut,emin_degil,buyuk,U,yok,Z4,Orta,5.05,42.0,65.43
giresun,alucra,1985,6,hayir,hayir,yok,konut,var,yok,dikdortgen,yok,Z4,Düşük,4.88,30.0,35.79
ankara,etimesgut,1998,10,evet,evet,kolon,okul,var,buyuk,L,farkli,Z4,Yüksek,4.796,31.2,39.8
istanbul,pendik,2012,5,hayir,evet,yok,konut,yok,hafif,dikdortgen,uyumlu,Z2,Düşük,4.65,29.0,23.83
izmir,bornova,2000,12,hayir,hayir,yok,ofis,yok,yok,dikdortgen,yok,Z4,Düşük,4.443,31.7,36.29
bursa, nilüfer,1985,8,evet,evet,hafif,konut,var,buyuk,kompleks,farkli,Z3,Yüksek,4.44,25.5,17.65
adana,seyhan,2015,10,hayir,hayir,yok,konut,yok,yok,dikdortgen,yok,Z4,Düşük,5.038,47.8,58.06
kocaeli,izmit,1992,7,evet,hayir,yok,konut,emin_degil,hafif,T,yok,Z4,Düşük,4.51,26.8,21.67
istanbul, Zeytinburnu,1980,6,evet,evet,kolon,hastane,var,buyuk,U,farkli,Z3,Yüksek,4.45,28.3,22.95
antalya,lara,2018,4,hayir,hayir,yok,konut,yok,yok,dikdortgen,yok,Z1,Düşük,4.36,26.3,22.87
sakarya,merkez,2005,6,hayir,evet,yok,konut,var,hafif,L,uyumlu,Z4,Düşük,4.47,26.0,31.35
ankara,çankaya,2012,12,hayir,hayir,yok,ofis,yok,yok,dikdortgen,yok,Z1,Düşük,4.88,25.0,28.35
izmir,konak,1995,5,evet,evet,hafif,konut,emin_degil,hafif,dikdortgen,uyumlu,Z3,Düşük,4.317,23.7,25.91
istanbul,avcılar,1982,8,evet,hayir,kolon,okul,var,buyuk,T,yok,Z4,Yüksek,4.79,41.3,42.53
bursa,osmangazi,2010,7,hayir,hayir,yok,konut,yok,yok,dikdortgen,yok,Z4,Düşük,4.52,28.0,22.26
samsun,bafra,1992,6,evet,evet,hafif,konut,var,hafif,U,farkli,Z4,Orta,4.65,30.8,26.77
manisa,demirci,2005,5,hayir,hayir,yok,konut,yok,yok,dikdortgen,yok,Z2,Düşük,4.667,42.0,39.8
giresun,alucra,1988,9,evet,hayir,yok,ofis,emin_degil,buyuk,kompleks,yok,Z4,Orta,3.92,16.0,13.7
antalya,konyaaltı,2015,4,hayir,hayir,yok,konut,yok,yok,dikdortgen,yok,Z3,Düşük,3.74,18.7,13.96
istanbul,fatih,1975,10,evet,evet,kolon,hastane,var,buyuk,L,farkli,Z2,Yüksek,5.22,41.5,50.21
ankara, Yenimahalle,2008,8,hayir,evet,yok,konut,var,hafif,T,uyumlu,Z3,Düşük,4.93,43.8,44.75
izmir,karşıyaka,1998,6,evet,hayir,yok,konut,emin_degil,hafif,U,yok,Z4,Düşük,4.85,34.0,37.46
istanbul, Zeytinburnu,1985,7,evet,evet,hafif,konut,var,buyuk,dikdortgen,farkli,Z3,Orta,4.32,20.7,23.69
bursa,yıldırım,2012,12,hayir,hayir,yok,konut,yok,yok,dikdortgen,yok,Z2,Düşük,4.62,31.9,28.14
adana,yüreğir,1995,5,evet,evet,hafif,konut,var,hafif,kompleks,uyumlu,Z4,Orta,4.457,25.0,28.01
eskişehir,merkez,2000,6,hayir,hayir,yok,konut,yok,yok,dikdortgen,yok,Z4,Düşük,4.65,29.0,23.83
istanbul,avcılar,2015,10,hayir,hayir,yok,ofis,yok,yok,dikdortgen,yok,Z4,Düşük,4.407,26.3,32.273
erzincan,merkez,1982,5,evet,hayir,kolon,okul,var,buyuk,L,yok,Z4,Yüksek,4.667,42.0,39.8
antalya,lara,2022,4,hayir,hayir,yok,konut,yok,yok,dikdortgen,yok,Z1,Düşük,4.32,28.7,23.54
sakarya,serdivan,1990,4,hayir,evet,yok,konut,emin_degil,hafif,T,uyumlu,Z3,Düşük,4.48,30.0,26.58
ankara,mamak,2005,12,hayir,hayir,yok,konut,yok,yok,dikdortgen,yok,Z2,Düşük,4.51,27.0,27.73
istanbul, Zeytinburnu,1978,6,evet,evet,hafif,konut,var,buyuk,U,farkli,Z3,Orta,4.2,29.0,21.8
bursa,gemlik,2008,7,hayir,hayir,yok,konut,yok,yok,dikdortgen,yok,Z4,Düşük,4.62,30.0,28.44
izmir,bornova,1985,10,evet,evet,kolon,hastane,var,buyuk,kompleks,farkli,Z4,Yüksek,3.443,10.3,11.07
ankara,sincan,2015,5,hayir,hayir,yok,konut,yok,yok,dikdortgen,yok,Z3,Düşük,4.66,30.8,28.14
istanbul,beşiktaş,1992,6,evet,evet,hafif,konut,emin_degil,hafif,L,uyumlu,Z3,Düşük,4.78,38.4,36.15
samsun,canik,1988,8,evet,hayir,yok,konut,var,hafif,T,yok,Z2,Düşük,4.38,23.3,28.94
adana,yüreğir,2010,12,hayir,hayir,yok,ofis,yok,yok,dikdortgen,yok,Z4,Düşük,3.93,21.1,12.45
eskişehir,odunpazarı,1975,5,evet,hayir,kolon,okul,var,buyuk,U,yok,Z2,Orta,4.93,30.0,37.47
istanbul,avcılar,2002,4,hayir,evet,yok,konut,emin_degil,yok,dikdortgen,uyumlu,Z4,Düşük,4.55,32.4,34.81
bursa,nilüfer,1995,6,evet,hayir,hafif,konut,var,hafif,kompleks,yok,Z3,Orta,4.77,29.3,39.99
izmir,buca,2012,8,hayir,hayir,yok,konut,yok,yok,dikdortgen,yok,Z2,Düşük,4.08,19.0,19.82
istanbul,kadıköy,1982,10,evet,evet,kolon,hastane,var,buyuk,L,farkli,Z2,Yüksek,4.113,22.0,23.03
ankara,keçiören,2005,7,hayir,hayir,yok,konut,yok,yok,dikdortgen,yok,Z2,Düşük,4.65,45.9,48.3
istanbul,pendik,1998,6,evet,evet,hafif,konut,var,hafif,T,uyumlu,Z2,Düşük,4.55,30.7,35.5
istanbul,avcılar,1995,7,evet,evet,hafif,konut,var,buyuk,L,farkli,Z4,Yüksek,4.59,30.8,25.69
izmir,bayraklı,2010,12,hayir,hayir,yok,ofis,yok,yok,dikdortgen,yok,Z4,Düşük,4.55,30.7,35.5
ankara,etimesgut,1990,8,evet,evet,kolon,konut,var,hafif,U,uyumlu,Z4,Yüksek,4.96,38.9,42.95
bursa,gemlik,1985,6,evet,hayir,hafif,konut,var,buyuk,T,yok,Z4,Yüksek,5.22,41.5,50.21
sakarya,merkez,2005,5,hayir,hayir,yok,konut,yok,yok,dikdortgen,yok,Z4,Düşük,4.35,27.2,20.1
antalya,lara,2018,4,hayir,hayir,yok,konut,yok,yok,dikdortgen,yok,Z1,Düşük,5.1,39.0,43.44
hatay,antakya,1998,7,evet,evet,kolon,hastane,var,buyuk,L,farkli,Z4,Yüksek,4.32,27.3,19.22
istanbul,bakırköy,1972,9,evet,evet,hafif,konut,var,buyuk,T,farkli,Z4,Yüksek,4.333,28.7,36.33
kocaeli,izmit,1988,8,evet,hayir,yok,konut,emin_degil,hafif,U,yok,Z4,Orta,4.813,35.7,37.06
adana,seyhan,1995,10,evet,hayir,kolon,ofis,var,buyuk,kompleks,yok,Z4,Yüksek,4.227,19.7,17.94
eskişehir,merkez,1980,6,evet,evet,hafif,okul,var,buyuk,kompleks,farkli,Z4,Yüksek,4.55,27.4,22.36
izmir,bornova,2008,11,hayir,hayir,yok,konut,yok,yok,dikdortgen,yok,Z4,Düşük,4.8,36.0,47.56
istanbul,tuzla,1992,5,evet,evet,yok,konut,var,hafif,U,uyumlu,Z3,Orta,4.45,30.9,26.58
giresun,alucra,2000,8,hayir,evet,yok,konut,emin_degil,hafif,L,uyumlu,Z4,Orta,4.85,34.0,37.46
ankara,sincan,2015,9,hayir,hayir,yok,konut,yok,yok,dikdortgen,yok,Z3,Düşük,4.113,22.0,23.03
bursa,nilüfer,1995,7,evet,evet,hafif,konut,var,hafif,T,uyumlu,Z3,Orta,4.65,29.0,23.83
istanbul,kadıköy,1985,8,evet,evet,kolon,konut,var,buyuk,L,farkli,Z2,Yüksek,4.65,25.1,17.16
antalya,konyaaltı,2018,6,hayir,hayir,yok,konut,yok,yok,dikdortgen,yok,Z3,Düşük,4.12,24.0,14.91
izmir,karşıyaka,1990,9,evet,evet,hafif,konut,var,buyuk,U,farkli,Z4,Yüksek,4.69,30.0,28.44
samsun,bafra,2005,5,hayir,hayir,yok,konut,yok,yok,dikdortgen,yok,Z4,Düşük,4.19,23.5,14.42
istanbul,pendik,2000,8,hayir,evet,yok,konut,emin_degil,hafif,dikdortgen,uyumlu,Z2,Düşük,4.8,38.0,33.66
ankara,keçiören,2010,10,hayir,hayir,yok,konut,yok,yok,dikdortgen,yok,Z2,Düşük,5.05,31.0,47.87
adana,yüreğir,1982,10,evet,evet,kolon,hastane,var,buyuk,kompleks,farkli,Z4,Yüksek,4.96,37.3,40.99
tekirdağ,çorlu,2015,5,hayir,hayir,yok,konut,yok,yok,dikdortgen,yok,Z2,Düşük,4.77,34.0,36.83
istanbul,sarıyer,2005,3,hayir,hayir,yok,konut,yok,yok,dikdortgen,yok,Z1,Düşük,4.333,25.0,30.27
bursa,osmangazi,1992,9,evet,hayir,hafif,konut,emin_degil,buyuk,T,yok,Z4,Yüksek,4.91,29.9,28.5
izmir,konak,1978,7,evet,evet,hafif,konut,var,hafif,L,farkli,Z3,Orta,4.2,22.1,15.1
erzincan,merkez,1998,6,evet,evet,yok,konut,emin_degil,hafif,U,uyumlu,Z4,Orta,4.2,32.0,25.33
istanbul,avcılar,2010,8,hayir,hayir,yok,ofis,yok,yok,dikdortgen,yok,Z4,Düşük,4.13,20.7,20.4
antalya,finike,1988,5,evet,hayir,kolon,okul,var,buyuk,kompleks,yok,Z4,Yüksek,4.28,28.3,23.14
ankara,mamak,2005,11,hayir,hayir,yok,konut,yok,yok,dikdortgen,yok,Z2,Düşük,4.37,26.0,19.22
sakarya,serdivan,1995,4,evet,evet,hafif,konut,var,hafif,T,uyumlu,Z3,Orta,4.4,33.0,26.37
istanbul,fatih,1980,6,evet,evet,kolon,konut,var,buyuk,L,farkli,Z2,Yüksek,4.18,18.3,18.11
izmir,balçova,2000,7,evet,hayir,yok,konut,emin_degil,hafif,dikdortgen,yok,Z4,Orta,4.28,28.3,23.14
bursa,gemlik,2012,10,hayir,hayir,yok,konut,yok,yok,dikdortgen,yok,Z4,Düşük,4.8,37.0,32.16
hatay,iskenderun,1985,8,evet,evet,hafif,hastane,var,buyuk,U,farkli,Z4,Yüksek,4.2,20.0,18.03
istanbul,maltepe,2008,9,hayir,evet,yok,konut,yok,hafif,dikdortgen,uyumlu,Z2,Düşük,4.113,22.0,23.03
adana,çukurova,2015,12,hayir,hayir,yok,konut,yok,yok,dikdortgen,yok,Z2,Düşük,4.51,28.9,22.36
ankara,yenimahalle,1995,7,evet,evet,yok,konut,var,hafif,L,uyumlu,Z3,Orta,4.443,27.0,26.44
istanbul,beşiktaş,1990,5,evet,evet,hafif,konut,emin_degil,hafif,T,uyumlu,Z3,Orta,4.03,21.6,12.85
samsun,canik,2005,6,hayir,hayir,yok,konut,yok,yok,dikdortgen,yok,Z2,Düşük,4.881,31.4,43.24
izmir,buca,1998,8,evet,hayir,yok,konut,var,hafif,dikdortgen,yok,Z2,Düşük,4.3,31.0,20.99
kocaeli,gebze,2015,8,hayir,hayir,yok,konut,yok,yok,dikdortgen,yok,Z2,Düşük,5.18,40.6,49.33
istanbul, Zeytinburnu,1992,7,evet,evet,kolon,konut,var,buyuk,kompleks,farkli,Z3,Yüksek,4.24,23.3,19.82
bursa,yıldırım,2008,5,hayir,hayir,yok,konut,yok,yok,dikdortgen,yok,Z2,Düşük,5.117,39.5,55.09
antalya,demre,2012,3,evet,hayir,yok,konut,yok,yok,dikdortgen,yok,Z4,Düşük,5.14,42.0,64.94
eskişehir,odunpazarı,1985,5,evet,evet,hafif,okul,var,hafif,U,uyumlu,Z2,Orta,4.0,22.0,14.8
istanbul,kartal,2010,14,hayir,hayir,yok,konut,yok,yok,dikdortgen,yok,Z1,Düşük,5.23,41.0,61.9
ankara,gölbaşı,2018,4,hayir,hayir,yok,konut,yok,yok,dikdortgen,yok,Z4,Düşük,4.9,39.0,41.14
izmir,bornova,1990,9,evet,evet,hafif,konut,emin_degil,buyuk,L,farkli,Z4,Yüksek,4.573,28.7,32.18
bursa,keles,2000,2,hayir,hayir,yok,konut,yok,yok,dikdortgen,yok,Z2,Düşük,4.52,28.0,23.14
istanbul,avcılar,1985,7,evet,hayir,kolon,konut,var,buyuk,T,yok,Z4,Yüksek,4.327,17.7,19.48
adana,seyhan,2005,10,hayir,hayir,yok,konut,yok,yok,dikdortgen,yok,Z4,Düşük,4.88,34.4,42.95
manisa,demirci,1995,4,evet,evet,yok,konut,var,hafif,dikdortgen,uyumlu,Z2,Düşük,4.888,43.3,39.23
giresun,alucra,1980,6,evet,hayir,hafif,konut,var,buyuk,L,yok,Z4,Yüksek,4.097,20.7,22.5
istanbul,pendik,1995,6,evet,evet,yok,konut,emin_degil,hafif,U,uyumlu,Z2,Düşük,4.173,22.3,18.32
ankara,çankaya,2015,12,hayir,hayir,yok,ofis,yok,yok,dikdortgen,yok,Z1,Düşük,4.682,29.7,36.75
izmir,karşıyaka,2012,11,hayir,hayir,yok,konut,yok,yok,dikdortgen,yok,Z4,Düşük,4.23,21.7,25.73
bursa,nilüfer,1988,7,evet,evet,kolon,hastane,var,buyuk,kompleks,farkli,Z3,Yüksek,4.55,30.7,35.5
antalya,lara,2005,5,hayir,hayir,yok,konut,yok,yok,dikdortgen,yok,Z1,Düşük,4.51,27.5,22.16
sakarya,merkez,2000,5,evet,hayir,yok,konut,emin_degil,hafif,T,yok,Z4,Orta,4.413,23.7,30.56
istanbul,bakırköy,2018,8,hayir,hayir,yok,konut,yok,yok,dikdortgen,yok,Z4,Düşük,4.58,29.8,23.54
ankara,sincan,1998,7,evet,evet,hafif,konut,var,hafif,L,uyumlu,Z3,Orta,5.17,39.0,53.27
izmir,konak,1985,8,evet,evet,kolon,okul,var,buyuk,U,farkli,Z3,Yüksek,4.76,32.2,32.36
bursa,gemlik,2000,7,evet,hayir,yok,konut,emin_degil,hafif,dikdortgen,yok,Z4,Orta,4.78,37.2,39.72
istanbul,tuzla,2012,10,hayir,hayir,yok,konut,yok,yok,dikdortgen,yok,Z3,Düşük,4.92,37.0,46.68
hatay,antakya,2010,8,hayir,evet,yok,konut,emin_degil,hafif,T,uyumlu,Z4,Düşük,4.33,22.0,23.31
antalya,finike,1995,5,evet,hayir,hafif,konut,var,hafif,L,yok,Z4,Yüksek,4.88,30.0,35.79
kocaeli,izmit,1982,8,evet,evet,kolon,konut,var,buyuk,kompleks,farkli,Z4,Yüksek,4.69,30.0,26.18
istanbul,sarıyer,1995,4,hayir,hayir,yok,konut,yok,yok,dikdortgen,yok,Z1,Düşük,4.58,29.3,24.52
ankara,etimesgut,2015,9,hayir,hayir,yok,konut,yok,yok,dikdortgen,yok,Z4,Düşük,4.82,41.1,43.23
izmir,bayraklı,1990,11,evet,evet,hafif,ofis,var,buyuk,T,farkli,Z4,Yüksek,4.77,34.0,36.83
bursa,osmangazi,2005,10,hayir,hayir,yok,konut,yok,yok,dikdortgen,yok,Z4,Düşük,4.7,30.7,25.69
istanbul,fatih,1990,5,evet,evet,hafif,konut,var,hafif,U,uyumlu,Z2,Düşük,4.227,20.0,19.56
adana,yüreğir,2008,11,hayir,hayir,yok,konut,yok,yok,dikdortgen,yok,Z4,Düşük,4.723,33.7,33.73
eskişehir,merkez,2012,7,hayir,hayir,yok,konut,yok,yok,dikdortgen,yok,Z4,Düşük,4.55,33.0,36.19
samsun,atakum,2008,10,hayir,hayir,yok,konut,yok,yok,dikdortgen,yok,Z3,Düşük,4.73,30.0,25.3
istanbul,avcılar,1995,7,evet,evet,hafif,konut,var,buyuk,L,farkli,Z4,Yüksek,4.43,23.7,23.98
ankara,mamak,2018,9,hayir,hayir,yok,konut,yok,yok,dikdortgen,yok,Z2,Düşük,5.15,33.0,53.66
izmir,balçova,1985,6,evet,evet,kolon,konut,var,buyuk,kompleks,farkli,Z4,Yüksek,4.52,28.0,23.14
bursa,yıldırım,1998,6,evet,hayir,yok,konut,var,hafif,T,yok,Z2,Düşük,4.7,34.0,29.81
istanbul,kadıköy,2015,12,hayir,hayir,yok,ofis,yok,yok,dikdortgen,yok,Z2,Düşük,5.13,43.0,65.92
erzincan,merkez,1990,7,evet,evet,hafif,hastane,var,buyuk,U,farkli,Z4,Yüksek,4.12,21.7,17.11
antalya,konyaaltı,2012,6,hayir,hayir,yok,konut,yok,yok,dikdortgen,yok,Z3,Düşük,4.8,55.5,56.9
sakarya,merkez,1988,5,evet,hayir,kolon,okul,var,buyuk,L,yok,Z4,Yüksek,4.45,32.0,31.39
istanbul, Zeytinburnu,2005,8,hayir,evet,yok,konut,emin_degil,hafif,dikdortgen,uyumlu,Z3,Düşük,4.477,24.3,24.6
ankara,çankaya,2000,8,hayir,evet,yok,konut,yok,hafif,dikdortgen,uyumlu,Z1,Düşük,4.45,30.5,25.99
izmir,buca,1990,6,evet,evet,hafif,konut,var,hafif,T,uyumlu,Z2,Orta,5.22,42.0,50.01
giresun,alucra,2012,5,hayir,hayir,yok,konut,yok,yok,dikdortgen,yok,Z4,Düşük,5.05,31.0,47.87
istanbul,pendik,1988,6,evet,evet,hafif,konut,emin_degil,buyuk,kompleks,farkli,Z2,Yüksek,5.26,37.0,50.23
bursa,gemlik,1992,6,evet,hayir,kolon,konut,var,buyuk,L,yok,Z4,Yüksek,4.62,30.8,28.93
adana,seyhan,2002,10,hayir,evet,yok,konut,emin_degil,hafif,U,uyumlu,Z4,Orta,5.117,39.5,55.09
istanbul,beşiktaş,2015,6,hayir,hayir,yok,konut,yok,yok,dikdortgen,yok,Z3,Düşük,5.22,43.0,58.37
ankara,keçiören,1995,8,evet,hayir,yok,konut,var,hafif,T,yok,Z2,Düşük,4.573,28.7,32.18
bursa,gemlik,1988,6,evet,evet,hafif,konut,var,buyuk,L,farkli,Z4,Yüksek,4.52,30.0,26.38
izmir,bayraklı,2015,13,hayir,hayir,yok,ofis,yok,yok,dikdortgen,yok,Z4,Düşük,4.097,20.7,22.5
ankara,etimesgut,1995,8,evet,evet,kolon,konut,var,hafif,U,uyumlu,Z4,Yüksek,4.307,18.7,16.99
istanbul,avcılar,1990,7,evet,hayir,hafif,konut,emin_degil,buyuk,T,yok,Z4,Yüksek,5.17,44.0,65.43
sakarya,merkez,2010,5,hayir,hayir,yok,konut,yok,yok,dikdortgen,yok,Z4,Düşük,4.72,45.7,47.6
giresun,alucra,1982,6,evet,hayir,yok,okul,var,hafif,kompleks,yok,Z4,Yüksek,5.1,34.0,51.7
antalya,lara,2016,4,hayir,hayir,yok,konut,yok,yok,dikdortgen,yok,Z1,Düşük,4.12,24.0,14.91
hatay,antakya,1995,8,evet,evet,kolon,hastane,var,buyuk,L,farkli,Z4,Yüksek,4.71,55.2,56.1
kocaeli,izmit,1985,7,evet,hayir,hafif,konut,emin_degil,hafif,U,yok,Z4,Yüksek,3.94,20.5,12.16
istanbul,bakırköy,1974,8,evet,evet,hafif,konut,var,buyuk,T,farkli,Z4,Yüksek,4.92,37.0,46.68
eskişehir,odunpazarı,2010,5,hayir,hayir,yok,konut,yok,yok,dikdortgen,yok,Z2,Düşük,4.77,30.3,27.36
adana,seyhan,1992,11,evet,hayir,kolon,ofis,var,buyuk,kompleks,yok,Z4,Yüksek,5.08,38.0,52.29
manisa,demirci,2005,4,evet,hayir,yok,konut,yok,yok,dikdortgen,yok,Z2,Düşük,4.3,32.0,24.07
izmir,bornova,1998,12,hayir,hayir,yok,konut,yok,yok,dikdortgen,yok,Z4,Düşük,5.18,43.0,69.36
istanbul,tuzla,1990,6,evet,evet,yok,konut,emin_degil,hafif,U,uyumlu,Z3,Orta,5.01,50.3,53.8
ankara,mamak,2008,10,hayir,hayir,yok,konut,yok,yok,dikdortgen,yok,Z2,Düşük,4.45,31.0,27.46
bursa,nilüfer,1995,7,evet,evet,hafif,konut,var,hafif,L,uyumlu,Z3,Orta,5.05,37.1,41.58
antalya,konyaaltı,2016,6,hayir,hayir,yok,konut,yok,yok,dikdortgen,yok,Z3,Düşük,4.23,24.3,21.83
istanbul,kadıköy,1988,8,evet,evet,kolon,konut,var,buyuk,T,farkli,Z2,Yüksek,4.5,32.7,27.92
samsun,bafra,2008,5,hayir,hayir,yok,konut,yok,yok,dikdortgen,yok,Z4,Düşük,4.32,27.3,19.22
izmir,karşıyaka,1990,9,evet,evet,hafif,konut,emin_degil,buyuk,L,farkli,Z4,Yüksek,4.127,18.3,18.32
tekirdağ,çorlu,2012,7,hayir,hayir,yok,konut,yok,yok,dikdortgen,yok,Z2,Düşük,3.753,18.0,12.91
ankara,keçiören,2000,8,hayir,evet,yok,konut,var,hafif,dikdortgen,uyumlu,Z2,Düşük,4.35,28.4,19.81
istanbul,pendik,2010,11,hayir,hayir,yok,ofis,yok,yok,dikdortgen,yok,Z2,Düşük,4.287,20.7,19.73
adana,yüreğir,1988,10,evet,evet,hafif,konut,var,buyuk,kompleks,farkli,Z4,Yüksek,4.8,33.5,34.32
erzincan,merkez,2002,5,evet,hayir,yok,konut,yok,hafif,U,yok,Z4,Orta,4.3,22.6,24.2
istanbul,sarıyer,2008,4,hayir,hayir,yok,konut,yok,yok,dikdortgen,yok,Z1,Düşük,4.97,48.4,52.12
bursa,osmangazi,1990,9,evet,evet,kolon,hastane,var,buyuk,L,farkli,Z4,Yüksek,4.5,36.0,28.69
izmir,konak,1985,7,evet,evet,hafif,konut,emin_degil,hafif,T,uyumlu,Z3,Orta,4.5,32.4,33.7
hatay,iskenderun,1995,10,evet,evet,kolon,konut,var,buyuk,U,farkli,Z4,Yüksek,4.937,30.3,51.35
ankara,sincan,2005,8,hayir,hayir,yok,konut,yok,yok,dikdortgen,yok,Z3,Düşük,4.41,29.0,21.08
istanbul,maltepe,2000,6,evet,evet,yok,konut,var,hafif,dikdortgen,uyumlu,Z2,Düşük,4.35,25.5,20.1
antalya,finike,1998,5,evet,hayir,hafif,okul,var,hafif,L,yok,Z4,Yüksek,4.157,21.7,21.3
sakarya,serdivan,2018,4,hayir,hayir,yok,konut,yok,yok,dikdortgen,yok,Z3,Düşük,4.85,33.8,35.5
istanbul,beşiktaş,1985,6,evet,evet,hafif,konut,emin_degil,buyuk,T,farkli,Z3,Yüksek,4.695,29.3,35.58
bursa,keles,2010,3,hayir,hayir,yok,konut,yok,yok,dikdortgen,yok,Z2,Düşük,5.05,42.0,65.43
izmir,balçova,1992,7,evet,evet,hafif,konut,var,buyuk,U,farkli,Z4,Yüksek,4.96,38.5,41.68
ankara,çankaya,2015,12,hayir,hayir,yok,ofis,yok,yok,dikdortgen,yok,Z1,Düşük,4.56,29.0,31.02
samsun,canik,2005,6,hayir,hayir,yok,konut,yok,yok,dikdortgen,yok,Z2,Düşük,4.51,30.4,23.25
istanbul,fatih,1982,5,evet,evet,kolon,konut,var,hafif,kompleks,uyumlu,Z2,Yüksek,4.78,36.0,39.45
adana,çukurova,2012,13,hayir,hayir,yok,konut,yok,yok,dikdortgen,yok,Z2,Düşük,4.057,23.7,21.69
kayseri,melikgazi,2005,9,hayir,evet,yok,konut,var,hafif,L,uyumlu,Z2,Düşük,4.54,26.0,18.34
istanbul, Zeytinburnu,1992,7,evet,evet,hafif,konut,emin_degil,hafif,T,farkli,Z3,Orta,4.7,46.9,49.2
izmir,buca,2008,8,hayir,hayir,yok,konut,yok,yok,dikdortgen,yok,Z2,Düşük,3.963,25.0,20.3
ankara,yenimahalle,1995,7,hayir,evet,yok,konut,var,hafif,U,uyumlu,Z3,Orta,4.62,31.0,27.85
bursa,yıldırım,2012,5,hayir,hayir,yok,konut,yok,yok,dikdortgen,yok,Z2,Düşük,4.58,26.6,22.16
istanbul,kartal,2010,16,hayir,hayir,yok,konut,yok,yok,dikdortgen,yok,Z1,Düşük,4.443,27.0,26.44
giresun,alucra,1985,5,evet,hayir,kolon,konut,var,buyuk,L,yok,Z4,Yüksek,3.663,15.7,11.16
eskişehir,merkez,1992,9,evet,evet,hafif,konut,var,hafif,T,farkli,Z4,Yüksek,3.87,18.3,14.14
istanbul,avcılar,2018,6,hayir,hayir,yok,konut,yok,yok,dikdortgen,yok,Z4,Düşük,4.363,18.0,17.0
antalya,demre,2005,3,evet,hayir,yok,konut,yok,yok,dikdortgen,yok,Z4,Düşük,4.85,33.8,35.5
kocaeli,gebze,2012,7,hayir,evet,yok,konut,var,hafif,U,uyumlu,Z2,Düşük,4.62,30.8,29.52
samsun,çarşamba,1990,5,evet,hayir,hafif,okul,var,hafif,L,yok,Z4,Yüksek,4.69,30.6,27.85
izmir,bayraklı,2002,10,hayir,hayir,yok,ofis,yok,yok,dikdortgen,yok,Z4,Düşük,4.45,28.3,22.95
ankara,gölbaşı,2015,4,hayir,hayir,yok,konut,yok,yok,dikdortgen,yok,Z4,Düşük,4.66,30.8,28.14
bursa,gemlik,1995,6,evet,hayir,hafif,konut,var,hafif,T,yok,Z4,Yüksek,4.54,26.0,18.34
istanbul,bakırköy,1975,9,evet,evet,kolon,hastane,var,buyuk,L,farkli,Z4,Yüksek,4.52,28.0,23.14
hatay,antakya,2008,8,hayir,evet,yok,konut,emin_degil,hafif,U,uyumlu,Z4,Düşük,4.2,22.2,15.4
antalya,lara,2015,6,hayir,hayir,yok,konut,yok,yok,dikdortgen,yok,Z1,Düşük,4.88,36.1,40.21
sakarya,merkez,1995,5,evet,evet,kolon,konut,var,buyuk,L,farkli,Z4,Yüksek,4.49,43.5,41.5
istanbul,tuzla,2012,11,hayir,hayir,yok,konut,yok,yok,dikdortgen,yok,Z3,Düşük,5.117,39.5,55.09
izmir,karşıyaka,2002,10,hayir,hayir,yok,konut,yok,yok,dikdortgen,yok,Z4,Düşük,3.443,10.3,11.07
ankara,etimesgut,1992,9,hayir,evet,yok,konut,var,hafif,T,uyumlu,Z4,Orta,4.25,23.1,23.3
bursa,nilüfer,1985,7,evet,evet,hafif,konut,emin_degil,buyuk,U,farkli,Z3,Yüksek,4.293,25.7,31.74
istanbul,pendik,2002,6,evet,evet,hafif,konut,var,hafif,L,uyumlu,Z2,Orta,4.8,33.5,34.32
adana,yüreğir,2015,13,hayir,hayir,yok,ofis,yok,yok,dikdortgen,yok,Z4,Düşük,5.05,44.0,62.78
muğla,datça,2015,2,hayir,hayir,yok,konut,yok,yok,dikdortgen,yok,Z1,Düşük,4.51,26.8,21.67
konya,selçuklu,1995,9,evet,hayir,yok,konut,var,hafif,T,yok,Z3,Orta,5.12,46.0,76.32
istanbul,avcılar,1982,8,evet,hayir,kolon,konut,var,buyuk,U,yok,Z4,Yüksek,4.74,34.3,37.64
izmir,bornova,2015,14,hayir,hayir,yok,konut,yok,yok,dikdortgen,yok,Z4,Düşük,4.4,35.0,30.5
ankara,keçiören,2005,7,hayir,evet,yok,konut,yok,hafif,dikdortgen,uyumlu,Z2,Düşük,4.19,23.5,14.42
samsun,atakum,2010,12,hayir,hayir,yok,konut,yok,yok,dikdortgen,yok,Z3,Düşük,4.78,31.8,31.58
istanbul,sarıyer,2005,4,hayir,hayir,yok,konut,yok,yok,dikdortgen,yok,Z1,Düşük,4.23,24.3,21.83
bursa,osmangazi,2005,11,hayir,hayir,yok,konut,yok,yok,dikdortgen,yok,Z4,Düşük,4.77,30.0,28.05
adana,seyhan,1992,9,evet,evet,hafif,konut,var,buyuk,T,farkli,Z4,Yüksek,4.596,42.0,38.4
giresun,alucra,1995,5,hayir,hayir,yok,konut,yok,yok,dikdortgen,yok,Z4,Düşük,5.1,38.0,39.32
izmir,konak,1985,8,evet,evet,kolon,okul,var,buyuk,L,farkli,Z3,Yüksek,4.41,29.6,32.9
istanbul,beşiktaş,2008,6,hayir,evet,yok,konut,yok,hafif,U,uyumlu,Z3,Düşük,4.19,23.0,15.3
ankara,mamak,2002,8,hayir,evet,yok,konut,var,hafif,dikdortgen,uyumlu,Z2,Düşük,5.12,46.0,76.32
kocaeli,izmit,1988,7,evet,evet,kolon,hastane,var,buyuk,kompleks,farkli,Z4,Yüksek,4.69,30.0,28.44
istanbul,avcılar,2008,5,hayir,evet,yok,konut,emin_degil,hafif,T,uyumlu,Z4,Düşük,4.52,28.0,22.26
antalya,lara,1992,5,evet,hayir,yok,konut,yok,yok,dikdortgen,yok,Z1,Düşük,4.17,23.0,14.51
bursa,gemlik,1980,6,evet,evet,hafif,konut,var,buyuk,L,farkli,Z4,Yüksek,4.51,27.0,27.73
izmir,balçova,2010,7,hayir,hayir,yok,konut,yok,yok,dikdortgen,yok,Z4,Düşük,4.52,32.6,30.3
ankara,çankaya,2015,10,hayir,hayir,yok,ofis,yok,yok,dikdortgen,yok,Z1,Düşük,4.45,30.0,27.46
istanbul,kadıköy,1992,7,evet,evet,hafif,konut,var,hafif,T,uyumlu,Z2,Düşük,4.58,24.4,16.67
sakarya,merkez,2008,6,hayir,evet,yok,konut,var,hafif,dikdortgen,uyumlu,Z4,Düşük,4.54,26.0,18.34
hatay,antakya,1990,8,evet,evet,kolon,konut,var,buyuk,L,farkli,Z4,Yüksek,4.26,28.5,22.16
antalya,finike,2018,4,hayir,hayir,yok,konut,yok,yok,dikdortgen,yok,Z4,Düşük,4.287,20.7,19.73
eskişehir,odunpazarı,1995,5,evet,hayir,yok,konut,var,hafif,U,yok,Z2,Düşük,4.48,26.0,19.61
istanbul,fatih,1985,5,evet,evet,hafif,konut,var,hafif,kompleks,farkli,Z2,Yüksek,4.75,33.8,34.81
ankara,sincan,1998,8,hayir,evet,yok,konut,var,hafif,T,uyumlu,Z3,Orta,4.543,27.0,28.81
izmir,bornova,2018,10,hayir,hayir,yok,ofis,yok,yok,dikdortgen,yok,Z4,Düşük,5.23,36.0,49.44
bursa,keles,2010,3,hayir,hayir,yok,konut,yok,yok,dikdortgen,yok,Z2,Düşük,4.45,28.2,20.99
istanbul, Zeytinburnu,1988,7,evet,evet,kolon,konut,var,buyuk,L,farkli,Z3,Yüksek,4.8,36.0,41.76
bursa,gemlik,1985,7,evet,evet,hafif,konut,var,buyuk,L,farkli,Z4,Yüksek,5.1,39.0,43.44
izmir,karşıyaka,1992,9,evet,evet,hafif,konut,emin_degil,hafif,U,uyumlu,Z4,Yüksek,5.22,41.4,50.01
ankara,etimesgut,2008,8,hayir,evet,yok,konut,yok,yok,dikdortgen,uyumlu,Z4,Düşük,4.77,30.3,27.36
istanbul,avcılar,1990,6,evet,hayir,hafif,konut,emin_degil,buyuk,T,yok,Z4,Yüksek,4.45,27.9,20.89
sakarya,merkez,2015,5,hayir,hayir,yok,konut,yok,yok,dikdortgen,yok,Z4,Düşük,4.784,24.1,26.09
giresun,alucra,1982,6,evet,hayir,yok,okul,var,hafif,kompleks,yok,Z4,Yüksek,4.253,22.7,23.9
antalya,lara,2018,4,hayir,hayir,yok,konut,yok,yok,dikdortgen,yok,Z1,Düşük,4.375,35.0,28.2
hatay,antakya,1995,8,evet,evet,kolon,hastane,var,buyuk,L,farkli,Z4,Yüksek,4.78,40.6,37.28
kocaeli,izmit,1988,7,evet,hayir,hafif,konut,emin_degil,hafif,U,yok,Z4,Yüksek,5.17,44.0,65.43
istanbul,bakırköy,1972,8,evet,evet,hafif,konut,var,buyuk,T,farkli,Z4,Yüksek,4.84,33.0,31.87
eskişehir,odunpazarı,2010,5,hayir,hayir,yok,konut,yok,yok,dikdortgen,yok,Z2,Düşük,5.119,37.9,58.07
adana,seyhan,1992,11,evet,hayir,kolon,ofis,var,buyuk,kompleks,yok,Z4,Yüksek,4.88,30.0,35.79
manisa,demirci,2005,4,evet,hayir,yok,konut,yok,yok,dikdortgen,yok,Z2,Düşük,4.54,31.0,29.03
izmir,bornova,1998,12,hayir,hayir,yok,konut,yok,yok,dikdortgen,yok,Z4,Düşük,4.29,28.0,23.54
istanbul,tuzla,1990,6,evet,evet,yok,konut,emin_degil,hafif,U,uyumlu,Z3,Orta,5.22,39.0,60.14
ankara,mamak,2008,10,hayir,hayir,yok,konut,yok,yok,dikdortgen,yok,Z2,Düşük,5.0,41.0,50.01
bursa,nilüfer,1995,7,evet,evet,hafif,konut,var,hafif,L,uyumlu,Z3,Orta,3.753,18.0,12.91
antalya,konyaaltı,2016,6,hayir,hayir,yok,konut,yok,yok,dikdortgen,yok,Z3,Düşük,4.51,26.8,21.67
istanbul,kadıköy,1982,8,evet,evet,kolon,konut,var,buyuk,T,farkli,Z2,Yüksek,4.85,33.8,35.5
samsun,bafra,2005,5,hayir,hayir,yok,konut,yok,yok,dikdortgen,yok,Z4,Düşük,5.2,36.0,59.35
izmir,bayraklı,1990,9,evet,evet,hafif,konut,emin_degil,buyuk,U,farkli,Z4,Yüksek,4.443,31.7,36.29
tekirdağ,çorlu,2015,7,hayir,hayir,yok,konut,yok,yok,dikdortgen,yok,Z2,Düşük,4.097,20.7,22.5
ankara,keçiören,1998,8,hayir,evet,yok,konut,var,hafif,dikdortgen,uyumlu,Z2,Düşük,3.663,15.3,12.07
istanbul,pendik,2012,11,hayir,hayir,yok,ofis,yok,yok,dikdortgen,yok,Z2,Düşük,4.19,23.5,14.42
adana,yüreğir,1988,10,evet,evet,hafif,konut,var,buyuk,kompleks,farkli,Z4,Yüksek,5.11,52.3,55.82
erzincan,merkez,2005,5,evet,hayir,yok,konut,yok,hafif,L,yok,Z4,Orta,4.383,22.7,22.13
istanbul,sarıyer,2002,4,hayir,hayir,yok,konut,yok,yok,dikdortgen,yok,Z1,Düşük,4.51,30.4,23.25
bursa,osmangazi,1985,9,evet,evet,kolon,hastane,var,buyuk,T,farkli,Z4,Yüksek,3.93,18.0,18.15
izmir,konak,1992,7,evet,evet,hafif,konut,emin_degil,hafif,U,uyumlu,Z3,Orta,4.884,31.7,43.58
hatay,iskenderun,1990,10,evet,evet,kolon,konut,var,buyuk,L,farkli,Z4,Yüksek,3.987,19.0,14.99
ankara,sincan,2010,8,hayir,hayir,yok,konut,yok,yok,dikdortgen,yok,Z3,Düşük,4.41,29.6,32.9
istanbul,maltepe,1998,6,evet,evet,yok,konut,var,hafif,dikdortgen,uyumlu,Z2,Düşük,4.4,33.0,25.79
antalya,finike,1992,5,evet,hayir,hafif,okul,var,hafif,T,yok,Z4,Yüksek,4.22,22.7,22.54
sakarya,serdivan,2015,4,hayir,hayir,yok,konut,yok,yok,dikdortgen,yok,Z3,Düşük,4.784,24.1,26.09
istanbul,beşiktaş,1988,6,evet,evet,hafif,konut,emin_degil,buyuk,kompleks,farkli,Z3,Yüksek,4.881,31.4,43.24
bursa,keles,2008,3,hayir,hayir,yok,konut,yok,yok,dikdortgen,yok,Z2,Düşük,4.52,28.0,22.26
izmir,balçova,1995,7,evet,evet,hafif,konut,var,buyuk,U,farkli,Z4,Yüksek,4.784,24.1,26.09
ankara,çankaya,2018,12,hayir,hayir,yok,ofis,yok,yok,dikdortgen,yok,Z1,Düşük,5.05,31.0,47.87
samsun,canik,2002,6,hayir,hayir,yok,konut,yok,yok,dikdortgen,yok,Z2,Düşük,4.62,30.8,28.93
istanbul,fatih,1985,6,evet,evet,kolon,konut,var,hafif,L,uyumlu,Z2,Yüksek,4.26,24.0,16.67
adana,çukurova,2018,14,hayir,hayir,yok,konut,yok,yok,dikdortgen,yok,Z2,Düşük,4.95,39.0,51.27
kayseri,melikgazi,2000,9,hayir,evet,yok,konut,var,hafif,T,uyumlu,Z2,Düşük,4.627,32.0,34.66
istanbul, Zeytinburnu,1990,7,evet,evet,hafif,konut,emin_degil,hafif,U,farkli,Z3,Orta,4.26,24.0,16.67
izmir,buca,2012,8,hayir,hayir,yok,konut,yok,yok,dikdortgen,yok,Z2,Düşük,4.35,25.5,20.1
ankara,yenimahalle,1998,7,hayir,evet,yok,konut,var,hafif,L,uyumlu,Z3,Orta,4.52,30.0,26.38
bursa,yıldırım,2015,5,hayir,hayir,yok,konut,yok,yok,dikdortgen,yok,Z2,Düşük,4.9,34.0,53.27
istanbul,kartal,2008,16,hayir,hayir,yok,konut,yok,yok,dikdortgen,yok,Z1,Düşük,4.537,23.0,27.6
giresun,alucra,1988,5,evet,hayir,kolon,konut,var,buyuk,T,yok,Z4,Yüksek,4.62,31.0,27.85
eskişehir,merkez,1995,9,evet,evet,hafif,konut,var,hafif,L,farkli,Z4,Yüksek,4.17,22.0,14.42
istanbul,avcılar,2015,6,hayir,hayir,yok,konut,yok,yok,dikdortgen,yok,Z4,Düşük,4.2,29.0,21.8
antalya,demre,2008,3,evet,hayir,yok,konut,yok,yok,dikdortgen,yok,Z4,Düşük,4.788,31.0,35.28
kocaeli,gebze,2010,7,hayir,evet,yok,konut,var,hafif,T,uyumlu,Z2,Düşük,4.71,55.5,56.5
samsun,çarşamba,1995,5,evet,hayir,hafif,okul,var,hafif,kompleks,yok,Z4,Yüksek,3.85,22.9,14.81
izmir,bayraklı,2002,10,hayir,hayir,yok,ofis,yok,yok,dikdortgen,yok,Z4,Düşük,5.22,43.0,58.37
ankara,gölbaşı,2012,4,hayir,hayir,yok,konut,yok,yok,dikdortgen,yok,Z4,Düşük,5.15,51.3,54.22
bursa,gemlik,1998,6,evet,hayir,hafif,konut,var,hafif,L,yok,Z4,Yüksek,4.72,33.3,34.81
istanbul,bakırköy,1978,9,evet,evet,kolon,hastane,var,buyuk,T,farkli,Z4,Yüksek,4.48,28.6,22.16
hatay,antakya,2012,8,hayir,evet,yok,konut,emin_degil,hafif,U,uyumlu,Z4,Düşük,4.88,34.4,42.95
antalya,lara,2018,6,hayir,hayir,yok,konut,yok,yok,dikdortgen,yok,Z1,Düşük,4.35,25.5,20.1
sakarya,merkez,1995,5,evet,evet,kolon,konut,var,buyuk,L,farkli,Z4,Yüksek,4.92,37.0,46.68
istanbul,tuzla,2010,11,hayir,hayir,yok,konut,yok,yok,dikdortgen,yok,Z3,Düşük,4.29,28.0,23.54
izmir,karşıyaka,2008,10,hayir,hayir,yok,konut,yok,yok,dikdortgen,yok,Z4,Düşük,4.28,27.0,22.36
ankara,etimesgut,2002,9,hayir,evet,yok,konut,var,hafif,T,uyumlu,Z4,Orta,4.45,32.0,31.39
bursa,nilüfer,1990,7,evet,evet,hafif,konut,emin_degil,buyuk,U,farkli,Z3,Yüksek,5.12,46.0,76.32
istanbul,pendik,1998,6,evet,evet,hafif,konut,var,hafif,L,uyumlu,Z2,Orta,4.52,30.0,26.38
adana,yüreğir,2018,13,hayir,hayir,yok,ofis,yok,yok,dikdortgen,yok,Z4,Düşük,4.28,21.0,27.02
muğla,datça,2018,2,hayir,hayir,yok,konut,yok,yok,dikdortgen,yok,Z1,Düşük,4.477,24.3,24.6
konya,selçuklu,1998,9,evet,hayir,yok,konut,var,hafif,T,yok,Z3,Orta,4.96,37.3,40.99
istanbul,avcılar,1988,8,evet,hayir,kolon,konut,var,buyuk,U,yok,Z4,Yüksek,4.4,33.0,25.79
izmir,bornova,2010,14,hayir,hayir,yok,konut,yok,yok,dikdortgen,yok,Z4,Düşük,4.17,21.8,15.49
ankara,keçiören,2002,7,hayir,evet,yok,konut,yok,hafif,dikdortgen,uyumlu,Z2,Düşük,5.119,46.8,47.99
samsun,atakum,2012,12,hayir,hayir,yok,konut,yok,yok,dikdortgen,yok,Z3,Düşük,4.65,30.0,28.64
istanbul,sarıyer,2008,4,hayir,hayir,yok,konut,yok,yok,dikdortgen,yok,Z1,Düşük,4.92,35.5,43.64
bursa,osmangazi,2008,11,hayir,hayir,yok,konut,yok,yok,dikdortgen,yok,Z4,Düşük,4.48,30.0,26.58
adana,seyhan,1995,9,evet,evet,hafif,konut,var,buyuk,T,farkli,Z4,Yüksek,5.32,32.0,51.7
giresun,alucra,2002,5,hayir,hayir,yok,konut,yok,yok,dikdortgen,yok,Z4,Düşük,4.46,26.4,17.85
izmir,konak,1988,8,evet,evet,kolon,okul,var,buyuk,L,farkli,Z3,Yüksek,4.75,33.8,34.81
istanbul,beşiktaş,2005,6,hayir,evet,yok,konut,yok,hafif,U,uyumlu,Z3,Düşük,4.77,37.3,41.19
ankara,mamak,2005,8,hayir,evet,yok,konut,var,hafif,dikdortgen,uyumlu,Z2,Düşük,5.05,36.8,42.27
kocaeli,izmit,1990,7,evet,evet,kolon,hastane,var,buyuk,kompleks,farkli,Z4,Yüksek,5.23,36.0,49.44
istanbul,avcılar,2010,5,hayir,evet,yok,konut,emin_degil,hafif,T,uyumlu,Z4,Düşük,4.7,30.7,25.69
antalya,lara,1998,5,evet,hayir,yok,konut,yok,yok,dikdortgen,yok,Z1,Düşük,4.8,41.3,42.77
bursa,gemlik,1982,6,evet,evet,hafif,konut,var,buyuk,L,farkli,Z4,Yüksek,4.52,28.0,23.14
izmir,balçova,2012,7,hayir,hayir,yok,konut,yok,yok,dikdortgen,yok,Z4,Düşük,4.55,28.0,24.22
ankara,çankaya,2018,10,hayir,hayir,yok,ofis,yok,yok,dikdortgen,yok,Z1,Düşük,4.33,22.0,23.31
istanbul,kadıköy,1995,7,evet,evet,hafif,konut,var,hafif,T,uyumlu,Z2,Düşük,5.023,34.6,52.99
sakarya,merkez,2012,6,hayir,evet,yok,konut,var,hafif,dikdortgen,uyumlu,Z4,Düşük,4.91,33.0,45.32
hatay,antakya,1992,8,evet,evet,kolon,konut,var,buyuk,L,farkli,Z4,Yüksek,4.7,34.0,29.81
antalya,finike,2022,4,hayir,hayir,yok,konut,yok,yok,dikdortgen,yok,Z4,Düşük,4.5,32.4,33.7
eskişehir,odunpazarı,1998,5,evet,hayir,yok,konut,var,hafif,U,yok,Z2,Düşük,4.88,36.1,40.21
istanbul,fatih,1988,5,evet,evet,hafif,konut,var,hafif,kompleks,farkli,Z2,Yüksek,4.477,24.3,24.6
ankara,sincan,2000,8,hayir,evet,yok,konut,var,hafif,T,uyumlu,Z3,Orta,4.4,35.0,30.5
izmir,bornova,2018,10,hayir,hayir,yok,ofis,yok,yok,dikdortgen,yok,Z4,Düşük,4.4,32.0,22.61
bursa,keles,2015,3,hayir,hayir,yok,konut,yok,yok,dikdortgen,yok,Z2,Düşük,4.85,34.0,37.46
istanbul, Zeytinburnu,1990,7,evet,evet,kolon,konut,var,buyuk,L,farkli,Z3,Yüksek,4.32,26.0,18.63
bursa,gemlik,1988,6,evet,evet,hafif,konut,var,buyuk,T,farkli,Z4,Yüksek,4.72,33.0,33.67
izmir,bayraklı,2005,11,hayir,hayir,yok,ofis,yok,yok,dikdortgen,yok,Z4,Düşük,4.173,25.3,27.48
ankara,etimesgut,1992,9,evet,evet,kolon,konut,var,hafif,U,uyumlu,Z4,Yüksek,4.596,42.0,38.4
istanbul,avcılar,1995,7,evet,hayir,hafif,konut,emin_degil,buyuk,L,yok,Z4,Yüksek,4.66,29.7,26.87
sakarya,merkez,2010,5,hayir,hayir,yok,konut,yok,yok,dikdortgen,yok,Z4,Düşük,3.94,21.3,18.65
giresun,alucra,1980,6,evet,hayir,yok,okul,var,hafif,kompleks,yok,Z4,Yüksek,4.881,31.4,43.24
antalya,lara,2018,4,hayir,hayir,yok,konut,yok,yok,dikdortgen,yok,Z1,Düşük,4.207,25.3,27.43
hatay,antakya,1992,8,evet,evet,kolon,hastane,var,buyuk,T,farkli,Z4,Yüksek,4.75,42.1,41.9
kocaeli,izmit,1985,7,evet,hayir,hafif,konut,emin_degil,hafif,U,yok,Z4,Yüksek,4.48,26.3,23.05
istanbul,bakırköy,1970,8,evet,evet,hafif,konut,var,buyuk,L,farkli,Z4,Yüksek,4.173,25.3,27.48
eskişehir,odunpazarı,2015,5,hayir,hayir,yok,konut,yok,yok,dikdortgen,yok,Z2,Düşük,4.65,25.1,17.16
adana,seyhan,1990,11,evet,hayir,kolon,ofis,var,buyuk,kompleks,yok,Z4,Yüksek,4.51,30.4,23.25
manisa,demirci,2008,4,evet,hayir,yok,konut,yok,yok,dikdortgen,yok,Z2,Düşük,4.66,29.7,26.87
izmir,bornova,2000,12,hayir,hayir,yok,konut,yok,yok,dikdortgen,yok,Z4,Düşük,4.46,26.4,17.85
istanbul,tuzla,1995,6,evet,evet,yok,konut,emin_degil,hafif,U,uyumlu,Z3,Orta,4.88,34.0,52.48
ankara,mamak,2010,10,hayir,hayir,yok,konut,yok,yok,dikdortgen,yok,Z2,Düşük,4.3,19.0,23.77
bursa,nilüfer,1992,7,evet,evet,hafif,konut,var,hafif,L,uyumlu,Z3,Orta,4.72,45.7,47.6
antalya,konyaaltı,2012,6,hayir,hayir,yok,konut,yok,yok,dikdortgen,yok,Z3,Düşük,4.56,29.0,31.02
istanbul,kadıköy,1980,8,evet,evet,kolon,konut,var,buyuk,T,farkli,Z2,Yüksek,4.443,31.7,36.29
samsun,bafra,2005,5,hayir,hayir,yok,konut,yok,yok,dikdortgen,yok,Z4,Düşük,4.9,39.0,41.14
izmir,karşıyaka,1988,9,evet,evet,hafif,konut,emin_degil,buyuk,U,farkli,Z4,Yüksek,5.05,37.1,41.58
tekirdağ,çorlu,2018,7,hayir,hayir,yok,konut,yok,yok,dikdortgen,yok,Z2,Düşük,4.66,33.0,34.7
ankara,keçiören,1995,8,hayir,evet,yok,konut,var,hafif,dikdortgen,uyumlu,Z2,Düşük,5.01,50.3,53.8
istanbul,pendik,2008,11,hayir,hayir,yok,ofis,yok,yok,dikdortgen,yok,Z2,Düşük,4.91,44.7,45.81
adana,yüreğir,1990,10,evet,evet,hafif,konut,var,buyuk,kompleks,farkli,Z4,Yüksek,4.73,30.0,25.3
erzincan,merkez,2005,5,evet,hayir,yok,konut,yok,hafif,L,yok,Z4,Orta,4.48,29.1,22.36
istanbul,sarıyer,2010,4,hayir,hayir,yok,konut,yok,yok,dikdortgen,yok,Z1,Düşük,4.58,29.8,23.54
bursa,osmangazi,1985,9,evet,evet,kolon,hastane,var,buyuk,T,farkli,Z4,Yüksek,4.96,38.5,41.68
izmir,konak,1992,7,evet,evet,hafif,konut,emin_degil,hafif,U,uyumlu,Z3,Orta,4.91,29.9,28.5
hatay,iskenderun,1980,10,evet,evet,kolon,konut,var,buyuk,L,farkli,Z4,Yüksek,4.96,38.9,42.95
ankara,sincan,2012,8,hayir,hayir,yok,konut,yok,yok,dikdortgen,yok,Z3,Düşük,4.48,26.0,19.61
istanbul,maltepe,1998,6,evet,evet,yok,konut,var,hafif,dikdortgen,uyumlu,Z2,Düşük,4.23,21.7,25.73
antalya,finike,1992,5,evet,hayir,hafif,okul,var,hafif,T,yok,Z4,Yüksek,4.17,21.8,15.49
sakarya,serdivan,2015,4,hayir,hayir,yok,konut,yok,yok,dikdortgen,yok,Z3,Düşük,4.45,29.9,27.46
istanbul,beşiktaş,1982,6,evet,evet,hafif,konut,emin_degil,buyuk,kompleks,farkli,Z3,Yüksek,5.39,45.0,60.82
bursa,keles,2005,3,hayir,hayir,yok,konut,yok,yok,dikdortgen,yok,Z2,Düşük,4.44,25.4,18.34
izmir,balçova,1990,7,evet,evet,hafif,konut,var,buyuk,T,farkli,Z4,Yüksek,4.88,36.1,40.21
ankara,çankaya,2018,12,hayir,hayir,yok,ofis,yok,yok,dikdortgen,yok,Z1,Düşük,4.77,37.1,39.42
samsun,canik,2002,6,hayir,hayir,yok,konut,yok,yok,dikdortgen,yok,Z2,Düşük,4.147,17.7,18.32
istanbul,fatih,1988,5,evet,evet,kolon,konut,var,hafif,U,uyumlu,Z2,Yüksek,4.54,26.0,18.34
adana,çukurova,2012,13,hayir,hayir,yok,konut,yok,yok,dikdortgen,yok,Z2,Düşük,4.53,25.4,20.1
kayseri,melikgazi,2000,9,hayir,evet,yok,konut,var,hafif,L,uyumlu,Z2,Düşük,4.69,37.5,33.89
istanbul, Zeytinburnu,1995,7,evet,evet,hafif,konut,emin_degil,hafif,dikdortgen,farkli,Z3,Orta,5.11,52.3,55.82
izmir,buca,2010,8,hayir,hayir,yok,konut,yok,yok,dikdortgen,yok,Z2,Düşük,3.753,18.0,12.91
ankara,yenimahalle,1992,7,hayir,evet,yok,konut,var,hafif,T,uyumlu,Z3,Orta,4.4,25.6,16.38
bursa,yıldırım,2015,5,hayir,hayir,yok,konut,yok,yok,dikdortgen,yok,Z2,Düşük,4.65,30.0,28.64
istanbul,kartal,2010,16,hayir,hayir,yok,konut,yok,yok,dikdortgen,yok,Z1,Düşük,4.53,27.3,30.3
giresun,alucra,1978,5,evet,hayir,kolon,konut,var,buyuk,L,yok,Z4,Yüksek,4.52,30.0,26.38
eskişehir,merkez,1990,9,evet,evet,hafif,konut,var,hafif,U,farkli,Z4,Yüksek,4.695,29.3,35.58
istanbul,avcılar,2018,6,hayir,hayir,yok,konut,yok,yok,dikdortgen,yok,Z4,Düşük,4.28,23.3,24.36
antalya,demre,2005,3,evet,hayir,yok,konut,yok,yok,dikdortgen,yok,Z4,Düşük,4.53,36.4,32.12
kocaeli,gebze,2008,7,hayir,evet,yok,konut,var,hafif,T,uyumlu,Z2,Düşük,4.45,24.6,16.67
samsun,çarşamba,1992,5,evet,hayir,hafif,okul,var,hafif,kompleks,yok,Z4,Yüksek,4.62,29.0,26.87
izmir,bayraklı,2000,10,hayir,hayir,yok,ofis,yok,yok,dikdortgen,yok,Z4,Düşük,4.937,30.3,51.35
ankara,gölbaşı,2015,4,hayir,hayir,yok,konut,yok,yok,dikdortgen,yok,Z4,Düşük,5.0,41.0,50.41
bursa,gemlik,1995,6,evet,hayir,hafif,konut,var,hafif,L,yok,Z4,Yüksek,4.55,27.4,22.36
istanbul,bakırköy,1972,9,evet,evet,kolon,hastane,var,buyuk,T,farkli,Z4,Yüksek,4.5,39.5,40.6
hatay,antakya,2010,8,hayir,evet,yok,konut,emin_degil,hafif,U,uyumlu,Z4,Düşük,4.55,29.4,23.73
antalya,lara,2015,6,hayir,hayir,yok,konut,yok,yok,dikdortgen,yok,Z1,Düşük,4.5,33.0,27.3
sakarya,merkez,1992,5,evet,evet,kolon,konut,var,buyuk,L,farkli,Z4,Yüksek,4.8,41.3,42.77
istanbul,tuzla,2015,11,hayir,hayir,yok,konut,yok,yok,dikdortgen,yok,Z3,Düşük,4.007,18.0,16.07
izmir,karşıyaka,2005,10,hayir,hayir,yok,konut,yok,yok,dikdortgen,yok,Z4,Düşük,4.333,25.0,30.27
ankara,etimesgut,1998,9,hayir,evet,yok,konut,var,hafif,T,uyumlu,Z4,Orta,4.56,29.0,31.02
bursa,nilüfer,1985,7,evet,evet,hafif,konut,emin_degil,buyuk,U,farkli,Z3,Yüksek,5.04,38.0,61.31
istanbul,pendik,2000,6,evet,evet,hafif,konut,var,hafif,L,uyumlu,Z2,Orta,4.8,33.6,34.62
adana,yüreğir,2012,13,hayir,hayir,yok,ofis,yok,yok,dikdortgen,yok,Z4,Düşük,5.05,38.2,43.25
muğla,datça,2015,2,hayir,hayir,yok,konut,yok,yok,dikdortgen,yok,Z1,Düşük,4.65,30.0,28.64
konya,selçuklu,1992,9,evet,hayir,yok,konut,var,hafif,kompleks,yok,Z3,Orta,4.937,30.3,51.35
istanbul,avcılar,1980,8,evet,hayir,kolon,konut,var,buyuk,T,yok,Z4,Yüksek,4.24,23.3,19.82
izmir,bornova,2012,14,hayir,hayir,yok,konut,yok,yok,dikdortgen,yok,Z4,Düşük,4.8,37.3,38.25
ankara,keçiören,2005,7,hayir,evet,yok,konut,yok,hafif,dikdortgen,uyumlu,Z2,Düşük,4.72,45.7,47.6
samsun,atakum,2010,12,hayir,hayir,yok,konut,yok,yok,dikdortgen,yok,Z3,Düşük,4.25,23.1,23.3
istanbul,sarıyer,2008,4,hayir,hayir,yok,konut,yok,yok,dikdortgen,yok,Z1,Düşük,4.457,27.3,29.94
bursa,osmangazi,2005,11,hayir,hayir,yok,konut,yok,yok,dikdortgen,yok,Z4,Düşük,4.71,55.5,56.5
adana,seyhan,1990,9,evet,evet,hafif,konut,var,buyuk,L,farkli,Z4,Yüksek,4.29,27.0,22.46
giresun,alucra,2002,5,hayir,hayir,yok,konut,yok,yok,dikdortgen,yok,Z4,Düşük,4.59,30.8,25.69
izmir,konak,1982,8,evet,evet,kolon,okul,var,buyuk,T,farkli,Z3,Yüksek,5.3,45.0,64.75
istanbul,beşiktaş,2008,6,hayir,evet,yok,konut,yok,hafif,U,uyumlu,Z3,Düşük,4.98,38.0,46.7
ankara,mamak,2002,8,hayir,evet,yok,konut,var,hafif,dikdortgen,uyumlu,Z2,Düşük,4.5,33.0,23.9
kocaeli,izmit,1988,7,evet,evet,kolon,hastane,var,buyuk,kompleks,farkli,Z4,Yüksek,4.45,30.5,25.99
istanbul,avcılar,2010,5,hayir,evet,yok,konut,emin_degil,hafif,L,uyumlu,Z4,Düşük,4.35,27.2,20.1
antalya,lara,1998,5,evet,hayir,yok,konut,yok,yok,dikdortgen,yok,Z1,Düşük,4.2,24.5,15.89
bursa,gemlik,1982,6,evet,evet,hafif,konut,var,buyuk,U,farkli,Z4,Yüksek,4.3,26.3,27.0
izmir,balçova,2012,7,hayir,hayir,yok,konut,yok,yok,dikdortgen,yok,Z4,Düşük,4.62,28.4,24.52
ankara,çankaya,2015,10,hayir,hayir,yok,ofis,yok,yok,dikdortgen,yok,Z1,Düşük,4.227,19.7,17.94
istanbul,kadıköy,1995,7,evet,evet,hafif,konut,var,hafif,T,uyumlu,Z2,Düşük,4.739,41.8,40.1
sakarya,merkez,2012,6,hayir,evet,yok,konut,var,hafif,dikdortgen,uyumlu,Z4,Düşük,4.45,31.0,27.46
hatay,antakya,1992,8,evet,evet,kolon,konut,var,buyuk,L,farkli,Z4,Yüksek,4.08,19.0,18.73
antalya,finike,2020,4,hayir,hayir,yok,konut,yok,yok,dikdortgen,yok,Z4,Düşük,4.888,43.3,39.23
eskişehir,odunpazarı,1995,5,evet,hayir,yok,konut,var,hafif,U,yok,Z2,Düşük,4.7,30.7,25.69
istanbul,fatih,1982,5,evet,evet,hafif,konut,var,hafif,kompleks,farkli,Z2,Yüksek,4.55,33.0,36.19
ankara,sincan,2000,8,hayir,evet,yok,konut,var,hafif,L,uyumlu,Z3,Orta,4.023,17.7,17.19
izmir,bornova,2018,10,hayir,hayir,yok,ofis,yok,yok,dikdortgen,yok,Z4,Düşük,4.62,28.4,24.52
bursa,keles,2012,3,hayir,hayir,yok,konut,yok,yok,dikdortgen,yok,Z2,Düşük,4.629,31.3,37.22
istanbul, Zeytinburnu,1990,7,evet,evet,kolon,konut,var,buyuk,T,farkli,Z3,Yüksek,4.65,45.9,48.3
