il,ilce,yapimYili,katSayisi,zeminDukkan,bitisik,hasar,kullanimAmaci,kisaKolon,agirCikma,planTipi,bitisikHiza,zeminSinifi,gercekEtiket
kayseri,sarız,2008,3,hayir,hayir,yok,konut,var,yok,L,farkli,Z3,Düşük
giresun,alucra,2004,9,evet,evet,hafif,ofis,emin_degil,yok,L,yok,Z4,Orta
tekirdağ,kapaklı,2020,1,evet,hayir,hafif,konut,var,buyuk,U,yok,Z3,Orta
bartın,ulus,1996,2,evet,hayir,hafif,konut,emin_degil,hafif,T,uyumlu,Z3,Orta
adana,tufanbeyli,2006,10,hayir,evet,kolon,sanayi,emin_degil,hafif,U,yok,Z4,Orta
istanbul,çatalca,1984,9,hayir,hayir,yok,sanayi,var,hafif,kompleks,yok,Z2,Orta
kahramanmaraş,ekinözü,1969,6,evet,evet,kolon,hastane,emin_degil,hafif,kompleks,yok,Z3,Yüksek
kocaeli,kandıra,1997,8,evet,evet,yok,konut,yok,hafif,U,yok,Z2,Orta
eskişehir,inönü,2024,9,hayir,evet,hafif,konut,yok,yok,L,uyumlu,Z4,Düşük
diyarbakır,lice,2022,3,evet,hayir,kolon,hastane,var,buyuk,kompleks,uyumlu,Z2,Yüksek
kayseri,yahyalı,2018,12,evet,evet,yok,sanayi,emin_degil,yok,kompleks,farkli,Z3,Orta
istanbul,pendik,1972,12,hayir,hayir,yok,konut,emin_degil,yok,dikdortgen,uyumlu,Z2,Düşük
antalya,kumluca,1965,5,evet,evet,hafif,okul,var,buyuk,kompleks,farkli,Z4,Yüksek
artvin,yusufeli,2012,12,evet,hayir,kolon,ofis,yok,yok,dikdortgen,farkli,Z1,Orta
diyarbakır,çermik,2006,11,evet,hayir,hafif,hastane,yok,yok,U,farkli,Z2,Orta
edirne,ipsala,1985,12,evet,evet,kolon,ofis,emin_degil,hafif,dikdortgen,uyumlu,Z3,Yüksek
şanlıurfa,bozova,1973,6,evet,hayir,hafif,sanayi,emin_degil,hafif,kompleks,yok,Z2,Orta
izmir,karaburun,1979,12,hayir,hayir,kolon,konut,emin_degil,yok,kompleks,uyumlu,Z1,Orta
edirne,enez,2020,6,hayir,evet,yok,okul,var,hafif,kompleks,uyumlu,Z3,Düşük
bursa,keles,2019,7,evet,hayir,kolon,okul,var,yok,kompleks,farkli,Z2,Yüksek
çankırı,yapraklı,1988,11,hayir,hayir,kolon,hastane,emin_degil,buyuk,T,farkli,Z3,Yüksek
bartın,ulus,2005,11,evet,hayir,hafif,hastane,yok,buyuk,T,yok,Z3,Orta
batman,sason,2004,2,evet,hayir,kolon,okul,emin_degil,yok,U,farkli,Z3,Orta
istanbul,silivri,1979,2,hayir,evet,kolon,konut,var,buyuk,T,farkli,Z3,Yüksek
izmir,kiraz,1981,6,evet,evet,yok,okul,emin_degil,buyuk,dikdortgen,farkli,Z2,Orta
kastamonu,cide,1989,9,hayir,hayir,yok,hastane,var,hafif,kompleks,yok,Z2,Orta
kayseri,sarız,2003,8,evet,evet,yok,konut,yok,yok,dikdortgen,uyumlu,Z3,Düşük
adana,saimbeyli,1997,11,evet,hayir,hafif,ofis,emin_degil,yok,U,uyumlu,Z4,Orta
sivas,suşehri,2022,6,evet,hayir,kolon,okul,emin_degil,yok,dikdortgen,yok,Z2,Orta
trabzon,of,2006,11,evet,hayir,hafif,okul,var,yok,T,yok,Z3,Orta
eskişehir,inönü,1981,10,evet,hayir,yok,okul,var,buyuk,T,yok,Z4,Yüksek
trabzon,hayrat,2010,12,hayir,evet,kolon,sanayi,var,yok,dikdortgen,uyumlu,Z2,Orta
kayseri,sarız,1982,9,hayir,hayir,kolon,ofis,emin_degil,yok,U,yok,Z3,Yüksek
trabzon,of,2017,7,evet,evet,kolon,okul,var,buyuk,dikdortgen,uyumlu,Z3,Yüksek
kars,kağızman,1990,6,evet,hayir,yok,okul,var,hafif,U,uyumlu,Z2,Orta
afyonkarahisar,sultandağı,1976,3,evet,hayir,hafif,ofis,yok,yok,U,uyumlu,Z3,Düşük
artvin,yusufeli,2000,8,evet,evet,hafif,okul,emin_degil,buyuk,kompleks,farkli,Z1,Yüksek
edirne,enez,1968,5,evet,hayir,kolon,okul,yok,buyuk,L,farkli,Z3,Yüksek
afyonkarahisar,çay,1986,1,evet,evet,kolon,okul,var,hafif,T,yok,Z3,Yüksek
eskişehir,inönü,2005,12,hayir,hayir,hafif,sanayi,var,buyuk,kompleks,uyumlu,Z4,Orta
mersin,çamlıyayla,1993,7,hayir,hayir,yok,okul,emin_degil,yok,kompleks,uyumlu,Z3,Düşük
istanbul,silivri,1994,1,hayir,hayir,yok,ofis,var,yok,dikdortgen,uyumlu,Z3,Düşük
sivas,divriği,1986,11,hayir,hayir,yok,okul,var,hafif,T,uyumlu,Z2,Orta
ardahan,göle,2003,8,hayir,hayir,yok,okul,var,hafif,dikdortgen,uyumlu,Z2,Düşük
erzurum,ispir,1982,1,hayir,evet,yok,sanayi,var,yok,L,farkli,Z3,Düşük
trabzon,hayrat,2005,2,hayir,hayir,kolon,hastane,emin_degil,buyuk,U,farkli,Z2,Orta
balıkesir,kepsut,1988,10,hayir,evet,yok,okul,emin_degil,yok,L,farkli,Z3,Orta
bartın,ulus,1981,6,hayir,evet,hafif,sanayi,yok,yok,dikdortgen,yok,Z3,Düşük
kayseri,sarız,2008,11,evet,evet,hafif,ofis,var,yok,L,farkli,Z3,Orta
ardahan,göle,1977,10,evet,evet,hafif,hastane,emin_degil,buyuk,U,yok,Z2,Yüksek
uşak,,1980,10,evet,hayir,hafif,sanayi,emin_degil,hafif,U,farkli,Z3,Orta
çankırı,yapraklı,1975,4,hayir,evet,kolon,okul,yok,yok,kompleks,farkli,Z3,Yüksek
sivas,divriği,1980,8,evet,hayir,yok,konut,emin_degil,yok,T,uyumlu,Z2,Orta
izmir,karaburun,1990,1,hayir,evet,yok,okul,emin_degil,yok,dikdortgen,uyumlu,Z1,Düşük
kars,kağızman,2010,4,hayir,evet,yok,sanayi,yok,buyuk,dikdortgen,yok,Z2,Düşük
ardahan,göle,2007,4,evet,evet,kolon,ofis,yok,hafif,dikdortgen,yok,Z2,Orta
yozgat,akdağmadeni,1995,3,evet,hayir,kolon,hastane,var,buyuk,dikdortgen,yok,Z2,Yüksek
edirne,ipsala,1989,6,evet,hayir,yok,ofis,var,hafif,dikdortgen,yok,Z3,Orta
edirne,ipsala,1987,1,evet,hayir,kolon,hastane,var,buyuk,dikdortgen,yok,Z3,Yüksek
samsun,alaçam,2014,1,hayir,evet,yok,okul,var,buyuk,L,farkli,Z3,Orta
sivas,akıncılar,1968,3,hayir,evet,yok,hastane,var,hafif,dikdortgen,yok,Z2,Orta
istanbul,silivri,1983,1,hayir,evet,kolon,okul,var,yok,U,uyumlu,Z3,Yüksek
çorum,kargı,1967,3,hayir,hayir,yok,hastane,emin_degil,yok,dikdortgen,yok,Z3,Orta
edirne,ipsala,2022,9,hayir,evet,yok,sanayi,var,hafif,T,yok,Z3,Düşük
giresun,çamoluk,2001,8,evet,hayir,kolon,sanayi,yok,hafif,L,yok,Z4,Yüksek
trabzon,hayrat,1969,11,evet,hayir,kolon,konut,emin_degil,buyuk,dikdortgen,yok,Z2,Yüksek
giresun,çamoluk,1993,4,hayir,evet,yok,konut,var,hafif,U,farkli,Z4,Orta
erzurum,ispir,1984,8,hayir,evet,kolon,hastane,emin_degil,yok,T,yok,Z3,Yüksek
ordu,mesudiye,1998,12,hayir,evet,yok,konut,var,hafif,dikdortgen,farkli,Z2,Orta
trabzon,of,1985,7,hayir,evet,kolon,konut,var,buyuk,L,yok,Z3,Yüksek
giresun,çamoluk,2005,6,hayir,hayir,yok,okul,emin_degil,buyuk,kompleks,uyumlu,Z4,Orta
bartın,ulus,1990,3,evet,evet,hafif,sanayi,yok,yok,kompleks,yok,Z3,Orta
artvin,yusufeli,1973,8,evet,hayir,yok,okul,var,hafif,U,yok,Z1,Orta
ardahan,göle,2017,11,evet,hayir,kolon,sanayi,emin_degil,hafif,kompleks,uyumlu,Z2,Orta
balıkesir,kepsut,2015,11,evet,hayir,yok,ofis,yok,buyuk,L,yok,Z3,Orta
uşak,,2023,12,hayir,evet,yok,okul,var,yok,kompleks,uyumlu,Z3,Orta
giresun,alucra,1988,10,evet,hayir,hafif,konut,yok,buyuk,dikdortgen,farkli,Z4,Yüksek
çorum,kargı,2012,1,evet,hayir,kolon,ofis,var,hafif,L,farkli,Z3,Orta
ordu,akkuş,1967,3,evet,evet,yok,ofis,emin_degil,buyuk,L,farkli,Z2,Orta
edirne,ipsala,2022,1,evet,evet,yok,okul,yok,yok,dikdortgen,yok,Z3,Düşük
uşak,,2015,3,evet,evet,yok,sanayi,var,hafif,U,yok,Z3,Düşük
balıkesir,kepsut,1970,11,hayir,hayir,yok,ofis,var,yok,L,uyumlu,Z3,Orta
bartın,ulus,2011,1,evet,hayir,kolon,okul,var,buyuk,T,yok,Z3,Orta
kastamonu,cide,1989,5,hayir,evet,yok,okul,yok,hafif,U,farkli,Z2,Düşük
kastamonu,cide,1972,1,evet,hayir,yok,ofis,var,buyuk,U,farkli,Z2,Orta
istanbul,silivri,1982,5,hayir,hayir,yok,okul,emin_degil,yok,kompleks,yok,Z3,Orta
istanbul,silivri,1989,7,hayir,evet,yok,ofis,yok,yok,L,farkli,Z3,Düşük
bursa,harmancık,1998,7,evet,evet,hafif,konut,var,yok,T,farkli,Z2,Orta
istanbul,silivri,2002,1,hayir,evet,yok,sanayi,var,yok,T,uyumlu,Z3,Düşük
kayseri,yahyalı,2004,1,evet,hayir,yok,okul,var,yok,L,uyumlu,Z3,Düşük
giresun,çamoluk,1970,12,hayir,hayir,yok,sanayi,var,hafif,dikdortgen,uyumlu,Z4,Yüksek
balıkesir,kepsut,1996,10,hayir,evet,yok,okul,var,yok,L,farkli,Z3,Orta
artvin,yusufeli,1993,4,evet,hayir,hafif,hastane,yok,yok,dikdortgen,yok,Z1,Düşük
kastamonu,cide,2000,12,evet,hayir,yok,konut,var,hafif,dikdortgen,farkli,Z2,Orta
bartın,ulus,1994,3,evet,evet,yok,konut,emin_degil,yok,U,uyumlu,Z3,Düşük
bartın,ulus,1966,7,evet,evet,hafif,konut,yok,hafif,dikdortgen,yok,Z3,Orta
çankırı,yapraklı,1975,4,hayir,hayir,yok,okul,yok,yok,kompleks,yok,Z3,Düşük
bartın,ulus,2001,3,evet,hayir,kolon,konut,emin_degil,buyuk,U,farkli,Z3,Orta
edirne,enez,2008,12,hayir,hayir,kolon,hastane,emin_degil,buyuk,dikdortgen,yok,Z3,Yüksek
kayseri,sarız,1998,8,hayir,hayir,kolon,konut,yok,yok,T,yok,Z3,Orta
istanbul,avcılar,1992,8,evet,evet,hafif,konut,var,buyuk,L,farkli,Z4,Yüksek
izmir,bayraklı,2005,12,evet,hayir,yok,ofis,emin_degil,buyuk,T,yok,Z4,Orta
ankara,etimesgut,1998,9,hayir,hayir,kolon,hastane,var,hafif,dikdortgen,yok,Z4,Yüksek
sakarya,merkez,1999,5,evet,evet,hafif,konut,yok,hafif,kompleks,uyumlu,Z4,Orta
aydın,efeler,1980,6,evet,hayir,kolon,okul,var,yok,U,yok,Z4,Yüksek
giresun,alucra,2010,10,hayir,hayir,yok,konut,emin_degil,buyuk,L,yok,Z4,Orta
istanbul,sarıyer,2015,4,hayir,hayir,yok,konut,yok,yok,dikdortgen,yok,Z1,Düşük
bursa,gemlik,1995,7,evet,evet,hafif,konut,var,hafif,T,farkli,Z4,Yüksek
antalya,finike,1988,8,evet,hayir,yok,konut,emin_degil,buyuk,kompleks,yok,Z4,Orta
kocaeli,izmit,2001,6,evet,evet,hafif,ofis,yok,hafif,U,uyumlu,Z4,Orta
muğla,datça,2018,2,hayir,hayir,yok,konut,yok,yok,dikdortgen,yok,Z1,Düşük
hatay,antakya,1990,7,evet,evet,kolon,hastane,var,buyuk,kompleks,farkli,Z4,Yüksek
ankara,çankaya,2020,15,hayir,hayir,yok,ofis,yok,yok,dikdortgen,yok,Z1,Düşük
izmir,karaburun,1985,3,hayir,hayir,yok,konut,var,hafif,L,yok,Z1,Düşük
samsun,bafra,1975,5,evet,hayir,hafif,konut,emin_degil,yok,T,yok,Z4,Orta
eskişehir,merkez,1992,8,evet,evet,yok,okul,var,buyuk,U,farkli,Z4,Yüksek
manisa,demirci,2005,4,hayir,hayir,yok,konut,yok,yok,dikdortgen,yok,Z2,Düşük
ordu,merkez,2012,10,hayir,hayir,yok,konut,var,hafif,L,yok,Z2,Düşük
erzincan,merkez,1999,4,evet,evet,hafif,konut,emin_degil,yok,kompleks,uyumlu,Z4,Orta
istanbul,fatih,1970,6,evet,evet,kolon,konut,var,hafif,dikdortgen,farkli,Z2,Yüksek
bursa,yıldırım,2010,5,hayir,hayir,yok,konut,yok,yok,dikdortgen,yok,Z2,Düşük
adana,seyhan,1985,9,evet,evet,hafif,konut,var,buyuk,T,farkli,Z4,Yüksek
mardin,merkez,2000,4,hayir,hayir,yok,konut,yok,yok,dikdortgen,yok,Z1,Düşük
yalova,merkez,1998,5,evet,hayir,kolon,okul,var,buyuk,L,yok,Z4,Yüksek
diyarbakır,bağlar,2005,8,hayir,evet,yok,konut,yok,hafif,U,uyumlu,Z2,Düşük
antalya,merkez,2015,5,hayir,hayir,yok,konut,yok,yok,dikdortgen,yok,Z1,Düşük
samsun,canik,1995,6,evet,evet,hafif,konut,emin_degil,hafif,kompleks,uyumlu,Z2,Orta
kayseri,melikgazi,2012,12,hayir,hayir,yok,konut,yok,yok,dikdortgen,yok,Z2,Düşük
tekirdağ,çorlu,2008,7,hayir,evet,yok,konut,var,hafif,L,uyumlu,Z2,Düşük
izmir,konak,1975,8,evet,evet,hafif,konut,var,buyuk,T,farkli,Z3,Yüksek
artvin,merkez,2018,5,hayir,hayir,yok,konut,yok,yok,dikdortgen,yok,Z1,Düşük
mersin,toroslar,2000,6,hayir,hayir,yok,konut,var,hafif,U,yok,Z2,Düşük
istanbul,bakırköy,1990,7,evet,evet,hafif,hastane,emin_degil,buyuk,kompleks,farkli,Z4,Yüksek
ankara,gölbaşı,2010,4,hayir,hayir,yok,konut,yok,yok,dikdortgen,yok,Z4,Düşük
konya,selçuklu,2005,10,hayir,evet,yok,konut,var,hafif,L,uyumlu,Z3,Orta
giresun,merkez,1985,6,evet,hayir,kolon,okul,var,yok,U,yok,Z4,Yüksek
uşak,merkez,2015,3,hayir,hayir,yok,konut,yok,yok,dikdortgen,yok,Z3,Düşük
balıkesir,edremit,1992,5,evet,evet,hafif,konut,emin_degil,hafif,kompleks,farkli,Z4,Orta
tekirdağ,merkez,2000,6,hayir,hayir,yok,konut,var,yok,T,yok,Z3,Düşük
izmir,bornova,1988,10,evet,evet,kolon,konut,var,buyuk,L,farkli,Z4,Yüksek
istanbul,kartal,2012,12,hayir,hayir,yok,konut,yok,yok,dikdortgen,yok,Z1,Düşük
trabzon,ortahisar,2005,8,hayir,evet,yok,konut,emin_degil,hafif,U,uyumlu,Z3,Düşük
kocaeli,gebze,2015,5,hayir,hayir,yok,konut,yok,yok,dikdortgen,yok,Z2,Düşük
adana,çukurova,2018,12,hayir,hayir,yok,konut,yok,yok,dikdortgen,yok,Z2,Düşük
malatya,yeşilyurt,1995,6,evet,evet,hafif,konut,var,hafif,kompleks,uyumlu,Z3,Orta
sakarya,serdivan,2008,4,hayir,hayir,yok,konut,yok,yok,dikdortgen,yok,Z3,Düşük
edirne,merkez,1980,5,evet,evet,hafif,konut,emin_degil,yok,T,farkli,Z3,Orta
istanbul,avcılar,2005,8,evet,hayir,yok,ofis,var,buyuk,L,yok,Z4,Orta
kırklareli,merkez,2010,4,hayir,hayir,yok,konut,yok,yok,dikdortgen,yok,Z1,Düşük
aydın,kuşadası,2015,5,hayir,hayir,yok,konut,yok,yok,dikdortgen,yok,Z2,Düşük
giresun,alucra,1990,8,evet,evet,hafif,konut,var,buyuk,kompleks,farkli,Z4,Yüksek
izmir,karşıyaka,1982,9,evet,evet,kolon,konut,var,buyuk,T,farkli,Z4,Yüksek
istanbul,arnavutköy,2018,5,hayir,hayir,yok,konut,yok,yok,dikdortgen,yok,Z2,Düşük
antalya,lara,2020,4,hayir,hayir,yok,konut,yok,yok,dikdortgen,yok,Z1,Düşük
bursa,nilüfer,2005,7,evet,hayir,yok,konut,emin_degil,hafif,U,yok,Z3,Düşük
ankara,yenimahalle,1995,8,evet,evet,hafif,konut,var,buyuk,L,uyumlu,Z3,Orta
kocaeli,kandıra,1980,4,hayir,hayir,yok,konut,yok,yok,dikdortgen,yok,Z2,Düşük
istanbul,beşiktaş,1975,6,evet,evet,hafif,konut,var,hafif,kompleks,farkli,Z3,Orta
hatay,iskenderun,2008,10,evet,hayir,kolon,ofis,emin_degil,buyuk,T,yok,Z4,Yüksek
samsun,atakum,2015,12,hayir,hayir,yok,konut,yok,yok,dikdortgen,yok,Z3,Düşük
manisa,merkez,1992,6,evet,evet,hafif,konut,var,yok,U,uyumlu,Z3,Orta
kahramanmaraş,merkez,1985,7,evet,hayir,kolon,hastane,var,buyuk,L,yok,Z3,Yüksek
tekirdağ,çorlu,2018,5,hayir,hayir,yok,konut,yok,yok,dikdortgen,yok,Z2,Düşük
izmir,balçova,1998,6,evet,evet,hafif,konut,emin_degil,hafif,kompleks,uyumlu,Z4,Orta
istanbul,başakşehir,2010,12,hayir,hayir,yok,konut,yok,yok,dikdortgen,yok,Z2,Düşük
antalya,konyaaltı,2015,6,hayir,evet,yok,konut,var,hafif,T,uyumlu,Z3,Düşük
bursa,osmangazi,1988,9,evet,evet,hafif,konut,var,buyuk,U,farkli,Z4,Yüksek
ankara,mamak,2000,7,hayir,hayir,yok,konut,yok,yok,dikdortgen,yok,Z2,Düşük
sivas,merkez,2012,8,hayir,evet,yok,konut,var,hafif,L,uyumlu,Z2,Düşük
giresun,alucra,2022,12,hayir,hayir,yok,konut,yok,yok,dikdortgen,yok,Z4,Düşük
erzincan,merkez,1982,5,evet,evet,kolon,konut,var,buyuk,kompleks,farkli,Z4,Yüksek
istanbul,maltepe,2005,6,hayir,hayir,yok,konut,var,hafif,U,yok,Z2,Düşük
aydın,kuşadası,1995,4,hayir,evet,yok,konut,yok,yok,dikdortgen,uyumlu,Z2,Düşük
izmir,buca,2010,7,hayir,hayir,yok,konut,yok,yok,dikdortgen,yok,Z2,Düşük
istanbul,zeytinburnu,1978,6,evet,evet,hafif,konut,var,hafif,kompleks,farkli,Z3,Orta
bursa,keles,1985,3,hayir,hayir,yok,konut,yok,yok,dikdortgen,yok,Z2,Düşük
kayseri,merkez,2000,8,hayir,evet,yok,konut,emin_degil,hafif,T,uyumlu,Z3,Düşük
adana,yüreğir,1992,6,evet,evet,hafif,konut,var,buyuk,L,farkli,Z4,Yüksek
muğla,dalaman,2015,4,hayir,hayir,yok,konut,yok,yok,dikdortgen,yok,Z4,Düşük
istanbul,tuzla,2008,5,hayir,evet,yok,konut,var,hafif,U,uyumlu,Z3,Düşük
ankara,keçiören,2012,8,hayir,hayir,yok,konut,yok,yok,dikdortgen,yok,Z2,Düşük
konya,meram,1995,6,evet,evet,hafif,konut,emin_degil,hafif,kompleks,uyumlu,Z3,Orta
samsun,çarşamba,1980,5,evet,hayir,kolon,okul,var,buyuk,T,yok,Z4,Yüksek
antalya,demre,2018,3,hayir,hayir,yok,konut,yok,yok,dikdortgen,yok,Z4,Düşük
bursa,yıldırım,1990,7,evet,evet,hafif,konut,var,hafif,L,farkli,Z2,Orta
istanbul,pendik,2020,10,hayir,hayir,yok,konut,yok,yok,dikdortgen,yok,Z2,Düşük
izmir,konak,2005,8,hayir,evet,yok,konut,var,hafif,U,uyumlu,Z3,Düşük
adana,çukurova,2012,12,hayir,hayir,yok,ofis,yok,yok,dikdortgen,yok,Z2,Düşük
istanbul,kadıköy,1985,6,evet,evet,hafif,konut,emin_degil,buyuk,kompleks,farkli,Z2,Orta
sakarya,merkez,1992,5,evet,hayir,kolon,hastane,var,buyuk,T,yok,Z4,Yüksek
ankara,sincan,2008,7,hayir,evet,yok,konut,var,hafif,L,uyumlu,Z3,Düşük
bursa,gemlik,1975,6,evet,evet,hafif,konut,var,buyuk,U,farkli,Z4,Yüksek
istanbul,çatalca,2015,3,hayir,hayir,yok,konut,yok,yok,dikdortgen,yok,Z2,Düşük
izmir,bayraklı,1999,10,evet,evet,hafif,konut,emin_degil,hafif,kompleks,uyumlu,Z4,Orta
giresun,alucra,1982,5,evet,hayir,kolon,okul,var,buyuk,T,yok,Z4,Yüksek
bursa,nilüfer,2018,8,hayir,hayir,yok,konut,yok,yok,dikdortgen,yok,Z3,Düşük
istanbul,sarıyer,2012,10,hayir,hayir,yok,konut,yok,yok,dikdortgen,yok,Z1,Düşük
kocaeli,kandıra,1995,4,hayir,evet,yok,konut,var,hafif,L,uyumlu,Z2,Düşük
ankara,etimesgut,2005,6,evet,evet,hafif,konut,emin_degil,hafif,U,uyumlu,Z4,Orta
bursa,gemlik,1992,9,evet,evet,hafif,konut,var,buyuk,L,farkli,Z4,Yüksek
izmir,bornova,1985,10,evet,hayir,kolon,okul,emin_degil,hafif,U,yok,Z4,Yüksek
istanbul,bakırköy,1978,7,evet,evet,yok,konut,var,buyuk,kompleks,farkli,Z4,Yüksek
adana,yüreğir,2005,12,evet,hayir,hafif,konut,yok,buyuk,T,yok,Z4,Orta
sakarya,merkez,1994,4,evet,evet,yok,ofis,var,hafif,dikdortgen,uyumlu,Z4,Orta
aydın,efeler,2012,6,hayir,hayir,yok,konut,yok,yok,dikdortgen,yok,Z4,Düşük
giresun,alucra,1980,5,evet,evet,kolon,hastane,var,buyuk,L,farkli,Z4,Yüksek
ankara,etimesgut,2015,10,evet,hayir,yok,konut,emin_degil,yok,U,yok,Z4,Orta
konya,merkez,1999,8,hayir,evet,hafif,konut,var,hafif,kompleks,uyumlu,Z4,Orta
istanbul,avcılar,2021,5,hayir,hayir,yok,konut,yok,yok,dikdortgen,yok,Z4,Düşük
hatay,antakya,1975,6,evet,evet,hafif,okul,var,buyuk,L,farkli,Z4,Yüksek
erzincan,merkez,2008,12,evet,hayir,yok,ofis,yok,hafif,dikdortgen,yok,Z4,Orta
antalya,lara,2010,4,hayir,hayir,yok,konut,yok,yok,dikdortgen,yok,Z1,Düşük
mardin,merkez,1992,3,hayir,hayir,yok,konut,var,yok,L,yok,Z1,Düşük
kocaeli,izmit,1988,9,evet,evet,kolon,konut,emin_degil,hafif,U,farkli,Z4,Yüksek
izmir,bayraklı,2017,14,hayir,hayir,yok,ofis,yok,yok,dikdortgen,yok,Z4,Düşük
ankara,çankaya,1985,10,hayir,hayir,yok,konut,var,hafif,dikdortgen,yok,Z1,Düşük
istanbul,sarıyer,2000,5,hayir,hayir,yok,konut,yok,yok,dikdortgen,yok,Z1,Düşük
bursa,yıldırım,1995,6,evet,evet,hafif,konut,emin_degil,hafif,kompleks,uyumlu,Z2,Orta
balıkesir,edremit,1982,5,evet,hayir,kolon,okul,var,buyuk,T,yok,Z4,Yüksek
trabzon,ortahisar,2012,8,hayir,evet,yok,konut,yok,hafif,L,uyumlu,Z3,Düşük
istanbul,şile,2018,3,hayir,hayir,yok,konut,yok,yok,dikdortgen,yok,Z2,Düşük
adana,çukurova,1999,10,hayir,hayir,hafif,konut,var,hafif,U,yok,Z2,Orta
eskişehir,odunpazarı,2005,6,evet,evet,yok,ofis,emin_degil,yok,dikdortgen,uyumlu,Z2,Düşük
diyarbakır,yenişehir,1980,8,evet,evet,hafif,konut,var,buyuk,kompleks,farkli,Z3,Yüksek
kayseri,melikgazi,2015,15,hayir,hayir,yok,konut,yok,yok,dikdortgen,yok,Z2,Düşük
tekirdağ,çorlu,1992,5,evet,hayir,kolon,hastane,var,hafif,L,yok,Z2,Yüksek
manisa,demirci,1975,4,hayir,hayir,yok,konut,yok,yok,dikdortgen,yok,Z2,Düşük
izmir,karaburun,2020,2,hayir,hayir,yok,konut,yok,yok,dikdortgen,yok,Z1,Düşük
istanbul,kadıköy,1998,12,hayir,evet,hafif,konut,var,hafif,T,uyumlu,Z2,Orta
muğla,datça,2010,4,hayir,hayir,yok,konut,yok,yok,dikdortgen,yok,Z1,Düşük
antalya,finike,1985,7,evet,evet,kolon,konut,emin_degil,buyuk,kompleks,farkli,Z4,Yüksek
ankara,gölbaşı,2018,5,hayir,hayir,yok,konut,yok,yok,dikdortgen,yok,Z4,Düşük
bursa,gemlik,2006,8,evet,hayir,hafif,ofis,var,hafif,U,yok,Z4,Orta
samsun,bafra,1990,6,evet,evet,yok,konut,emin_degil,yok,dikdortgen,uyumlu,Z4,Orta
izmir,konak,1970,9,evet,evet,hafif,hastane,var,buyuk,L,farkli,Z3,Yüksek
istanbul,kartal,2015,18,hayir,hayir,yok,konut,yok,yok,dikdortgen,yok,Z1,Düşük
kocaeli,gebze,2000,7,evet,hayir,yok,konut,var,hafif,T,yok,Z2,Düşük
antalya,merkez,1995,6,hayir,hayir,yok,konut,yok,yok,dikdortgen,yok,Z1,Düşük
hatay,iskenderun,1982,10,evet,evet,kolon,konut,var,buyuk,kompleks,farkli,Z4,Yüksek
malatya,yeşilyurt,2012,8,hayir,evet,yok,konut,emin_degil,hafif,U,uyumlu,Z3,Düşük
yalova,merkez,1999,5,evet,hayir,hafif,ofis,var,buyuk,L,yok,Z4,Yüksek
istanbul,beykoz,2020,4,hayir,hayir,yok,konut,yok,yok,dikdortgen,yok,Z1,Düşük
aydın,kuşadası,1988,6,evet,evet,yok,konut,var,hafif,dikdortgen,uyumlu,Z2,Düşük
izmir,karşıyaka,2005,11,evet,hayir,hafif,konut,emin_degil,buyuk,T,yok,Z4,Orta
ankara,etimesgut,1992,8,evet,evet,kolon,okul,var,hafif,kompleks,farkli,Z4,Yüksek
istanbul,fatih,1975,5,evet,hayir,yok,konut,var,yok,dikdortgen,yok,Z2,Düşük
konya,selçuklu,2010,12,hayir,hayir,yok,konut,yok,yok,dikdortgen,yok,Z3,Düşük
sakarya,serdivan,2015,4,hayir,evet,yok,konut,var,hafif,L,uyumlu,Z3,Düşük
giresun,alucra,1995,9,evet,evet,hafif,hastane,emin_degil,buyuk,U,farkli,Z4,Yüksek
istanbul,avcılar,1980,8,evet,hayir,kolon,konut,var,buyuk,kompleks,yok,Z4,Yüksek
izmir,bornova,2022,12,hayir,hayir,yok,konut,yok,yok,dikdortgen,yok,Z4,Düşük
ankara,mamak,1998,7,evet,evet,hafif,konut,var,hafif,dikdortgen,uyumlu,Z2,Düşük
bursa,nilüfer,2018,10,hayir,hayir,yok,konut,yok,yok,dikdortgen,yok,Z3,Düşük
kayseri,melikgazi,2000,6,evet,hayir,yok,ofis,var,yok,L,yok,Z2,Düşük
antalya,konyaaltı,2012,5,hayir,hayir,yok,konut,yok,yok,dikdortgen,yok,Z3,Düşük
hatay,antakya,1990,12,evet,evet,hafif,konut,emin_degil,buyuk,T,farkli,Z4,Yüksek
istanbul,bakırköy,2008,10,evet,hayir,yok,hastane,var,hafif,U,yok,Z4,Orta
adana,seyhan,1978,9,evet,evet,kolon,okul,var,buyuk,kompleks,farkli,Z4,Yüksek
eskişehir,merkez,2015,6,hayir,hayir,yok,konut,yok,yok,dikdortgen,yok,Z4,Düşük
erzincan,merkez,1995,8,evet,evet,hafif,konut,var,buyuk,L,uyumlu,Z4,Yüksek
samsun,atakum,2010,12,hayir,hayir,yok,konut,yok,yok,dikdortgen,yok,Z3,Düşük
istanbul,pendik,1985,7,evet,hayir,yok,ofis,emin_degil,hafif,dikdortgen,yok,Z2,Düşük
tekirdağ,marmaraereğlisi,2005,4,hayir,hayir,yok,konut,yok,yok,dikdortgen,yok,Z3,Düşük
izmir,buca,1999,6,evet,evet,hafif,konut,var,hafif,U,uyumlu,Z2,Orta
ankara,yenimahalle,2012,8,hayir,hayir,yok,konut,yok,yok,dikdortgen,yok,Z3,Düşük
kocaeli,izmit,1982,5,evet,evet,kolon,hastane,var,buyuk,T,farkli,Z4,Yüksek
bursa,osmangazi,2008,10,evet,hayir,yok,konut,emin_degil,hafif,L,yok,Z4,Orta
aydın,kuşadası,1995,4,hayir,evet,yok,konut,var,yok,dikdortgen,uyumlu,Z2,Düşük
samsun,çarşamba,1988,6,evet,hayir,hafif,okul,var,buyuk,kompleks,yok,Z4,Yüksek
istanbul,tuzla,2015,8,hayir,hayir,yok,konut,yok,yok,dikdortgen,yok,Z3,Düşük
manisa,demirci,1980,5,evet,evet,yok,konut,emin_degil,hafif,U,farkli,Z2,Düşük
giresun,alucra,2021,12,hayir,hayir,yok,ofis,yok,yok,dikdortgen,yok,Z4,Düşük
antalya,demre,2005,3,evet,hayir,yok,konut,var,yok,L,yok,Z4,Düşük
bursa,keles,1990,2,hayir,hayir,yok,konut,yok,yok,dikdortgen,yok,Z2,Düşük
istanbul,zeytinburnu,1985,7,evet,evet,hafif,konut,var,buyuk,kompleks,farkli,Z3,Yüksek
adana,yüreğir,2010,11,evet,hayir,yok,konut,emin_degil,hafif,T,yok,Z4,Orta
konya,meram,2018,6,hayir,hayir,yok,konut,yok,yok,dikdortgen,yok,Z3,Düşük
istanbul,silivri,1992,5,evet,evet,kolon,okul,var,hafif,U,uyumlu,Z3,Yüksek
ankara,sincan,2005,8,hayir,hayir,yok,konut,yok,yok,dikdortgen,yok,Z3,Düşük
bursa,gemlik,1978,6,evet,evet,hafif,konut,var,buyuk,L,farkli,Z4,Yüksek
izmir,balçova,2015,10,hayir,hayir,yok,ofis,yok,yok,dikdortgen,yok,Z4,Düşük
istanbul,maltepe,1995,7,evet,hayir,yok,konut,emin_degil,hafif,dikdortgen,yok,Z2,Düşük
antalya,lara,2022,4,hayir,hayir,yok,konut,yok,yok,dikdortgen,yok,Z1,Düşük
sakarya,merkez,1985,12,evet,evet,kolon,hastane,var,buyuk,T,farkli,Z4,Yüksek
ankara,keçiören,2000,10,hayir,hayir,yok,konut,var,hafif,dikdortgen,yok,Z2,Düşük
istanbul,pendik,2012,6,hayir,evet,yok,konut,yok,yok,dikdortgen,uyumlu,Z2,Düşük
izmir,konak,1992,8,evet,hayir,hafif,okul,var,buyuk,kompleks,yok,Z3,Orta
adana,çukurova,2008,12,hayir,hayir,yok,konut,yok,yok,dikdortgen,yok,Z2,Düşük
istanbul,kadıköy,1980,6,evet,evet,hafif,konut,emin_degil,buyuk,L,farkli,Z2,Orta
bursa,yıldırım,2015,5,hayir,hayir,yok,konut,yok,yok,dikdortgen,yok,Z2,Düşük
istanbul,avcılar,1999,9,evet,hayir,hafif,konut,var,hafif,U,yok,Z4,Orta
erzincan,merkez,1988,6,evet,evet,kolon,sanayi,var,buyuk,dikdortgen,farkli,Z4,Yüksek
samsun,bafra,2005,4,hayir,hayir,yok,konut,yok,yok,dikdortgen,yok,Z4,Düşük
izmir,bornova,1995,7,evet,evet,hafif,konut,emin_degil,hafif,kompleks,uyumlu,Z4,Orta
ankara,etimesgut,1985,10,evet,hayir,kolon,okul,var,buyuk,T,yok,Z4,Yüksek
istanbul,çatalca,2018,4,hayir,hayir,yok,konut,yok,yok,dikdortgen,yok,Z2,Düşük
bursa,gemlik,2012,12,hayir,hayir,yok,ofis,yok,yok,dikdortgen,yok,Z4,Düşük
istanbul,bakırköy,1990,8,evet,evet,hafif,konut,var,hafif,L,farkli,Z4,Yüksek
istanbul,sarıyer,2010,4,hayir,hayir,yok,konut,yok,yok,dikdortgen,yok,Z1,Düşük
bursa,gemlik,1985,7,evet,evet,hafif,konut,var,buyuk,L,farkli,Z4,Yüksek
izmir,bornova,1992,10,evet,hayir,kolon,hastane,emin_degil,hafif,U,yok,Z4,Yüksek
ankara,çankaya,2018,6,hayir,hayir,yok,ofis,yok,yok,dikdortgen,yok,Z1,Düşük
sakarya,serdivan,2005,5,evet,evet,yok,konut,var,hafif,kompleks,uyumlu,Z3,Düşük
giresun,alucra,1988,8,evet,hayir,hafif,konut,var,buyuk,T,yok,Z4,Yüksek
istanbul,avcılar,1995,6,evet,evet,kolon,konut,var,buyuk,L,farkli,Z4,Yüksek
antalya,finike,2000,4,hayir,hayir,yok,konut,yok,yok,dikdortgen,yok,Z4,Düşük
kocaeli,izmit,1978,9,evet,evet,hafif,okul,emin_degil,hafif,U,farkli,Z4,Yüksek
manisa,demirci,2012,3,hayir,hayir,yok,konut,yok,yok,dikdortgen,yok,Z2,Düşük
adana,seyhan,1982,12,evet,hayir,kolon,hastane,var,buyuk,kompleks,yok,Z4,Yüksek
ankara,etimesgut,2008,7,hayir,evet,yok,konut,emin_degil,hafif,T,uyumlu,Z4,Orta
izmir,karşıyaka,1990,8,evet,evet,hafif,konut,var,buyuk,L,farkli,Z4,Yüksek
istanbul,fatih,1965,5,evet,evet,kolon,konut,var,hafif,dikdortgen,farkli,Z2,Yüksek
bursa,nilüfer,2015,10,hayir,hayir,yok,ofis,yok,yok,dikdortgen,yok,Z3,Düşük
hatay,antakya,1985,6,evet,hayir,hafif,okul,var,buyuk,U,yok,Z4,Yüksek
erzincan,merkez,2002,4,hayir,evet,yok,konut,yok,yok,dikdortgen,uyumlu,Z4,Düşük
ankara,mamak,2010,12,hayir,hayir,yok,konut,yok,yok,dikdortgen,yok,Z2,Düşük
istanbul,pendik,1975,10,evet,evet,hafif,hastane,var,buyuk,kompleks,farkli,Z2,Yüksek
samsun,bafra,1998,5,evet,hayir,yok,konut,emin_degil,hafif,T,yok,Z4,Orta
izmir,bayraklı,2012,15,hayir,hayir,yok,ofis,yok,yok,dikdortgen,yok,Z4,Düşük
kayseri,melikgazi,2005,6,hayir,evet,yok,konut,var,hafif,L,uyumlu,Z2,Düşük
tekirdağ,çorlu,1980,5,evet,hayir,kolon,okul,var,buyuk,U,yok,Z2,Yüksek
muğla,datça,2020,2,hayir,hayir,yok,konut,yok,yok,dikdortgen,yok,Z1,Düşük
istanbul,zeytinburnu,1992,7,evet,evet,hafif,konut,emin_degil,hafif,kompleks,uyumlu,Z3,Orta
bursa,osmangazi,1970,8,evet,evet,kolon,hastane,var,buyuk,T,farkli,Z4,Yüksek
konya,selçuklu,2015,12,hayir,hayir,yok,ofis,yok,yok,dikdortgen,yok,Z3,Düşük
aydın,kuşadası,2008,4,hayir,evet,yok,konut,var,hafif,L,uyumlu,Z2,Düşük
sakarya,merkez,1995,6,evet,hayir,hafif,okul,emin_degil,buyuk,U,yok,Z4,Orta
istanbul,kartal,1985,5,hayir,hayir,yok,konut,yok,yok,dikdortgen,yok,Z1,Düşük
giresun,çamoluk,2005,9,evet,evet,hafif,konut,var,buyuk,kompleks,farkli,Z4,Yüksek
ankara,gölbaşı,2012,4,hayir,hayir,yok,konut,yok,yok,dikdortgen,yok,Z4,Düşük
izmir,bornova,1982,10,evet,hayir,kolon,hastane,var,buyuk,T,yok,Z4,Yüksek
istanbul,bakırköy,2010,8,hayir,evet,yok,ofis,yok,hafif,L,uyumlu,Z4,Düşük
bursa,yıldırım,2000,7,evet,evet,hafif,konut,emin_degil,hafif,kompleks,uyumlu,Z2,Orta
adana,çukurova,2015,12,hayir,hayir,yok,konut,yok,yok,dikdortgen,yok,Z2,Düşük
yalova,merkez,1990,5,evet,hayir,kolon,okul,var,buyuk,U,yok,Z4,Yüksek
istanbul,beykoz,2018,3,hayir,hayir,yok,konut,yok,yok,dikdortgen,yok,Z1,Düşük
tekirdağ,marmaraereğlisi,1995,6,hayir,evet,yok,konut,var,hafif,T,uyumlu,Z3,Düşük
izmir,konak,1975,8,evet,evet,hafif,konut,emin_degil,buyuk,L,farkli,Z3,Orta
ankara,sincan,2005,7,hayir,hayir,yok,konut,yok,yok,dikdortgen,yok,Z3,Düşük
kocaeli,gebze,2012,10,hayir,evet,yok,ofis,yok,hafif,U,uyumlu,Z2,Düşük
antalya,konyaaltı,2000,6,evet,hayir,yok,konut,var,hafif,dikdortgen,yok,Z3,Düşük
hatay,iskenderun,1992,12,evet,evet,kolon,hastane,var,buyuk,kompleks,farkli,Z4,Yüksek
malatya,yeşilyurt,2018,5,hayir,hayir,yok,konut,yok,yok,dikdortgen,yok,Z3,Düşük
istanbul,tuzla,1988,4,hayir,evet,yok,konut,var,hafif,T,uyumlu,Z3,Düşük
samsun,atakum,2015,8,hayir,hayir,yok,konut,yok,yok,dikdortgen,yok,Z3,Düşük
izmir,balçova,1985,6,evet,hayir,hafif,okul,emin_degil,buyuk,L,yok,Z4,Orta
ankara,yenimahalle,2000,7,hayir,evet,yok,konut,var,hafif,U,uyumlu,Z3,Düşük
istanbul,kadıköy,2010,12,hayir,hayir,yok,konut,yok,yok,dikdortgen,yok,Z2,Düşük
bursa,gemlik,1975,9,evet,evet,hafif,konut,var,buyuk,kompleks,farkli,Z4,Yüksek
giresun,alucra,2005,5,hayir,hayir,yok,konut,yok,yok,dikdortgen,yok,Z4,Düşük
istanbul,pendik,1998,6,evet,evet,hafif,konut,emin_degil,hafif,T,uyumlu,Z2,Orta
antalya,lara,2022,4,hayir,hayir,yok,konut,yok,yok,dikdortgen,yok,Z1,Düşük
sakarya,merkez,1982,10,evet,hayir,kolon,okul,var,buyuk,L,yok,Z4,Yüksek
ankara,keçiören,2015,8,hayir,evet,yok,konut,yok,hafif,U,uyumlu,Z2,Düşük
izmir,buca,2000,7,evet,hayir,yok,konut,var,hafif,dikdortgen,yok,Z2,Düşük
istanbul,maltepe,1990,6,hayir,evet,yok,konut,emin_degil,yok,dikdortgen,uyumlu,Z2,Düşük
adana,yüreğir,2008,12,hayir,hayir,yok,ofis,yok,yok,dikdortgen,yok,Z4,Düşük
eskişehir,merkez,1978,9,evet,evet,hafif,konut,var,buyuk,kompleks,farkli,Z4,Yüksek
samsun,çarşamba,2012,5,hayir,hayir,yok,konut,yok,yok,dikdortgen,yok,Z4,Düşük
istanbul,zeytinburnu,1995,8,evet,evet,kolon,hastane,var,hafif,T,farkli,Z3,Yüksek
bursa,keles,2018,4,hayir,hayir,yok,konut,yok,yok,dikdortgen,yok,Z2,Düşük
izmir,bayraklı,1985,10,evet,hayir,hafif,okul,emin_degil,buyuk,L,yok,Z4,Orta
ankara,etimesgut,2005,7,hayir,evet,yok,konut,var,hafif,U,uyumlu,Z4,Düşük
istanbul,avcılar,2015,6,hayir,hayir,yok,ofis,yok,yok,dikdortgen,yok,Z4,Düşük
antalya,finike,1992,5,evet,evet,kolon,konut,var,buyuk,kompleks,farkli,Z4,Yüksek
hatay,antakya,2010,8,hayir,evet,yok,konut,emin_degil,hafif,T,uyumlu,Z4,Düşük
istanbul,fatih,1980,6,evet,hayir,hafif,konut,var,buyuk,L,yok,Z2,Orta
bursa,osmangazi,2020,12,hayir,hayir,yok,konut,yok,yok,dikdortgen,yok,Z4,Düşük
manisa,demirci,1998,4,evet,evet,yok,konut,var,hafif,U,uyumlu,Z2,Düşük
giresun,alucra,1970,7,evet,hayir,kolon,okul,var,buyuk,dikdortgen,yok,Z4,Yüksek
ankara,çankaya,2015,14,hayir,hayir,yok,konut,yok,yok,dikdortgen,yok,Z1,Düşük
izmir,konak,1988,9,evet,evet,hafif,konut,emin_degil,hafif,kompleks,uyumlu,Z3,Orta
istanbul,pendik,2005,8,hayir,evet,yok,ofis,var,buyuk,T,uyumlu,Z2,Orta
antalya,lara,2012,4,hayir,hayir,yok,konut,yok,yok,dikdortgen,yok,Z1,Düşük
sakarya,merkez,1999,6,evet,hayir,hafif,okul,var,hafif,L,yok,Z4,Orta
ankara,mamak,2008,10,hayir,evet,yok,konut,emin_degil,yok,dikdortgen,uyumlu,Z2,Düşük
izmir,karşıyaka,1985,7,evet,evet,kolon,konut,var,buyuk,U,farkli,Z4,Yüksek
istanbul,bakırköy,2018,5,hayir,hayir,yok,konut,yok,yok,dikdortgen,yok,Z4,Düşük
bursa,yıldırım,1992,6,evet,evet,hafif,konut,var,hafif,kompleks,uyumlu,Z2,Orta
adana,yüreğir,1980,11,evet,hayir,kolon,hastane,emin_degil,buyuk,T,yok,Z4,Yüksek
eskişehir,merkez,2005,8,hayir,evet,yok,konut,var,hafif,L,uyumlu,Z4,Düşük
istanbul,şile,2015,3,hayir,hayir,yok,konut,yok,yok,dikdortgen,yok,Z2,Düşük
izmir,bornova,1995,9,evet,evet,hafif,konut,emin_degil,buyuk,U,farkli,Z4,Yüksek
ankara,keçiören,2008,7,hayir,hayir,yok,ofis,yok,yok,dikdortgen,yok,Z2,Düşük
istanbul, Zeytinburnu,2012,12,hayir,hayir,yok,konut,yok,yok,dikdortgen,yok,Z3,Düşük
bursa,gemlik,1982,5,evet,evet,kolon,hastane,var,hafif,kompleks,farkli,Z4,Yüksek
antalya,finike,2021,4,hayir,hayir,yok,konut,yok,yok,dikdortgen,yok,Z4,Düşük
sakarya,serdivan,1990,6,evet,hayir,hafif,konut,var,buyuk,T,yok,Z3,Orta
ankara,sincan,2010,8,hayir,evet,yok,konut,emin_degil,hafif,L,uyumlu,Z3,Düşük
izmir,buca,1985,7,evet,evet,hafif,konut,var,hafif,U,farkli,Z2,Orta
istanbul,kadıköy,2018,10,hayir,hayir,yok,ofis,yok,yok,dikdortgen,yok,Z2,Düşük
bursa,nilüfer,1999,6,evet,evet,yok,konut,var,buyuk,kompleks,uyumlu,Z3,Orta
istanbul,avcılar,1978,8,evet,hayir,kolon,hastane,emin_degil,hafif,T,yok,Z4,Yüksek
antalya,lara,2015,4,hayir,hayir,yok,konut,yok,yok,dikdortgen,yok,Z1,Düşük
hatay,iskenderun,2005,11,evet,evet,hafif,konut,var,buyuk,L,farkli,Z4,Yüksek
istanbul,pendik,1992,5,hayir,hayir,yok,konut,emin_degil,yok,dikdortgen,yok,Z2,Düşük
izmir,bornova,2012,14,hayir,hayir,yok,konut,yok,yok,dikdortgen,yok,Z4,Düşük
adana,seyhan,1994,10,evet,hayir,hafif,konut,var,buyuk,L,yok,Z4,Yüksek
istanbul,avcılar,2005,7,evet,evet,yok,okul,emin_degil,hafif,kompleks,uyumlu,Z4,Orta
ankara,çankaya,2018,4,hayir,hayir,yok,konut,yok,yok,dikdortgen,yok,Z1,Düşük
bursa,gemlik,1980,6,evet,evet,kolon,konut,var,buyuk,U,farkli,Z4,Yüksek
izmir,bayraklı,2012,12,hayir,hayir,yok,ofis,yok,yok,dikdortgen,yok,Z4,Düşük
hatay,antakya,1995,8,evet,evet,hafif,hastane,var,hafif,kompleks,uyumlu,Z4,Yüksek
sakarya,merkez,2000,5,evet,hayir,yok,konut,emin_degil,yok,T,yok,Z4,Orta
giresun,alucra,1975,4,hayir,evet,kolon,okul,var,buyuk,L,farkli,Z4,Yüksek
kocaeli,izmit,1992,9,evet,hayir,hafif,konut,yok,buyuk,U,yok,Z4,Orta
eskişehir,odunpazarı,2015,5,hayir,hayir,yok,konut,yok,yok,dikdortgen,yok,Z2,Düşük
antalya,finike,1988,7,evet,evet,kolon,hastane,var,hafif,kompleks,farkli,Z4,Yüksek
yalova,merkez,2005,6,evet,hayir,yok,konut,emin_degil,buyuk,L,yok,Z4,Orta
istanbul,sarıyer,2010,3,hayir,hayir,yok,konut,yok,yok,dikdortgen,yok,Z1,Düşük
adana,çukurova,2018,10,hayir,hayir,yok,ofis,yok,yok,dikdortgen,yok,Z2,Düşük
izmir,konak,1982,8,evet,evet,hafif,konut,var,buyuk,T,uyumlu,Z3,Orta
aydın,efeler,1999,5,evet,hayir,yok,konut,emin_degil,hafif,U,yok,Z4,Orta
ankara,etimesgut,1990,7,evet,evet,kolon,konut,var,buyuk,kompleks,farkli,Z4,Yüksek
istanbul,bakırköy,2012,8,hayir,hayir,yok,konut,yok,yok,dikdortgen,yok,Z4,Düşük
bursa,yıldırım,2000,6,evet,evet,hafif,okul,var,hafif,L,uyumlu,Z2,Düşük
manisa,demirci,1978,4,hayir,hayir,yok,konut,var,yok,dikdortgen,yok,Z2,Düşük
erzincan,merkez,1995,9,evet,evet,hafif,konut,emin_degil,buyuk,U,farkli,Z4,Yüksek
samsun,bafra,2015,5,hayir,hayir,yok,konut,yok,yok,dikdortgen,yok,Z4,Düşük
istanbul,fatih,1985,6,evet,evet,kolon,hastane,var,buyuk,kompleks,farkli,Z2,Yüksek
antalya,lara,2020,12,hayir,hayir,yok,ofis,yok,yok,dikdortgen,yok,Z1,Düşük
tekirdağ,çorlu,2005,7,hayir,evet,yok,konut,emin_degil,hafif,T,uyumlu,Z2,Düşük
izmir,karşıyaka,1990,10,evet,evet,hafif,konut,var,buyuk,L,farkli,Z4,Yüksek
istanbul,kartal,2015,15,hayir,hayir,yok,konut,yok,yok,dikdortgen,yok,Z1,Düşük
konya,selçuklu,1998,8,evet,hayir,yok,konut,var,hafif,U,yok,Z3,Düşük
muğla,datça,2012,2,hayir,hayir,yok,konut,yok,yok,dikdortgen,yok,Z1,Düşük
hatay,iskenderun,1980,6,evet,evet,kolon,okul,var,buyuk,kompleks,farkli,Z4,Yüksek
sakarya,serdivan,2018,4,hayir,hayir,yok,konut,yok,yok,dikdortgen,yok,Z3,Düşük
istanbul,pendik,2000,5,hayir,evet,yok,konut,emin_degil,hafif,T,uyumlu,Z2,Düşük
bursa,nilüfer,1992,7,evet,evet,hafif,konut,var,buyuk,L,farkli,Z3,Orta
ankara,mamak,2010,8,hayir,hayir,yok,konut,yok,yok,dikdortgen,yok,Z2,Düşük
izmir,bornova,1985,9,evet,hayir,kolon,hastane,var,buyuk,U,yok,Z4,Yüksek
istanbul, Zeytinburnu,2005,6,evet,evet,yok,konut,emin_degil,hafif,kompleks,uyumlu,Z3,Düşük
adana,yüreğir,1999,11,evet,hayir,hafif,konut,var,hafif,T,yok,Z4,Orta
samsun,atakum,2020,10,hayir,hayir,yok,konut,yok,yok,dikdortgen,yok,Z3,Düşük
eskişehir,merkez,1988,7,evet,evet,kolon,okul,var,buyuk,L,farkli,Z4,Yüksek
trabzon,ortahisar,2012,8,hayir,evet,yok,konut,yok,yok,dikdortgen,uyumlu,Z3,Düşük
istanbul,silivri,1985,5,evet,evet,hafif,konut,var,buyuk,U,farkli,Z3,Orta
antalya,konyaaltı,2015,6,hayir,hayir,yok,ofis,yok,yok,dikdortgen,yok,Z3,Düşük
bursa,osmangazi,1980,10,evet,evet,kolon,konut,var,buyuk,kompleks,farkli,Z4,Yüksek
ankara,keçiören,2008,12,hayir,hayir,yok,konut,yok,yok,dikdortgen,yok,Z2,Düşük
giresun,alucra,2000,6,evet,hayir,yok,konut,emin_degil,hafif,T,yok,Z4,Orta
izmir,balçova,1995,7,evet,evet,hafif,konut,var,buyuk,L,farkli,Z4,Yüksek
istanbul,beşiktaş,1990,5,hayir,hayir,yok,konut,yok,yok,dikdortgen,yok,Z3,Düşük
tekirdağ,marmaraereğlisi,2010,4,hayir,evet,yok,konut,var,hafif,U,uyumlu,Z3,Düşük
aydın,kuşadası,2015,3,hayir,hayir,yok,konut,yok,yok,dikdortgen,yok,Z2,Düşük
kocaeli,gebze,1985,8,evet,evet,kolon,okul,var,buyuk,dikdortgen,farkli,Z2,Yüksek
istanbul,avcılar,1998,9,evet,hayir,hafif,konut,emin_degil,hafif,T,yok,Z4,Orta
ankara,yenimahalle,2005,6,hayir,evet,yok,konut,yok,yok,dikdortgen,uyumlu,Z3,Düşük
izmir,buca,2012,7,hayir,hayir,yok,ofis,yok,yok,dikdortgen,yok,Z2,Düşük
bursa,gemlik,1975,5,evet,hayir,kolon,hastane,var,buyuk,L,yok,Z4,Yüksek
istanbul,kadıköy,2000,6,evet,evet,hafif,konut,var,hafif,U,uyumlu,Z2,Düşük
adana,seyhan,2015,12,hayir,hayir,yok,konut,yok,yok,dikdortgen,yok,Z4,Düşük
antalya,demre,2008,4,evet,hayir,yok,konut,emin_degil,yok,dikdortgen,yok,Z4,Düşük
sakarya,merkez,1992,6,evet,evet,hafif,konut,var,buyuk,kompleks,farkli,Z4,Yüksek
ankara,sincan,2018,5,hayir,hayir,yok,konut,yok,yok,dikdortgen,yok,Z3,Düşük
samsun,çarşamba,1980,10,evet,hayir,kolon,okul,var,buyuk,T,yok,Z4,Yüksek
istanbul,maltepe,2005,8,hayir,evet,yok,konut,yok,hafif,L,uyumlu,Z2,Düşük
izmir,bayraklı,1995,14,evet,hayir,hafif,ofis,var,hafif,U,yok,Z4,Orta
giresun,alucra,1985,7,evet,evet,yok,konut,emin_degil,buyuk,dikdortgen,farkli,Z4,Orta
kayseri,melikgazi,2012,10,hayir,hayir,yok,konut,yok,yok,dikdortgen,yok,Z2,Düşük
balıkesir,edremit,1999,6,evet,hayir,hafif,konut,var,hafif,kompleks,yok,Z4,Orta
ankara,gölbaşı,2015,4,hayir,hayir,yok,konut,yok,yok,dikdortgen,yok,Z4,Düşük
istanbul,tuzla,1982,5,evet,evet,kolon,okul,var,buyuk,T,farkli,Z3,Yüksek
bursa,keles,2000,3,hayir,hayir,yok,konut,yok,yok,dikdortgen,yok,Z2,Düşük
izmir,konak,2008,9,hayir,evet,yok,konut,emin_degil,hafif,L,uyumlu,Z3,Düşük
adana,yüreğir,1975,10,evet,hayir,kolon,hastane,var,buyuk,U,yok,Z4,Yüksek
istanbul, Zeytinburnu,2018,4,hayir,hayir,yok,konut,yok,yok,dikdortgen,yok,Z3,Düşük
hatay,antakya,1992,7,evet,evet,hafif,konut,var,hafif,dikdortgen,uyumlu,Z4,Orta
antalya,lara,2015,6,hayir,hayir,yok,ofis,yok,yok,dikdortgen,yok,Z1,Düşük
sakarya,serdivan,1985,5,evet,hayir,kolon,okul,var,buyuk,kompleks,yok,Z3,Yüksek
ankara,keçiören,2010,8,hayir,evet,yok,konut,yok,hafif,T,uyumlu,Z2,Düşük
istanbul,pendik,2005,12,hayir,hayir,yok,konut,yok,yok,dikdortgen,yok,Z2,Düşük
bursa,gemlik,1990,6,evet,evet,hafif,konut,var,hafif,L,farkli,Z4,Orta
izmir,bornova,2022,12,hayir,hayir,yok,konut,yok,yok,dikdortgen,yok,Z4,Düşük
istanbul,avcılar,1982,5,evet,hayir,yok,ofis,emin_degil,yok,dikdortgen,yok,Z4,Düşük
adana,çukurova,2012,11,hayir,hayir,yok,konut,yok,yok,dikdortgen,yok,Z2,Düşük
ankara,sincan,1995,7,evet,evet,hafif,konut,var,buyuk,U,uyumlu,Z3,Orta
samsun,bafra,2008,8,hayir,evet,yok,konut,var,hafif,T,uyumlu,Z4,Düşük
istanbul,bakırköy,1975,10,evet,evet,kolon,hastane,var,buyuk,kompleks,farkli,Z4,Yüksek
bursa,nilüfer,2015,6,hayir,hayir,yok,konut,yok,yok,dikdortgen,yok,Z3,Düşük
izmir,balçova,1988,5,evet,hayir,yok,konut,emin_degil,hafif,L,yok,Z4,Düşük
ankara,etimesgut,2000,9,hayir,evet,hafif,konut,var,hafif,U,uyumlu,Z4,Orta
istanbul,fatih,2010,4,hayir,hayir,yok,konut,yok,yok,dikdortgen,yok,Z2,Düşük
giresun,alucra,1992,7,evet,evet,hafif,okul,var,buyuk,dikdortgen,uyumlu,Z4,Orta
kocaeli,izmit,1980,10,evet,hayir,kolon,hastane,var,buyuk,kompleks,yok,Z4,Yüksek
istanbul, Zeytinburnu,2020,3,hayir,hayir,yok,konut,yok,yok,dikdortgen,yok,Z3,Düşük
bursa,yıldırım,2005,6,evet,hayir,yok,ofis,var,hafif,T,yok,Z2,Düşük
izmir,karşıyaka,1975,8,evet,evet,hafif,konut,emin_degil,buyuk,L,farkli,Z4,Yüksek
ankara,mamak,2012,12,hayir,hayir,yok,konut,yok,yok,dikdortgen,yok,Z2,Düşük
istanbul,pendik,1995,5,evet,evet,yok,konut,var,hafif,U,uyumlu,Z2,Düşük
samsun,canik,2008,4,hayir,hayir,yok,konut,yok,yok,dikdortgen,yok,Z2,Düşük
adana,seyhan,1988,9,evet,evet,kolon,okul,var,buyuk,kompleks,farkli,Z4,Yüksek
istanbul,kartal,2018,6,hayir,hayir,yok,konut,yok,yok,dikdortgen,yok,Z1,Düşük
bursa,osmangazi,1992,7,evet,hayir,hafif,konut,var,hafif,L,yok,Z4,Orta
izmir,bornova,2015,10,hayir,hayir,yok,ofis,yok,yok,dikdortgen,yok,Z4,Düşük
istanbul,beşiktaş,1980,5,evet,evet,kolon,hastane,var,buyuk,T,farkli,Z3,Yüksek
kayseri,sarız,1995,6,evet,hayir,yok,konut,var,yok,L,yok,Z3,Orta
samsun,bafra,1982,7,evet,evet,hafif,okul,var,buyuk,kompleks,farkli,Z4,Yüksek
istanbul,avcılar,2015,5,hayir,hayir,yok,konut,yok,yok,dikdortgen,yok,Z4,Düşük
ankara,etimesgut,1990,10,evet,hayir,kolon,hastane,var,buyuk,T,yok,Z4,Yüksek
izmir,bayraklı,2008,12,hayir,evet,yok,ofis,emin_degil,hafif,dikdortgen,uyumlu,Z4,Orta
antalya,lara,2020,4,hayir,hayir,yok,konut,yok,yok,dikdortgen,yok,Z1,Düşük
sakarya,merkez,1992,6,evet,evet,hafif,konut,var,hafif,U,farkli,Z4,Yüksek
eskişehir,odunpazarı,2018,5,hayir,hayir,yok,konut,yok,yok,dikdortgen,yok,Z2,Düşük
giresun,alucra,1985,8,evet,hayir,kolon,okul,var,buyuk,kompleks,yok,Z4,Yüksek
hatay,antakya,2005,6,evet,evet,yok,konut,emin_degil,hafif,L,uyumlu,Z4,Orta
istanbul,sarıyer,1998,4,hayir,hayir,yok,konut,yok,yok,dikdortgen,yok,Z1,Düşük
bursa,gemlik,1975,7,evet,evet,kolon,hastane,var,buyuk,T,farkli,Z4,Yüksek
adana,seyhan,2012,12,hayir,hayir,yok,ofis,yok,yok,dikdortgen,yok,Z4,Düşük
konya,selçuklu,2000,8,evet,evet,hafif,konut,var,hafif,U,uyumlu,Z3,Orta
istanbul,bakırköy,1992,9,evet,hayir,yok,konut,emin_degil,buyuk,kompleks,yok,Z4,Orta
izmir,karşıyaka,1980,10,evet,evet,kolon,okul,var,buyuk,L,farkli,Z4,Yüksek
ankara,çankaya,2015,14,hayir,hayir,yok,konut,yok,yok,dikdortgen,yok,Z1,Düşük
samsun,atakum,2010,8,hayir,evet,yok,konut,yok,hafif,dikdortgen,uyumlu,Z3,Düşük
kocaeli,izmit,1985,6,evet,evet,hafif,konut,var,buyuk,T,farkli,Z4,Yüksek
aydın,kuşadası,2018,4,hayir,hayir,yok,konut,yok,yok,dikdortgen,yok,Z2,Düşük
istanbul,fatih,1970,5,evet,evet,kolon,konut,var,hafif,dikdortgen,uyumlu,Z2,Orta
bursa,yıldırım,2005,7,hayir,evet,yok,konut,var,hafif,L,uyumlu,Z2,Düşük
adana,çukurova,2020,11,hayir,hayir,yok,konut,yok,yok,dikdortgen,yok,Z2,Düşük
giresun,alucra,1995,10,evet,hayir,hafif,hastane,var,buyuk,U,yok,Z4,Yüksek
erzincan,merkez,1988,6,evet,evet,kolon,konut,emin_degil,hafif,kompleks,farkli,Z4,Yüksek
istanbul, Zeytinburnu,2008,8,hayir,hayir,yok,ofis,yok,yok,dikdortgen,yok,Z3,Düşük
balıkesir,edremit,1982,5,evet,evet,hafif,konut,var,buyuk,T,uyumlu,Z4,Orta
ankara,mamak,2012,7,hayir,hayir,yok,konut,yok,yok,dikdortgen,yok,Z2,Düşük
mersin,toroslar,2005,6,hayir,evet,yok,konut,emin_degil,hafif,L,uyumlu,Z2,Düşük
istanbul,beşiktaş,1975,6,evet,evet,kolon,okul,var,buyuk,kompleks,farkli,Z3,Yüksek
tekirdağ,çorlu,2015,4,hayir,hayir,yok,konut,yok,yok,dikdortgen,yok,Z2,Düşük
izmir,bornova,1990,11,evet,evet,hafif,konut,var,buyuk,U,farkli,Z4,Yüksek
bursa,nilüfer,2010,8,hayir,hayir,yok,konut,yok,yok,dikdortgen,yok,Z3,Düşük
istanbul,kadıköy,1985,7,evet,evet,hafif,konut,emin_degil,hafif,dikdortgen,uyumlu,Z2,Düşük
sakarya,merkez,1980,5,evet,hayir,kolon,hastane,var,buyuk,L,yok,Z4,Yüksek
ankara,sincan,2018,6,hayir,hayir,yok,konut,yok,yok,dikdortgen,yok,Z3,Düşük
samsun,canik,1995,4,hayir,evet,yok,konut,var,hafif,T,uyumlu,Z2,Düşük
izmir,konak,2005,9,hayir,hayir,yok,ofis,yok,yok,dikdortgen,yok,Z3,Düşük
istanbul,tuzla,2012,12,hayir,hayir,yok,konut,yok,yok,dikdortgen,yok,Z3,Düşük
antalya,finike,1988,6,evet,evet,hafif,konut,var,buyuk,kompleks,farkli,Z4,Yüksek
bursa,osmangazi,2000,10,hayir,evet,yok,konut,emin_degil,hafif,U,uyumlu,Z4,Düşük
istanbul,kartal,2015,15,hayir,hayir,yok,konut,yok,yok,dikdortgen,yok,Z1,Düşük
adana,yüreğir,1978,7,evet,evet,kolon,okul,var,buyuk,L,farkli,Z4,Yüksek
ankara,keçiören,2010,8,hayir,hayir,yok,konut,yok,yok,dikdortgen,yok,Z2,Düşük
sivas,merkez,2005,6,hayir,evet,yok,konut,var,hafif,dikdortgen,uyumlu,Z2,Düşük
giresun,alucra,1968,4,hayir,hayir,yok,konut,yok,yok,dikdortgen,yok,Z4,Düşük
istanbul,pendik,1992,5,evet,evet,hafif,konut,emin_degil,hafif,T,uyumlu,Z2,Düşük
antalya,lara,2022,3,hayir,hayir,yok,konut,yok,yok,dikdortgen,yok,Z1,Düşük
bursa,keles,1985,2,hayir,hayir,yok,konut,yok,yok,dikdortgen,yok,Z2,Düşük
istanbul,zeytinburnu,1999,8,evet,evet,yok,konut,var,buyuk,kompleks,farkli,Z3,Orta
adana,yüreğir,1995,10,evet,hayir,hafif,hastane,var,hafif,U,yok,Z4,Orta
ankara,yenimahalle,2012,6,hayir,hayir,yok,konut,yok,yok,dikdortgen,yok,Z3,Düşük
izmir,balçova,1982,5,evet,evet,kolon,okul,var,buyuk,L,farkli,Z4,Yüksek
istanbul,beşiktaş,2008,7,hayir,evet,yok,ofis,emin_degil,hafif,T,uyumlu,Z3,Düşük
bursa,gemlik,2015,11,hayir,hayir,yok,konut,yok,yok,dikdortgen,yok,Z4,Düşük
izmir,buca,1998,7,evet,hayir,yok,konut,var,hafif,U,yok,Z2,Düşük
istanbul,avcılar,1970,6,evet,evet,kolon,hastane,var,buyuk,kompleks,farkli,Z4,Yüksek
antalya,konyaaltı,2018,5,hayir,hayir,yok,konut,yok,yok,dikdortgen,yok,Z3,Düşük
sakarya,merkez,2005,8,hayir,evet,yok,konut,var,hafif,dikdortgen,uyumlu,Z4,Düşük
ankara,etimesgut,1999,10,evet,hayir,hafif,konut,emin_degil,buyuk,L,yok,Z4,Orta
istanbul,fatih,1985,7,evet,evet,hafif,konut,var,hafif,T,uyumlu,Z2,Düşük
bursa, nilüfer,2012,12,hayir,hayir,yok,konut,yok,yok,dikdortgen,yok,Z3,Düşük
adana,seyhan,1982,9,evet,evet,kolon,okul,var,buyuk,U,farkli,Z4,Yüksek
istanbul, Zeytinburnu,1995,6,hayir,hayir,yok,konut,yok,yok,dikdortgen,yok,Z3,Düşük
kocaeli,gebze,2008,5,hayir,evet,yok,konut,var,hafif,L,uyumlu,Z2,Düşük
giresun,alucra,1980,11,evet,hayir,hafif,hastane,emin_degil,buyuk,kompleks,yok,Z4,Yüksek
istanbul,pendik,2015,8,hayir,hayir,yok,ofis,yok,yok,dikdortgen,yok,Z2,Düşük
izmir,bornova,1992,6,evet,evet,kolon,konut,var,hafif,T,farkli,Z4,Yüksek
ankara,keçiören,2000,10,hayir,hayir,yok,konut,var,yok,dikdortgen,yok,Z2,Düşük
bursa,osmangazi,2018,4,hayir,hayir,yok,konut,yok,yok,dikdortgen,yok,Z4,Düşük
istanbul,avcılar,1995,7,evet,evet,hafif,konut,var,buyuk,L,farkli,Z4,Yüksek
antalya,lara,2012,10,hayir,hayir,yok,konut,yok,yok,dikdortgen,yok,Z1,Düşük
sakarya,merkez,1978,5,evet,hayir,kolon,okul,emin_degil,buyuk,U,yok,Z4,Yüksek
ankara,sincan,2005,9,hayir,evet,yok,konut,var,hafif,dikdortgen,uyumlu,Z3,Düşük
izmir,konak,1990,8,evet,evet,hafif,konut,yok,buyuk,kompleks,uyumlu,Z3,Orta
istanbul,maltepe,2015,6,hayir,hayir,yok,konut,yok,yok,dikdortgen,yok,Z2,Düşük
bursa,yıldırım,1985,5,evet,hayir,yok,konut,var,hafif,T,yok,Z2,Düşük
adana,çukurova,2010,12,hayir,hayir,yok,ofis,yok,yok,dikdortgen,yok,Z2,Düşük
eskişehir,merkez,1982,10,evet,evet,kolon,hastane,var,buyuk,L,farkli,Z4,Yüksek
samsun,bafra,2005,6,hayir,hayir,yok,konut,var,yok,dikdortgen,yok,Z4,Düşük
istanbul, Zeytinburnu,1998,7,evet,evet,hafif,konut,emin_degil,hafif,U,uyumlu,Z3,Orta
izmir,bayraklı,1975,9,evet,hayir,kolon,okul,var,buyuk,kompleks,yok,Z4,Yüksek
ankara,etimesgut,2012,5,hayir,hayir,yok,konut,yok,yok,dikdortgen,yok,Z4,Düşük
bursa,nilüfer,2000,8,hayir,evet,yok,konut,var,hafif,L,uyumlu,Z3,Düşük
istanbul,bakırköy,1988,6,evet,evet,hafif,konut,yok,buyuk,T,farkli,Z4,Yüksek
giresun,alucra,2015,4,hayir,hayir,yok,konut,yok,yok,dikdortgen,yok,Z4,Düşük
istanbul,fatih,1992,7,evet,hayir,yok,ofis,var,hafif,U,yok,Z2,Düşük
antalya,konyaaltı,2010,10,hayir,hayir,yok,konut,yok,yok,dikdortgen,yok,Z3,Düşük
sakarya,serdivan,1985,5,evet,evet,kolon,hastane,var,buyuk,kompleks,farkli,Z3,Yüksek
ankara, Yenimahalle,2018,8,hayir,hayir,yok,konut,yok,yok,dikdortgen,yok,Z3,Düşük
bursa,gemlik,1995,6,evet,hayir,hafif,konut,var,hafif,L,yok,Z4,Orta
izmir,bornova,2005,12,hayir,hayir,yok,konut,yok,yok,dikdortgen,yok,Z4,Düşük
istanbul,kadıköy,1982,7,evet,evet,kolon,okul,emin_degil,buyuk,T,farkli,Z2,Yüksek
adana,yüreğir,2012,11,hayir,hayir,yok,ofis,yok,yok,dikdortgen,yok,Z4,Düşük
eskişehir,odunpazarı,1990,5,evet,hayir,yok,konut,var,hafif,U,yok,Z2,Düşük
istanbul,avcılar,2020,4,hayir,hayir,yok,konut,yok,yok,dikdortgen,yok,Z4,Düşük
antalya,lara,1985,6,evet,evet,hafif,konut,var,buyuk,dikdortgen,uyumlu,Z1,Düşük
sakarya,merkez,2010,12,hayir,hayir,yok,konut,yok,yok,dikdortgen,yok,Z4,Düşük
ankara,mamak,1998,7,evet,evet,hafif,konut,var,hafif,L,farkli,Z2,Düşük
izmir,karşıyaka,1975,10,evet,hayir,kolon,hastane,var,buyuk,U,yok,Z4,Yüksek
izmir,bayraklı,1995,12,evet,evet,hafif,konut,var,buyuk,L,farkli,Z4,Yüksek
istanbul,avcılar,1988,7,evet,hayir,kolon,hastane,emin_degil,hafif,kompleks,yok,Z4,Yüksek
ankara,etimesgut,2005,10,hayir,evet,yok,konut,yok,buyuk,T,uyumlu,Z4,Orta
hatay,antakya,1992,8,evet,evet,hafif,okul,var,buyuk,U,farkli,Z4,Yüksek
bursa,gemlik,1982,5,evet,hayir,kolon,konut,var,hafif,dikdortgen,yok,Z4,Yüksek
sakarya,merkez,2012,6,hayir,hayir,yok,konut,yok,yok,dikdortgen,yok,Z4,Düşük
giresun,alucra,2000,9,evet,evet,hafif,hastane,emin_degil,buyuk,kompleks,farkli,Z4,Yüksek
antalya,finike,1990,4,evet,hayir,yok,konut,var,hafif,L,yok,Z4,Orta
kocaeli,izmit,1985,12,evet,evet,kolon,okul,var,buyuk,T,farkli,Z4,Yüksek
eskişehir,merkez,2015,3,hayir,hayir,yok,konut,yok,yok,dikdortgen,yok,Z4,Düşük
istanbul,bakırköy,1994,10,evet,evet,hafif,ofis,var,buyuk,U,uyumlu,Z4,Yüksek
aydın,efeler,1978,6,evet,hayir,kolon,okul,emin_degil,hafif,kompleks,yok,Z4,Yüksek
izmir,bornova,2022,15,hayir,hayir,yok,konut,yok,yok,dikdortgen,yok,Z4,Düşük
adana,seyhan,1985,9,evet,evet,hafif,konut,var,buyuk,L,farkli,Z4,Yüksek
istanbul,kartal,2010,12,hayir,hayir,yok,ofis,yok,yok,dikdortgen,yok,Z1,Düşük
ankara,çankaya,1995,6,hayir,evet,yok,konut,emin_degil,hafif,dikdortgen,uyumlu,Z1,Düşük
balıkesir,edremit,1980,5,evet,hayir,kolon,konut,var,buyuk,T,yok,Z4,Yüksek
istanbul,fatih,2015,4,hayir,hayir,yok,konut,yok,yok,dikdortgen,yok,Z2,Düşük
izmir,karaburun,1992,2,hayir,hayir,yok,konut,var,yok,L,yok,Z1,Düşük
bursa,yıldırım,2005,8,hayir,evet,yok,konut,yok,hafif,U,uyumlu,Z2,Düşük
hatay,iskenderun,1988,10,evet,evet,kolon,hastane,var,buyuk,kompleks,farkli,Z4,Yüksek
tekirdağ,çorlu,2012,7,hayir,hayir,yok,konut,yok,yok,dikdortgen,yok,Z2,Düşük
istanbul,kadıköy,1995,6,evet,evet,hafif,konut,emin_degil,hafif,dikdortgen,uyumlu,Z2,Düşük
antalya,lara,2020,5,hayir,hayir,yok,konut,yok,yok,dikdortgen,yok,Z1,Düşük
sakarya,serdivan,2008,4,hayir,evet,yok,konut,var,hafif,L,uyumlu,Z3,Düşük
ankara,keçiören,1982,5,evet,hayir,kolon,okul,var,buyuk,U,yok,Z2,Orta
izmir,konak,2000,9,evet,evet,hafif,konut,emin_degil,hafif,T,farkli,Z3,Orta
istanbul,pendik,2015,12,hayir,hayir,yok,ofis,yok,yok,dikdortgen,yok,Z2,Düşük
bursa,osmangazi,1990,11,evet,evet,kolon,konut,var,buyuk,kompleks,farkli,Z4,Yüksek
adana,çukurova,2018,4,hayir,hayir,yok,konut,yok,yok,dikdortgen,yok,Z2,Düşük
erzincan,merkez,1992,8,evet,evet,hafif,konut,emin_degil,buyuk,L,uyumlu,Z4,Orta
samsun,bafra,1980,6,evet,hayir,kolon,okul,var,buyuk,U,yok,Z4,Yüksek
istanbul, Zeytinburnu,2012,5,hayir,hayir,yok,konut,yok,yok,dikdortgen,yok,Z3,Düşük
izmir,balçova,1995,7,evet,evet,hafif,konut,var,buyuk,L,farkli,Z4,Yüksek
ankara,mamak,2005,6,hayir,evet,yok,konut,yok,hafif,dikdortgen,uyumlu,Z2,Düşük
giresun,alucra,1975,4,hayir,hayir,yok,konut,var,yok,dikdortgen,yok,Z4,Düşük
istanbul,avcılar,2008,10,evet,hayir,yok,ofis,emin_degil,hafif,T,yok,Z4,Orta
bursa,nilüfer,2015,8,hayir,hayir,yok,konut,yok,yok,dikdortgen,yok,Z3,Düşük
antalya,konyaaltı,1998,5,evet,evet,hafif,konut,var,hafif,U,uyumlu,Z3,Düşük
sakarya,merkez,1985,12,evet,hayir,kolon,hastane,var,buyuk,kompleks,yok,Z4,Yüksek
ankara,yenimahalle,2010,4,hayir,hayir,yok,konut,yok,yok,dikdortgen,yok,Z3,Düşük
izmir,buca,1992,7,evet,evet,hafif,konut,emin_degil,hafif,L,farkli,Z2,Düşük
istanbul,maltepe,2005,6,hayir,hayir,yok,konut,var,hafif,dikdortgen,yok,Z2,Düşük
muğla,datça,2020,3,hayir,hayir,yok,konut,yok,yok,dikdortgen,yok,Z1,Düşük
adana,yüreğir,1980,11,evet,evet,kolon,okul,var,buyuk,T,farkli,Z4,Yüksek
eskişehir,merkez,1995,8,evet,hayir,hafif,konut,emin_degil,buyuk,U,yok,Z4,Orta
istanbul,beşiktaş,2012,5,hayir,hayir,yok,konut,yok,yok,dikdortgen,yok,Z3,Düşük
bursa,keles,1988,4,hayir,evet,yok,konut,var,hafif,dikdortgen,uyumlu,Z2,Düşük
samsun,canik,2000,7,hayir,hayir,yok,konut,yok,yok,dikdortgen,yok,Z2,Düşük
istanbul,tuzla,1990,6,evet,evet,hafif,konut,var,hafif,L,farkli,Z3,Orta
izmir,bayraklı,2021,12,hayir,hayir,yok,konut,yok,yok,dikdortgen,yok,Z4,Düşük
antalya,finike,1982,5,evet,hayir,kolon,hastane,var,buyuk,kompleks,yok,Z4,Yüksek
ankara,sincan,2010,8,hayir,evet,yok,konut,emin_degil,hafif,dikdortgen,uyumlu,Z3,Düşük
istanbul,sarıyer,2022,4,hayir,hayir,yok,konut,yok,yok,dikdortgen,yok,Z1,Düşük
bursa,gemlik,1995,7,evet,evet,hafif,konut,var,hafif,T,farkli,Z4,Orta
hatay,antakya,2005,11,evet,hayir,yok,konut,emin_degil,buyuk,U,yok,Z4,Orta
giresun,alucra,1985,6,hayir,hayir,yok,konut,var,yok,dikdortgen,yok,Z4,Düşük
ankara,etimesgut,1998,10,evet,evet,kolon,okul,var,buyuk,L,farkli,Z4,Yüksek
istanbul,pendik,2012,5,hayir,evet,yok,konut,yok,hafif,dikdortgen,uyumlu,Z2,Düşük
izmir,bornova,2000,12,hayir,hayir,yok,ofis,yok,yok,dikdortgen,yok,Z4,Düşük
bursa, nilüfer,1985,8,evet,evet,hafif,konut,var,buyuk,kompleks,farkli,Z3,Yüksek
adana,seyhan,2015,10,hayir,hayir,yok,konut,yok,yok,dikdortgen,yok,Z4,Düşük
kocaeli,izmit,1992,7,evet,hayir,yok,konut,emin_degil,hafif,T,yok,Z4,Düşük
istanbul, Zeytinburnu,1980,6,evet,evet,kolon,hastane,var,buyuk,U,farkli,Z3,Yüksek
antalya,lara,2018,4,hayir,hayir,yok,konut,yok,yok,dikdortgen,yok,Z1,Düşük
sakarya,merkez,2005,6,hayir,evet,yok,konut,var,hafif,L,uyumlu,Z4,Düşük
ankara,çankaya,2012,12,hayir,hayir,yok,ofis,yok,yok,dikdortgen,yok,Z1,Düşük
izmir,konak,1995,5,evet,evet,hafif,konut,emin_degil,hafif,dikdortgen,uyumlu,Z3,Düşük
istanbul,avcılar,1982,8,evet,hayir,kolon,okul,var,buyuk,T,yok,Z4,Yüksek
bursa,osmangazi,2010,7,hayir,hayir,yok,konut,yok,yok,dikdortgen,yok,Z4,Düşük
samsun,bafra,1992,6,evet,evet,hafif,konut,var,hafif,U,farkli,Z4,Orta
manisa,demirci,2005,5,hayir,hayir,yok,konut,yok,yok,dikdortgen,yok,Z2,Düşük
giresun,alucra,1988,9,evet,hayir,yok,ofis,emin_degil,buyuk,kompleks,yok,Z4,Orta
antalya,konyaaltı,2015,4,hayir,hayir,yok,konut,yok,yok,dikdortgen,yok,Z3,Düşük
istanbul,fatih,1975,10,evet,evet,kolon,hastane,var,buyuk,L,farkli,Z2,Yüksek
ankara, Yenimahalle,2008,8,hayir,evet,yok,konut,var,hafif,T,uyumlu,Z3,Düşük
izmir,karşıyaka,1998,6,evet,hayir,yok,konut,emin_degil,hafif,U,yok,Z4,Düşük
istanbul, Zeytinburnu,1985,7,evet,evet,hafif,konut,var,buyuk,dikdortgen,farkli,Z3,Orta
bursa,yıldırım,2012,12,hayir,hayir,yok,konut,yok,yok,dikdortgen,yok,Z2,Düşük
adana,yüreğir,1995,5,evet,evet,hafif,konut,var,hafif,kompleks,uyumlu,Z4,Orta
eskişehir,merkez,2000,6,hayir,hayir,yok,konut,yok,yok,dikdortgen,yok,Z4,Düşük
istanbul,avcılar,2015,10,hayir,hayir,yok,ofis,yok,yok,dikdortgen,yok,Z4,Düşük
erzincan,merkez,1982,5,evet,hayir,kolon,okul,var,buyuk,L,yok,Z4,Yüksek
antalya,lara,2022,4,hayir,hayir,yok,konut,yok,yok,dikdortgen,yok,Z1,Düşük
sakarya,serdivan,1990,4,hayir,evet,yok,konut,emin_degil,hafif,T,uyumlu,Z3,Düşük
ankara,mamak,2005,12,hayir,hayir,yok,konut,yok,yok,dikdortgen,yok,Z2,Düşük
istanbul, Zeytinburnu,1978,6,evet,evet,hafif,konut,var,buyuk,U,farkli,Z3,Orta
bursa,gemlik,2008,7,hayir,hayir,yok,konut,yok,yok,dikdortgen,yok,Z4,Düşük
izmir,bornova,1985,10,evet,evet,kolon,hastane,var,buyuk,kompleks,farkli,Z4,Yüksek
ankara,sincan,2015,5,hayir,hayir,yok,konut,yok,yok,dikdortgen,yok,Z3,Düşük
istanbul,beşiktaş,1992,6,evet,evet,hafif,konut,emin_degil,hafif,L,uyumlu,Z3,Düşük
samsun,canik,1988,8,evet,hayir,yok,konut,var,hafif,T,yok,Z2,Düşük
adana,yüreğir,2010,12,hayir,hayir,yok,ofis,yok,yok,dikdortgen,yok,Z4,Düşük
eskişehir,odunpazarı,1975,5,evet,hayir,kolon,okul,var,buyuk,U,yok,Z2,Orta
istanbul,avcılar,2002,4,hayir,evet,yok,konut,emin_degil,yok,dikdortgen,uyumlu,Z4,Düşük
bursa,nilüfer,1995,6,evet,hayir,hafif,konut,var,hafif,kompleks,yok,Z3,Orta
izmir,buca,2012,8,hayir,hayir,yok,konut,yok,yok,dikdortgen,yok,Z2,Düşük
istanbul,kadıköy,1982,10,evet,evet,kolon,hastane,var,buyuk,L,farkli,Z2,Yüksek
ankara,keçiören,2005,7,hayir,hayir,yok,konut,yok,yok,dikdortgen,yok,Z2,Düşük
istanbul,pendik,1998,6,evet,evet,hafif,konut,var,hafif,T,uyumlu,Z2,Düşük
hatay,antakya,1985,7,evet,evet,hafif,konut,var,buyuk,L,farkli,Z4,Yüksek
istanbul,bakırköy,1992,8,evet,hayir,kolon,okul,var,hafif,kompleks,yok,Z4,Yüksek
ankara,çankaya,2019,10,hayir,hayir,yok,ofis,yok,yok,dikdortgen,yok,Z1,Düşük
izmir,konak,1978,6,evet,evet,hafif,konut,emin_degil,buyuk,T,uyumlu,Z3,Orta
bursa,gemlik,1990,5,evet,evet,kolon,konut,var,hafif,U,farkli,Z4,Yüksek
antalya,lara,2015,3,hayir,hayir,yok,konut,yok,yok,dikdortgen,yok,Z1,Düşük
sakarya,merkez,1999,4,evet,evet,hafif,konut,yok,hafif,dikdortgen,uyumlu,Z4,Orta
eskişehir,odunpazarı,2010,7,hayir,hayir,yok,konut,yok,yok,dikdortgen,yok,Z2,Düşük
giresun,alucra,1982,5,evet,hayir,kolon,hastane,var,buyuk,kompleks,yok,Z4,Yüksek
istanbul,avcılar,2005,8,evet,evet,yok,konut,emin_degil,hafif,L,uyumlu,Z4,Orta
kocaeli,izmit,1988,9,evet,hayir,hafif,ofis,var,buyuk,T,yok,Z4,Yüksek
adana,yüreğir,2012,11,hayir,hayir,yok,konut,yok,yok,dikdortgen,yok,Z4,Düşük
bursa,nilüfer,2000,7,hayir,evet,yok,konut,var,hafif,U,uyumlu,Z3,Düşük
izmir,karşıyaka,1995,8,evet,evet,hafif,konut,emin_degil,buyuk,L,farkli,Z4,Yüksek
ankara,etimesgut,1992,9,evet,evet,kolon,okul,var,hafif,kompleks,uyumlu,Z4,Yüksek
istanbul,fatih,1975,5,evet,evet,hafif,konut,var,hafif,dikdortgen,farkli,Z2,Orta
aydın,kuşadası,2018,4,hayir,hayir,yok,konut,yok,yok,dikdortgen,yok,Z2,Düşük
samsun,atakum,2012,12,hayir,hayir,yok,konut,yok,yok,dikdortgen,yok,Z3,Düşük
tekirdağ,çorlu,1998,6,evet,hayir,yok,konut,emin_degil,hafif,T,yok,Z2,Düşük
istanbul,sarıyer,2005,4,hayir,hayir,yok,konut,yok,yok,dikdortgen,yok,Z1,Düşük
konya,selçuklu,1995,9,evet,evet,hafif,konut,var,hafif,U,uyumlu,Z3,Orta
muğla,datça,2015,2,hayir,hayir,yok,konut,yok,yok,dikdortgen,yok,Z1,Düşük
istanbul,tuzla,1990,5,evet,evet,yok,konut,var,hafif,L,farkli,Z3,Orta
izmir,bayraklı,1985,11,evet,hayir,kolon,hastane,var,buyuk,kompleks,yok,Z4,Yüksek
ankara,gölbaşı,2010,4,hayir,hayir,yok,konut,yok,yok,dikdortgen,yok,Z4,Düşük
bursa,osmangazi,1980,8,evet,evet,hafif,konut,var,buyuk,T,farkli,Z4,Yüksek
adana,seyhan,2000,10,hayir,hayir,yok,ofis,yok,yok,dikdortgen,yok,Z4,Düşük
erzincan,merkez,1995,7,evet,evet,hafif,konut,emin_degil,hafif,L,uyumlu,Z4,Orta
istanbul,kadıköy,1998,12,hayir,evet,yok,konut,yok,hafif,dikdortgen,uyumlu,Z2,Düşük
antalya,finike,1988,6,evet,hayir,kolon,okul,var,buyuk,U,yok,Z4,Yüksek
sakarya,serdivan,2015,5,hayir,evet,yok,konut,var,hafif,dikdortgen,uyumlu,Z3,Düşük
ankara,mamak,2008,8,hayir,hayir,yok,konut,yok,yok,dikdortgen,yok,Z2,Düşük
izmir,bornova,1992,10,evet,evet,hafif,konut,var,buyuk,kompleks,farkli,Z4,Yüksek
istanbul,maltepe,2005,7,hayir,evet,yok,konut,emin_degil,hafif,T,uyumlu,Z2,Düşük
bursa,yıldırım,1995,6,evet,evet,yok,konut,var,hafif,L,uyumlu,Z2,Düşük
samsun,bafra,1985,5,evet,hayir,kolon,konut,var,hafif,dikdortgen,yok,Z4,Yüksek
hatay,iskenderun,1990,9,evet,evet,hafif,hastane,var,buyuk,U,farkli,Z4,Yüksek
istanbul,pendik,2010,10,hayir,hayir,yok,ofis,yok,yok,dikdortgen,yok,Z2,Düşük
eskişehir,merkez,1982,8,evet,evet,hafif,konut,emin_degil,buyuk,L,farkli,Z4,Yüksek
adana,çukurova,2018,12,hayir,hayir,yok,konut,yok,yok,dikdortgen,yok,Z2,Düşük
istanbul,beşiktaş,1988,6,evet,evet,kolon,okul,var,hafif,T,uyumlu,Z3,Yüksek
izmir,balçova,2005,8,hayir,hayir,yok,konut,yok,yok,dikdortgen,yok,Z4,Düşük
ankara,yenimahalle,2012,7,hayir,hayir,yok,konut,yok,yok,dikdortgen,yok,Z3,Düşük
kayseri,melikgazi,2000,9,hayir,evet,yok,konut,var,hafif,U,uyumlu,Z2,Düşük
antalya,konyaaltı,2015,5,hayir,hayir,yok,konut,yok,yok,dikdortgen,yok,Z3,Düşük
bursa,gemlik,1982,6,evet,evet,hafif,konut,var,buyuk,kompleks,farkli,Z4,Yüksek
istanbul, Zeytinburnu,1995,7,evet,evet,yok,konut,emin_degil,hafif,L,uyumlu,Z3,Orta
giresun,alucra,2010,10,hayir,hayir,yok,konut,yok,yok,dikdortgen,yok,Z4,Düşük
izmir,buca,1998,6,evet,evet,hafif,konut,var,hafif,T,uyumlu,Z2,Orta
ankara,sincan,2005,8,hayir,hayir,yok,konut,yok,yok,dikdortgen,yok,Z3,Düşük
istanbul,avcılar,1980,7,evet,hayir,kolon,hastane,var,buyuk,U,yok,Z4,Yüksek
yalova,merkez,1992,5,evet,hayir,hafif,konut,emin_degil,buyuk,L,yok,Z4,Yüksek
bursa,keles,1990,3,hayir,hayir,yok,konut,yok,yok,dikdortgen,yok,Z2,Düşük
istanbul,kartal,2012,14,hayir,hayir,yok,konut,yok,yok,dikdortgen,yok,Z1,Düşük
adana,yüreğir,1985,10,evet,evet,hafif,konut,var,hafif,kompleks,farkli,Z4,Yüksek
ankara,keçiören,2008,9,hayir,evet,yok,konut,yok,hafif,dikdortgen,uyumlu,Z2,Düşük
izmir,konak,1995,8,evet,evet,yok,ofis,emin_degil,hafif,T,uyumlu,Z3,Orta
istanbul,bakırköy,1975,7,evet,evet,kolon,konut,var,buyuk,L,farkli,Z4,Yüksek
antalya,demre,2005,4,evet,hayir,yok,konut,var,yok,U,yok,Z4,Düşük
sakarya,merkez,2010,8,hayir,hayir,yok,konut,yok,yok,dikdortgen,yok,Z4,Düşük
manisa,demirci,1985,5,evet,evet,yok,konut,var,hafif,dikdortgen,uyumlu,Z2,Düşük
istanbul,tuzla,2015,10,hayir,hayir,yok,konut,yok,yok,dikdortgen,yok,Z3,Düşük
ankara,çankaya,1988,7,hayir,evet,yok,konut,emin_degil,hafif,L,uyumlu,Z1,Düşük
izmir,bayraklı,2000,12,hayir,hayir,yok,ofis,yok,yok,dikdortgen,yok,Z4,Düşük
bursa,nilüfer,2018,6,hayir,hayir,yok,konut,yok,yok,dikdortgen,yok,Z3,Düşük
hatay,antakya,1998,8,evet,evet,hafif,konut,var,buyuk,kompleks,farkli,Z4,Yüksek
istanbul,sarıyer,2010,4,hayir,hayir,yok,konut,yok,yok,dikdortgen,yok,Z1,Düşük
kocaeli,gebze,2005,6,hayir,evet,yok,konut,var,hafif,T,uyumlu,Z2,Düşük
antalya,lara,2018,5,hayir,hayir,yok,konut,yok,yok,dikdortgen,yok,Z1,Düşük
giresun,çamoluk,1990,8,evet,hayir,hafif,okul,var,buyuk,U,yok,Z4,Yüksek
istanbul,avcılar,2002,5,hayir,evet,yok,konut,emin_degil,hafif,L,uyumlu,Z4,Düşük
ankara,mamak,2015,10,hayir,hayir,yok,konut,yok,yok,dikdortgen,yok,Z2,Düşük
izmir,bornova,2010,12,hayir,hayir,yok,konut,yok,yok,dikdortgen,yok,Z4,Düşük
bursa,gemlik,1988,7,evet,evet,hafif,konut,var,hafif,kompleks,farkli,Z4,Yüksek
istanbul,kadıköy,1992,8,evet,evet,yok,konut,emin_degil,hafif,T,uyumlu,Z2,Düşük
adana,seyhan,1978,9,evet,evet,kolon,hastane,var,buyuk,L,farkli,Z4,Yüksek
samsun,çarşamba,2005,6,hayir,hayir,yok,konut,yok,yok,dikdortgen,yok,Z4,Düşük
istanbul,pendik,2000,7,hayir,evet,yok,konut,var,hafif,U,uyumlu,Z2,Düşük
ankara,etimesgut,2012,6,hayir,hayir,yok,konut,yok,yok,dikdortgen,yok,Z4,Düşük
izmir,karşıyaka,1982,9,evet,evet,hafif,konut,emin_degil,buyuk,dikdortgen,farkli,Z4,Yüksek
bursa,osmangazi,2015,12,hayir,hayir,yok,konut,yok,yok,dikdortgen,yok,Z4,Düşük
istanbul, Zeytinburnu,2008,5,hayir,hayir,yok,konut,yok,yok,dikdortgen,yok,Z3,Düşük
eskişehir,merkez,1995,7,evet,hayir,hafif,okul,var,buyuk,T,yok,Z4,Yüksek
antalya,finike,2020,4,hayir,hayir,yok,konut,yok,yok,dikdortgen,yok,Z4,Düşük
sakarya,serdivan,1992,5,evet,evet,hafif,konut,emin_degil,hafif,kompleks,uyumlu,Z3,Orta
ankara,sincan,2018,6,hayir,hayir,yok,konut,yok,yok,dikdortgen,yok,Z3,Düşük
istanbul,fatih,1985,6,evet,evet,kolon,konut,var,hafif,L,farkli,Z2,Yüksek
izmir,buca,2005,8,hayir,evet,yok,konut,var,hafif,U,uyumlu,Z2,Düşük
bursa,yıldırım,2010,5,hayir,hayir,yok,konut,yok,yok,dikdortgen,yok,Z2,Düşük
adana,çukurova,2008,11,hayir,hayir,yok,ofis,yok,yok,dikdortgen,yok,Z2,Düşük
istanbul,maltepe,1998,7,evet,evet,hafif,konut,emin_degil,hafif,T,uyumlu,Z2,Orta
giresun,alucra,1975,5,evet,hayir,kolon,okul,var,buyuk,dikdortgen,yok,Z4,Yüksek
ankara,yenimahalle,2000,8,hayir,evet,yok,konut,var,hafif,L,uyumlu,Z3,Düşük
izmir,balçova,1990,6,evet,evet,hafif,konut,var,buyuk,U,farkli,Z4,Yüksek
istanbul,bakırköy,2012,9,hayir,hayir,yok,konut,yok,yok,dikdortgen,yok,Z4,Düşük
bursa,nilüfer,1992,7,evet,evet,hafif,konut,emin_degil,hafif,kompleks,uyumlu,Z3,Orta
antalya,konyaaltı,2005,6,evet,hayir,yok,konut,var,hafif,T,yok,Z3,Düşük
hatay,antakya,1995,8,evet,evet,kolon,hastane,var,buyuk,L,farkli,Z4,Yüksek
istanbul,avcılar,2018,5,hayir,hayir,yok,konut,yok,yok,dikdortgen,yok,Z4,Düşük
ankara,keçiören,1998,8,hayir,evet,yok,konut,yok,hafif,U,uyumlu,Z2,Düşük
bursa,gemlik,1985,6,evet,evet,hafif,konut,var,buyuk,L,farkli,Z4,Yüksek
izmir,karşıyaka,1992,9,evet,evet,hafif,konut,emin_degil,hafif,dikdortgen,uyumlu,Z4,Orta
istanbul,sarıyer,2015,4,hayir,hayir,yok,konut,yok,yok,dikdortgen,yok,Z1,Düşük
ankara,sincan,2008,8,hayir,evet,yok,konut,yok,hafif,U,uyumlu,Z3,Düşük
adana,seyhan,1975,10,evet,hayir,kolon,hastane,var,buyuk,kompleks,yok,Z4,Yüksek
giresun,alucra,2005,5,hayir,hayir,yok,konut,yok,yok,dikdortgen,yok,Z4,Düşük
sakarya,merkez,1998,5,evet,evet,hafif,konut,var,hafif,T,farkli,Z4,Yüksek
antalya,finike,1990,4,evet,hayir,yok,konut,var,hafif,L,yok,Z4,Orta
kocaeli,gebze,2012,10,hayir,hayir,yok,ofis,yok,yok,dikdortgen,yok,Z2,Düşük
istanbul,bakırköy,1988,7,evet,evet,hafif,konut,var,buyuk,U,farkli,Z4,Yüksek
eskişehir,merkez,2018,6,hayir,hayir,yok,konut,yok,yok,dikdortgen,yok,Z4,Düşük
hatay,antakya,1995,8,evet,evet,kolon,okul,var,buyuk,kompleks,farkli,Z4,Yüksek
istanbul,avcılar,2005,6,evet,evet,yok,konut,emin_degil,hafif,T,uyumlu,Z4,Orta
bursa,nilüfer,1990,7,evet,evet,hafif,konut,var,hafif,L,farkli,Z3,Yüksek
izmir,bayraklı,2010,12,hayir,hayir,yok,ofis,yok,yok,dikdortgen,yok,Z4,Düşük
ankara,mamak,1985,5,evet,evet,hafif,konut,var,hafif,dikdortgen,uyumlu,Z2,Orta
aydın,efeler,1980,6,evet,hayir,kolon,hastane,var,buyuk,U,yok,Z4,Yüksek
istanbul,pendik,2015,10,hayir,hayir,yok,konut,yok,yok,dikdortgen,yok,Z2,Düşük
tekirdağ,çorlu,2000,7,hayir,evet,yok,konut,emin_degil,hafif,dikdortgen,uyumlu,Z2,Düşük
erzincan,merkez,1992,5,evet,evet,hafif,konut,var,buyuk,L,farkli,Z4,Yüksek
istanbul,tuzla,2008,9,hayir,hayir,yok,konut,yok,yok,dikdortgen,yok,Z3,Düşük
samsun,atakum,2015,11,hayir,hayir,yok,konut,yok,yok,dikdortgen,yok,Z3,Düşük
adana,yüreğir,2005,10,evet,hayir,yok,konut,emin_degil,hafif,T,yok,Z4,Orta
izmir,bornova,1985,8,evet,evet,kolon,okul,var,buyuk,kompleks,farkli,Z4,Yüksek
istanbul,fatih,1970,5,evet,evet,hafif,konut,var,hafif,dikdortgen,farkli,Z2,Yüksek
bursa,osmangazi,2012,12,hayir,hayir,yok,konut,yok,yok,dikdortgen,yok,Z4,Düşük
antalya,lara,1995,5,hayir,evet,yok,konut,yok,yok,dikdortgen,uyumlu,Z1,Düşük
ankara,çankaya,1990,8,evet,evet,hafif,konut,emin_degil,hafif,L,uyumlu,Z1,Orta
manisa,merkez,2000,6,evet,evet,yok,konut,var,hafif,U,uyumlu,Z3,Orta
istanbul,kadıköy,1980,7,evet,evet,kolon,konut,var,buyuk,T,farkli,Z2,Yüksek
kocaeli,izmit,1995,8,evet,hayir,hafif,konut,emin_degil,buyuk,kompleks,yok,Z4,Yüksek
izmir,buca,2010,7,hayir,hayir,yok,konut,yok,yok,dikdortgen,yok,Z2,Düşük
samsun,bafra,1988,5,evet,hayir,yok,konut,var,hafif,L,yok,Z4,Orta
istanbul,beşiktaş,1995,6,evet,evet,hafif,konut,emin_degil,hafif,dikdortgen,uyumlu,Z3,Orta
ankara,etimesgut,2012,10,hayir,hayir,yok,konut,yok,yok,dikdortgen,yok,Z4,Düşük
adana,çukurova,2018,13,hayir,hayir,yok,ofis,yok,yok,dikdortgen,yok,Z2,Düşük
bursa,yıldırım,1990,5,evet,evet,hafif,konut,var,hafif,dikdortgen,uyumlu,Z2,Orta
istanbul, Zeytinburnu,2000,7,evet,evet,yok,konut,emin_degil,hafif,U,uyumlu,Z3,Orta
konya,selçuklu,2015,10,hayir,hayir,yok,konut,yok,yok,dikdortgen,yok,Z3,Düşük
giresun,alucra,1978,6,evet,hayir,kolon,hastane,var,buyuk,kompleks,yok,Z4,Yüksek
izmir,konak,1982,8,evet,evet,hafif,konut,var,buyuk,T,farkli,Z3,Yüksek
ankara,yenimahalle,2005,7,hayir,evet,yok,konut,yok,hafif,L,uyumlu,Z3,Düşük
istanbul,maltepe,1992,6,evet,evet,yok,konut,emin_degil,hafif,dikdortgen,uyumlu,Z2,Düşük
antalya,konyaaltı,2008,5,evet,hayir,yok,konut,var,hafif,U,yok,Z3,Orta
sakarya,merkez,2010,9,hayir,hayir,yok,konut,yok,yok,dikdortgen,yok,Z4,Düşük
istanbul,avcılar,1975,7,evet,evet,kolon,konut,var,buyuk,L,farkli,Z4,Yüksek
bursa,gemlik,2005,8,evet,hayir,yok,konut,emin_degil,hafif,T,yok,Z4,Orta
izmir,balçova,1995,6,evet,evet,hafif,konut,var,buyuk,U,farkli,Z4,Yüksek
hatay,iskenderun,2000,9,evet,hayir,yok,konut,var,hafif,kompleks,yok,Z4,Yüksek
ankara,keçiören,2012,8,hayir,hayir,yok,konut,yok,yok,dikdortgen,yok,Z2,Düşük
istanbul,kartal,2018,16,hayir,hayir,yok,konut,yok,yok,dikdortgen,yok,Z1,Düşük
tekirdağ,marmaraereğlisi,2008,4,hayir,evet,yok,konut,var,hafif,dikdortgen,uyumlu,Z3,Düşük
izmir,karşıyaka,1988,9,evet,evet,hafif,konut,var,buyuk,L,farkli,Z4,Yüksek
bursa,keles,1995,3,hayir,hayir,yok,konut,yok,yok,dikdortgen,yok,Z2,Düşük
adana,yüreğir,1990,8,evet,evet,hafif,konut,emin_degil,buyuk,T,uyumlu,Z4,Yüksek
istanbul,bakırköy,2015,10,hayir,hayir,yok,ofis,yok,yok,dikdortgen,yok,Z4,Düşük
antalya,demre,2010,3,evet,hayir,yok,konut,yok,yok,dikdortgen,yok,Z4,Düşük
eskişehir,odunpazarı,2000,6,hayir,evet,yok,konut,yok,hafif,U,uyumlu,Z2,Düşük
samsun,çarşamba,1995,5,evet,hayir,hafif,konut,var,hafif,L,yok,Z4,Yüksek
istanbul,avcılar,1999,8,evet,hayir,hafif,konut,emin_degil,buyuk,T,yok,Z4,Yüksek
kocaeli,gebze,2010,6,hayir,hayir,yok,konut,yok,yok,dikdortgen,yok,Z2,Düşük
ankara,gölbaşı,2015,4,hayir,hayir,yok,konut,yok,yok,dikdortgen,yok,Z4,Düşük
izmir,bornova,1995,11,evet,evet,hafif,konut,var,hafif,kompleks,farkli,Z4,Yüksek
bursa,nilüfer,2005,7,evet,hayir,yok,konut,emin_degil,hafif,dikdortgen,yok,Z3,Düşük
istanbul,sarıyer,2000,4,hayir,hayir,yok,konut,yok,yok,dikdortgen,yok,Z1,Düşük
giresun,alucra,1990,8,evet,evet,hafif,okul,var,buyuk,L,farkli,Z4,Yüksek
adana,seyhan,2010,11,hayir,hayir,yok,konut,yok,yok,dikdortgen,yok,Z4,Düşük
istanbul,tuzla,1995,5,evet,evet,yok,konut,var,hafif,U,uyumlu,Z3,Orta
izmir,buca,2015,8,hayir,hayir,yok,konut,yok,yok,dikdortgen,yok,Z2,Düşük
ankara,sincan,2000,7,hayir,evet,yok,konut,var,hafif,L,uyumlu,Z3,Düşük
istanbul,kadıköy,2012,12,hayir,hayir,yok,ofis,yok,yok,dikdortgen,yok,Z2,Düşük
bursa,gemlik,1980,6,evet,evet,kolon,konut,var,buyuk,T,farkli,Z4,Yüksek
antalya,lara,2018,5,hayir,hayir,yok,konut,yok,yok,dikdortgen,yok,Z1,Düşük
istanbul,pendik,2005,9,hayir,evet,yok,konut,emin_degil,hafif,dikdortgen,uyumlu,Z2,Düşük
izmir,bayraklı,1988,10,evet,evet,hafif,hastane,var,buyuk,kompleks,farkli,Z4,Yüksek
ankara,mamak,2010,8,hayir,hayir,yok,konut,yok,yok,dikdortgen,yok,Z2,Düşük
sakarya,merkez,1982,5,evet,hayir,kolon,okul,var,buyuk,U,yok,Z4,Yüksek
istanbul, Zeytinburnu,2015,9,hayir,hayir,yok,konut,yok,yok,dikdortgen,yok,Z3,Düşük
bursa,osmangazi,1985,8,evet,evet,hafif,konut,var,buyuk,L,farkli,Z4,Yüksek
izmir,konak,2000,8,evet,hayir,yok,konut,emin_degil,hafif,T,yok,Z3,Orta
adana,yüreğir,2015,10,hayir,hayir,yok,konut,yok,yok,dikdortgen,yok,Z4,Düşük
istanbul,avcılar,2008,6,evet,evet,yok,konut,emin_degil,hafif,U,uyumlu,Z4,Orta
hatay,antakya,1990,7,evet,evet,hafif,konut,var,buyuk,dikdortgen,farkli,Z4,Yüksek
ankara,etimesgut,2005,8,hayir,evet,yok,konut,var,hafif,L,uyumlu,Z4,Orta
istanbul,fatih,1995,5,evet,hayir,yok,konut,var,hafif,T,yok,Z2,Düşük
izmir,karşıyaka,2010,10,hayir,hayir,yok,konut,yok,yok,dikdortgen,yok,Z4,Düşük
bursa,yıldırım,2015,6,hayir,hayir,yok,konut,yok,yok,dikdortgen,yok,Z2,Düşük
istanbul,beşiktaş,1985,5,evet,evet,hafif,konut,emin_degil,buyuk,kompleks,farkli,Z3,Yüksek
antalya,finike,2015,4,hayir,hayir,yok,konut,yok,yok,dikdortgen,yok,Z4,Düşük
kayseri,melikgazi,2005,8,hayir,evet,yok,konut,var,hafif,L,uyumlu,Z2,Düşük
samsun,canik,1998,5,evet,hayir,yok,konut,emin_degil,hafif,U,yok,Z2,Düşük
istanbul,bakırköy,1982,8,evet,evet,kolon,konut,var,buyuk,T,farkli,Z4,Yüksek
ankara,çankaya,2010,10,hayir,hayir,yok,ofis,yok,yok,dikdortgen,yok,Z1,Düşük
izmir,balçova,1992,6,evet,evet,hafif,konut,var,hafif,L,uyumlu,Z4,Orta
bursa,gemlik,2010,9,hayir,hayir,yok,konut,yok,yok,dikdortgen,yok,Z4,Düşük
istanbul,maltepe,2000,7,evet,hayir,yok,konut,emin_degil,hafif,dikdortgen,yok,Z2,Düşük
erzincan,merkez,2005,6,evet,hayir,yok,konut,var,hafif,T,yok,Z4,Orta
giresun,alucra,1988,5,evet,evet,hafif,konut,var,buyuk,U,farkli,Z4,Yüksek
istanbul,avcılar,1992,7,evet,evet,hafif,konut,var,buyuk,L,farkli,Z4,Yüksek
ankara,etimesgut,2005,8,hayir,evet,yok,konut,yok,hafif,dikdortgen,uyumlu,Z4,Orta
izmir,bayraklı,1998,10,evet,hayir,kolon,ofis,var,buyuk,kompleks,yok,Z4,Yüksek
bursa,gemlik,1985,6,evet,evet,hafif,konut,var,hafif,T,farkli,Z4,Yüksek
sakarya,merkez,2010,5,hayir,hayir,yok,konut,yok,yok,dikdortgen,yok,Z4,Düşük
antalya,lara,2015,4,hayir,hayir,yok,konut,yok,yok,dikdortgen,yok,Z1,Düşük
hatay,antakya,1988,8,evet,evet,kolon,hastane,var,buyuk,U,farkli,Z4,Yüksek
istanbul,bakırköy,1975,9,evet,evet,hafif,konut,var,buyuk,L,farkli,Z4,Yüksek
kocaeli,izmit,1995,7,evet,hayir,yok,konut,emin_degil,hafif,T,yok,Z4,Orta
adana,seyhan,2012,11,hayir,hayir,yok,ofis,yok,yok,dikdortgen,yok,Z4,Düşük
eskişehir,merkez,1980,6,evet,evet,hafif,okul,var,buyuk,kompleks,farkli,Z4,Yüksek
izmir,bornova,2008,12,hayir,hayir,yok,konut,yok,yok,dikdortgen,yok,Z4,Düşük
istanbul,tuzla,1990,5,evet,evet,yok,konut,var,hafif,U,uyumlu,Z3,Orta
giresun,alucra,2000,8,hayir,evet,yok,konut,emin_degil,hafif,L,uyumlu,Z4,Orta
ankara,sincan,2015,9,hayir,hayir,yok,konut,yok,yok,dikdortgen,yok,Z3,Düşük
bursa,nilüfer,1995,7,evet,evet,hafif,konut,var,hafif,T,uyumlu,Z3,Orta
istanbul,kadıköy,1985,8,evet,evet,kolon,konut,var,buyuk,L,farkli,Z2,Yüksek
antalya,konyaaltı,2018,6,hayir,hayir,yok,konut,yok,yok,dikdortgen,yok,Z3,Düşük
izmir,karşıyaka,1990,9,evet,evet,hafif,konut,var,buyuk,U,farkli,Z4,Yüksek
samsun,bafra,2005,5,hayir,hayir,yok,konut,yok,yok,dikdortgen,yok,Z4,Düşük
istanbul,pendik,2000,8,hayir,evet,yok,konut,emin_degil,hafif,dikdortgen,uyumlu,Z2,Düşük
ankara,keçiören,2010,10,hayir,hayir,yok,konut,yok,yok,dikdortgen,yok,Z2,Düşük
adana,yüreğir,1982,10,evet,evet,kolon,hastane,var,buyuk,kompleks,farkli,Z4,Yüksek
tekirdağ,çorlu,2015,5,hayir,hayir,yok,konut,yok,yok,dikdortgen,yok,Z2,Düşük
istanbul,sarıyer,2005,3,hayir,hayir,yok,konut,yok,yok,dikdortgen,yok,Z1,Düşük
bursa,osmangazi,1992,9,evet,hayir,hafif,konut,emin_degil,buyuk,T,yok,Z4,Yüksek
izmir,konak,1978,7,evet,evet,hafif,konut,var,hafif,L,farkli,Z3,Orta
erzincan,merkez,1998,6,evet,evet,yok,konut,emin_degil,hafif,U,uyumlu,Z4,Orta
istanbul,avcılar,2010,8,hayir,hayir,yok,ofis,yok,yok,dikdortgen,yok,Z4,Düşük
antalya,finike,1988,5,evet,hayir,kolon,okul,var,buyuk,kompleks,yok,Z4,Yüksek
ankara,mamak,2005,11,hayir,hayir,yok,konut,yok,yok,dikdortgen,yok,Z2,Düşük
sakarya,serdivan,1995,4,evet,evet,hafif,konut,var,hafif,T,uyumlu,Z3,Orta
istanbul,fatih,1980,6,evet,evet,kolon,konut,var,buyuk,L,farkli,Z2,Yüksek
izmir,balçova,2000,7,evet,hayir,yok,konut,emin_degil,hafif,dikdortgen,yok,Z4,Orta
bursa,gemlik,2012,10,hayir,hayir,yok,konut,yok,yok,dikdortgen,yok,Z4,Düşük
hatay,iskenderun,1985,8,evet,evet,hafif,hastane,var,buyuk,U,farkli,Z4,Yüksek
istanbul,maltepe,2008,9,hayir,evet,yok,konut,yok,hafif,dikdortgen,uyumlu,Z2,Düşük
adana,çukurova,2015,12,hayir,hayir,yok,konut,yok,yok,dikdortgen,yok,Z2,Düşük
ankara,yenimahalle,1995,7,evet,evet,yok,konut,var,hafif,L,uyumlu,Z3,Orta
istanbul,beşiktaş,1990,5,evet,evet,hafif,konut,emin_degil,hafif,T,uyumlu,Z3,Orta
samsun,canik,2005,6,hayir,hayir,yok,konut,yok,yok,dikdortgen,yok,Z2,Düşük
izmir,buca,1998,8,evet,hayir,yok,konut,var,hafif,dikdortgen,yok,Z2,Düşük
kocaeli,gebze,2015,8,hayir,hayir,yok,konut,yok,yok,dikdortgen,yok,Z2,Düşük
istanbul, Zeytinburnu,1992,7,evet,evet,kolon,konut,var,buyuk,kompleks,farkli,Z3,Yüksek
bursa,yıldırım,2008,5,hayir,hayir,yok,konut,yok,yok,dikdortgen,yok,Z2,Düşük
antalya,demre,2012,3,evet,hayir,yok,konut,yok,yok,dikdortgen,yok,Z4,Düşük
eskişehir,odunpazarı,1985,5,evet,evet,hafif,okul,var,hafif,U,uyumlu,Z2,Orta
istanbul,kartal,2010,14,hayir,hayir,yok,konut,yok,yok,dikdortgen,yok,Z1,Düşük
ankara,gölbaşı,2018,4,hayir,hayir,yok,konut,yok,yok,dikdortgen,yok,Z4,Düşük
izmir,bornova,1990,9,evet,evet,hafif,konut,emin_degil,buyuk,L,farkli,Z4,Yüksek
bursa,keles,2000,2,hayir,hayir,yok,konut,yok,yok,dikdortgen,yok,Z2,Düşük
istanbul,avcılar,1985,7,evet,hayir,kolon,konut,var,buyuk,T,yok,Z4,Yüksek
adana,seyhan,2005,10,hayir,hayir,yok,konut,yok,yok,dikdortgen,yok,Z4,Düşük
manisa,demirci,1995,4,evet,evet,yok,konut,var,hafif,dikdortgen,uyumlu,Z2,Düşük
giresun,alucra,1980,6,evet,hayir,hafif,konut,var,buyuk,L,yok,Z4,Yüksek
istanbul,pendik,1995,6,evet,evet,yok,konut,emin_degil,hafif,U,uyumlu,Z2,Düşük
ankara,çankaya,2015,12,hayir,hayir,yok,ofis,yok,yok,dikdortgen,yok,Z1,Düşük
izmir,karşıyaka,2012,11,hayir,hayir,yok,konut,yok,yok,dikdortgen,yok,Z4,Düşük
bursa,nilüfer,1988,7,evet,evet,kolon,hastane,var,buyuk,kompleks,farkli,Z3,Yüksek
antalya,lara,2005,5,hayir,hayir,yok,konut,yok,yok,dikdortgen,yok,Z1,Düşük
sakarya,merkez,2000,5,evet,hayir,yok,konut,emin_degil,hafif,T,yok,Z4,Orta
istanbul,bakırköy,2018,8,hayir,hayir,yok,konut,yok,yok,dikdortgen,yok,Z4,Düşük
ankara,sincan,1998,7,evet,evet,hafif,konut,var,hafif,L,uyumlu,Z3,Orta
izmir,konak,1985,8,evet,evet,kolon,okul,var,buyuk,U,farkli,Z3,Yüksek
bursa,gemlik,2000,7,evet,hayir,yok,konut,emin_degil,hafif,dikdortgen,yok,Z4,Orta
istanbul,tuzla,2012,10,hayir,hayir,yok,konut,yok,yok,dikdortgen,yok,Z3,Düşük
hatay,antakya,2010,8,hayir,evet,yok,konut,emin_degil,hafif,T,uyumlu,Z4,Düşük
antalya,finike,1995,5,evet,hayir,hafif,konut,var,hafif,L,yok,Z4,Yüksek
kocaeli,izmit,1982,8,evet,evet,kolon,konut,var,buyuk,kompleks,farkli,Z4,Yüksek
istanbul,sarıyer,1995,4,hayir,hayir,yok,konut,yok,yok,dikdortgen,yok,Z1,Düşük
ankara,etimesgut,2015,9,hayir,hayir,yok,konut,yok,yok,dikdortgen,yok,Z4,Düşük
izmir,bayraklı,1990,11,evet,evet,hafif,ofis,var,buyuk,T,farkli,Z4,Yüksek
bursa,osmangazi,2005,10,hayir,hayir,yok,konut,yok,yok,dikdortgen,yok,Z4,Düşük
istanbul,fatih,1990,5,evet,evet,hafif,konut,var,hafif,U,uyumlu,Z2,Düşük
adana,yüreğir,2008,11,hayir,hayir,yok,konut,yok,yok,dikdortgen,yok,Z4,Düşük
eskişehir,merkez,2012,7,hayir,hayir,yok,konut,yok,yok,dikdortgen,yok,Z4,Düşük
samsun,atakum,2008,10,hayir,hayir,yok,konut,yok,yok,dikdortgen,yok,Z3,Düşük
istanbul,avcılar,1995,7,evet,evet,hafif,konut,var,buyuk,L,farkli,Z4,Yüksek
ankara,mamak,2018,9,hayir,hayir,yok,konut,yok,yok,dikdortgen,yok,Z2,Düşük
izmir,balçova,1985,6,evet,evet,kolon,konut,var,buyuk,kompleks,farkli,Z4,Yüksek
bursa,yıldırım,1998,6,evet,hayir,yok,konut,var,hafif,T,yok,Z2,Düşük
istanbul,kadıköy,2015,12,hayir,hayir,yok,ofis,yok,yok,dikdortgen,yok,Z2,Düşük
erzincan,merkez,1990,7,evet,evet,hafif,hastane,var,buyuk,U,farkli,Z4,Yüksek
antalya,konyaaltı,2012,6,hayir,hayir,yok,konut,yok,yok,dikdortgen,yok,Z3,Düşük
sakarya,merkez,1988,5,evet,hayir,kolon,okul,var,buyuk,L,yok,Z4,Yüksek
istanbul, Zeytinburnu,2005,8,hayir,evet,yok,konut,emin_degil,hafif,dikdortgen,uyumlu,Z3,Düşük
ankara,çankaya,2000,8,hayir,evet,yok,konut,yok,hafif,dikdortgen,uyumlu,Z1,Düşük
izmir,buca,1990,6,evet,evet,hafif,konut,var,hafif,T,uyumlu,Z2,Orta
giresun,alucra,2012,5,hayir,hayir,yok,konut,yok,yok,dikdortgen,yok,Z4,Düşük
istanbul,pendik,1988,6,evet,evet,hafif,konut,emin_degil,buyuk,kompleks,farkli,Z2,Yüksek
bursa,gemlik,1992,6,evet,hayir,kolon,konut,var,buyuk,L,yok,Z4,Yüksek
adana,seyhan,2002,10,hayir,evet,yok,konut,emin_degil,hafif,U,uyumlu,Z4,Orta
istanbul,beşiktaş,2015,6,hayir,hayir,yok,konut,yok,yok,dikdortgen,yok,Z3,Düşük
ankara,keçiören,1995,8,evet,hayir,yok,konut,var,hafif,T,yok,Z2,Düşük
istanbul,bakırköy,1985,7,evet,evet,hafif,konut,var,buyuk,L,farkli,Z4,Yüksek
izmir,bayraklı,2018,10,hayir,hayir,yok,ofis,yok,yok,dikdortgen,yok,Z4,Düşük
ankara,etimesgut,1995,8,evet,evet,kolon,konut,var,hafif,U,uyumlu,Z4,Yüksek
bursa,gemlik,1978,5,evet,hayir,hafif,konut,var,buyuk,T,yok,Z4,Yüksek
sakarya,merkez,2008,4,hayir,hayir,yok,konut,yok,yok,dikdortgen,yok,Z4,Düşük
giresun,alucra,1992,6,evet,hayir,yok,okul,emin_degil,hafif,kompleks,yok,Z4,Orta
antalya,lara,2021,5,hayir,hayir,yok,konut,yok,yok,dikdortgen,yok,Z1,Düşük
hatay,antakya,1988,7,evet,evet,hafif,hastane,var,buyuk,L,farkli,Z4,Yüksek
kocaeli,izmit,1990,8,evet,hayir,yok,konut,emin_degil,hafif,U,yok,Z4,Orta
istanbul,avcılar,2005,6,hayir,evet,yok,konut,yok,yok,dikdortgen,uyumlu,Z4,Düşük
eskişehir,odunpazarı,2015,4,hayir,hayir,yok,konut,yok,yok,dikdortgen,yok,Z2,Düşük
adana,seyhan,1982,11,evet,hayir,kolon,ofis,var,buyuk,T,yok,Z4,Yüksek
manisa,demirci,1998,5,evet,evet,yok,konut,var,hafif,L,uyumlu,Z2,Düşük
izmir,bornova,2005,12,hayir,hayir,yok,konut,yok,yok,dikdortgen,yok,Z4,Düşük
istanbul,tuzla,1992,6,evet,evet,yok,konut,emin_degil,hafif,U,uyumlu,Z3,Orta
ankara,mamak,2010,9,hayir,hayir,yok,konut,yok,yok,dikdortgen,yok,Z2,Düşük
bursa,nilüfer,1998,7,evet,evet,hafif,konut,var,hafif,kompleks,uyumlu,Z3,Orta
antalya,konyaaltı,2012,8,hayir,hayir,yok,konut,yok,yok,dikdortgen,yok,Z3,Düşük
istanbul,kadıköy,1975,8,evet,evet,kolon,konut,var,buyuk,L,farkli,Z2,Yüksek
samsun,bafra,2000,5,hayir,hayir,yok,konut,yok,yok,dikdortgen,yok,Z4,Düşük
izmir,karşıyaka,1988,9,evet,evet,hafif,konut,emin_degil,buyuk,T,farkli,Z4,Yüksek
tekirdağ,çorlu,2018,6,hayir,hayir,yok,konut,yok,yok,dikdortgen,yok,Z2,Düşük
ankara,keçiören,1995,8,hayir,evet,yok,konut,var,hafif,dikdortgen,uyumlu,Z2,Düşük
istanbul,pendik,2008,10,hayir,hayir,yok,ofis,yok,yok,dikdortgen,yok,Z2,Düşük
adana,yüreğir,1990,9,evet,evet,hafif,konut,var,buyuk,kompleks,farkli,Z4,Yüksek
erzincan,merkez,2002,5,evet,hayir,yok,konut,yok,hafif,U,yok,Z4,Orta
istanbul,sarıyer,2010,4,hayir,hayir,yok,konut,yok,yok,dikdortgen,yok,Z1,Düşük
bursa,osmangazi,1985,8,evet,evet,kolon,hastane,var,buyuk,L,farkli,Z4,Yüksek
izmir,konak,1992,7,evet,evet,hafif,konut,emin_degil,hafif,T,uyumlu,Z3,Orta
hatay,iskenderun,1980,10,evet,evet,kolon,konut,var,buyuk,U,farkli,Z4,Yüksek
ankara,sincan,2012,8,hayir,hayir,yok,konut,yok,yok,dikdortgen,yok,Z3,Düşük
istanbul,maltepe,1998,6,evet,evet,yok,konut,var,hafif,dikdortgen,uyumlu,Z2,Düşük
antalya,finike,1995,5,evet,hayir,hafif,okul,var,hafif,L,yok,Z4,Yüksek
sakarya,serdivan,2015,4,hayir,hayir,yok,konut,yok,yok,dikdortgen,yok,Z3,Düşük
istanbul,beşiktaş,1982,5,evet,evet,hafif,konut,emin_degil,buyuk,kompleks,farkli,Z3,Yüksek
bursa,keles,1995,3,hayir,hayir,yok,konut,yok,yok,dikdortgen,yok,Z2,Düşük
izmir,balçova,1990,7,evet,evet,hafif,konut,var,buyuk,T,farkli,Z4,Yüksek
ankara,çankaya,2012,12,hayir,hayir,yok,ofis,yok,yok,dikdortgen,yok,Z1,Düşük
samsun,canik,2005,6,hayir,hayir,yok,konut,yok,yok,dikdortgen,yok,Z2,Düşük
istanbul,fatih,1988,6,evet,evet,kolon,konut,var,hafif,L,uyumlu,Z2,Yüksek
adana,çukurova,2015,14,hayir,hayir,yok,konut,yok,yok,dikdortgen,yok,Z2,Düşük
kayseri,melikgazi,2002,9,hayir,evet,yok,konut,var,hafif,U,uyumlu,Z2,Düşük
istanbul, Zeytinburnu,1995,7,evet,evet,hafif,konut,emin_degil,hafif,dikdortgen,farkli,Z3,Orta
izmir,buca,2010,8,hayir,hayir,yok,konut,yok,yok,dikdortgen,yok,Z2,Düşük
ankara,yenimahalle,2000,7,hayir,evet,yok,konut,var,hafif,L,uyumlu,Z3,Düşük
bursa,yıldırım,2015,5,hayir,hayir,yok,konut,yok,yok,dikdortgen,yok,Z2,Düşük
istanbul,kartal,2012,15,hayir,hayir,yok,konut,yok,yok,dikdortgen,yok,Z1,Düşük
giresun,alucra,1980,5,evet,hayir,kolon,konut,var,buyuk,T,yok,Z4,Yüksek
eskişehir,merkez,1990,8,evet,evet,hafif,konut,var,hafif,kompleks,farkli,Z4,Yüksek
istanbul,avcılar,2018,6,hayir,hayir,yok,konut,yok,yok,dikdortgen,yok,Z4,Düşük
antalya,demre,2008,3,evet,hayir,yok,konut,yok,yok,dikdortgen,yok,Z4,Düşük
kocaeli,gebze,2005,7,hayir,evet,yok,konut,var,hafif,U,uyumlu,Z2,Düşük
samsun,çarşamba,1992,5,evet,hayir,hafif,okul,var,hafif,L,yok,Z4,Yüksek
izmir,bayraklı,2000,10,hayir,hayir,yok,ofis,yok,yok,dikdortgen,yok,Z4,Düşük
ankara,gölbaşı,2015,4,hayir,hayir,yok,konut,yok,yok,dikdortgen,yok,Z4,Düşük
bursa,gemlik,1995,6,evet,hayir,hafif,konut,var,hafif,dikdortgen,yok,Z4,Orta
istanbul,bakırköy,1970,9,evet,evet,kolon,hastane,var,buyuk,T,farkli,Z4,Yüksek
hatay,antakya,2010,8,hayir,evet,yok,konut,emin_degil,hafif,L,uyumlu,Z4,Düşük
antalya,lara,2018,6,hayir,hayir,yok,konut,yok,yok,dikdortgen,yok,Z1,Düşük
sakarya,merkez,1992,5,evet,evet,kolon,konut,var,buyuk,kompleks,farkli,Z4,Yüksek
istanbul,tuzla,2015,11,hayir,hayir,yok,konut,yok,yok,dikdortgen,yok,Z3,Düşük
izmir,karşıyaka,2005,10,hayir,hayir,yok,konut,yok,yok,dikdortgen,yok,Z4,Düşük
ankara,etimesgut,2000,9,hayir,evet,yok,konut,var,hafif,U,uyumlu,Z4,Orta
bursa,nilüfer,1985,7,evet,evet,hafif,konut,emin_degil,buyuk,L,farkli,Z3,Yüksek
istanbul,pendik,1995,6,evet,evet,hafif,konut,var,hafif,T,uyumlu,Z2,Orta
adana,yüreğir,2012,12,hayir,hayir,yok,ofis,yok,yok,dikdortgen,yok,Z4,Düşük
muğla,datça,2015,2,hayir,hayir,yok,konut,yok,yok,dikdortgen,yok,Z1,Düşük
konya,selçuklu,1998,9,evet,hayir,yok,konut,var,hafif,kompleks,yok,Z3,Orta
istanbul,avcılar,1985,8,evet,hayir,kolon,konut,var,buyuk,L,yok,Z4,Yüksek
izmir,bornova,2012,14,hayir,hayir,yok,konut,yok,yok,dikdortgen,yok,Z4,Düşük
ankara,keçiören,2008,7,hayir,evet,yok,konut,yok,hafif,dikdortgen,uyumlu,Z2,Düşük
samsun,atakum,2010,12,hayir,hayir,yok,konut,yok,yok,dikdortgen,yok,Z3,Düşük
istanbul,sarıyer,1998,4,hayir,hayir,yok,konut,yok,yok,dikdortgen,yok,Z1,Düşük
bursa,osmangazi,2005,11,hayir,hayir,yok,konut,yok,yok,dikdortgen,yok,Z4,Düşük
adana,seyhan,1990,9,evet,evet,hafif,konut,var,buyuk,T,farkli,Z4,Yüksek
giresun,alucra,2018,5,hayir,hayir,yok,konut,yok,yok,dikdortgen,yok,Z4,Düşük
izmir,konak,1988,8,evet,evet,kolon,okul,var,buyuk,U,farkli,Z3,Yüksek
istanbul,beşiktaş,2010,6,hayir,evet,yok,konut,yok,hafif,L,uyumlu,Z3,Düşük
ankara,mamak,2000,8,hayir,evet,yok,konut,var,hafif,dikdortgen,uyumlu,Z2,Düşük
kocaeli,izmit,1980,7,evet,evet,kolon,hastane,var,buyuk,kompleks,farkli,Z4,Yüksek
istanbul,avcılar,2002,5,hayir,evet,yok,konut,emin_degil,hafif,T,uyumlu,Z4,Düşük
antalya,lara,1992,5,evet,hayir,yok,konut,yok,yok,dikdortgen,yok,Z1,Düşük
bursa,gemlik,1975,6,evet,evet,hafif,konut,var,buyuk,U,farkli,Z4,Yüksek
izmir,balçova,2005,7,hayir,hayir,yok,konut,yok,yok,dikdortgen,yok,Z4,Düşük
ankara,çankaya,2018,10,hayir,hayir,yok,ofis,yok,yok,dikdortgen,yok,Z1,Düşük
istanbul,kadıköy,1990,7,evet,evet,hafif,konut,var,hafif,L,uyumlu,Z2,Düşük
sakarya,merkez,2008,6,hayir,evet,yok,konut,var,hafif,dikdortgen,uyumlu,Z4,Düşük
hatay,antakya,1995,8,evet,evet,kolon,konut,var,buyuk,T,farkli,Z4,Yüksek
antalya,finike,2020,4,hayir,hayir,yok,konut,yok,yok,dikdortgen,yok,Z4,Düşük
eskişehir,odunpazarı,1995,5,evet,hayir,yok,konut,var,hafif,U,yok,Z2,Düşük
istanbul,fatih,1982,5,evet,evet,hafif,konut,var,hafif,kompleks,farkli,Z2,Yüksek
ankara,sincan,2002,8,hayir,evet,yok,konut,var,hafif,L,uyumlu,Z3,Düşük
izmir,bornova,2015,10,hayir,hayir,yok,ofis,yok,yok,dikdortgen,yok,Z4,Düşük
bursa,keles,2005,3,hayir,hayir,yok,konut,yok,yok,dikdortgen,yok,Z2,Düşük
istanbul, Zeytinburnu,1988,7,evet,evet,kolon,konut,var,buyuk,T,farkli,Z3,Yüksek
bursa,gemlik,1992,6,evet,hayir,kolon,konut,var,buyuk,L,yok,Z4,Yüksek
izmir,konak,1985,9,evet,evet,hafif,ofis,var,hafif,T,farkli,Z3,Yüksek
ankara,etimesgut,2010,8,hayir,evet,yok,konut,yok,yok,dikdortgen,uyumlu,Z4,Düşük
istanbul,avcılar,1988,7,evet,evet,hafif,konut,emin_degil,buyuk,U,farkli,Z4,Yüksek
antalya,lara,2018,5,hayir,hayir,yok,konut,yok,yok,dikdortgen,yok,Z1,Düşük
sakarya,merkez,2002,4,evet,hayir,yok,konut,yok,hafif,dikdortgen,yok,Z4,Orta
giresun,alucra,1975,5,evet,hayir,kolon,okul,var,buyuk,kompleks,yok,Z4,Yüksek
kocaeli,izmit,1995,8,evet,evet,hafif,konut,var,hafif,L,uyumlu,Z4,Yüksek
istanbul,pendik,2012,11,hayir,hayir,yok,ofis,yok,yok,dikdortgen,yok,Z2,Düşük
adana,yüreğir,2008,10,hayir,hayir,yok,konut,yok,yok,dikdortgen,yok,Z4,Düşük
eskişehir,merkez,1990,7,evet,evet,hafif,konut,emin_degil,buyuk,T,farkli,Z4,Yüksek
hatay,antakya,1982,6,evet,evet,kolon,hastane,var,buyuk,U,farkli,Z4,Yüksek
ankara,sincan,2005,9,hayir,evet,yok,konut,var,hafif,L,uyumlu,Z3,Orta
izmir,bornova,2015,13,hayir,hayir,yok,konut,yok,yok,dikdortgen,yok,Z4,Düşük
bursa,nilüfer,1998,8,evet,evet,hafif,konut,var,hafif,kompleks,uyumlu,Z3,Orta
istanbul,tuzla,2010,6,hayir,hayir,yok,konut,yok,yok,dikdortgen,yok,Z3,Düşük
samsun,atakum,2018,11,hayir,hayir,yok,konut,yok,yok,dikdortgen,yok,Z3,Düşük
adana,seyhan,1985,10,evet,evet,kolon,konut,var,buyuk,L,farkli,Z4,Yüksek
antalya,konyaaltı,2012,7,hayir,hayir,yok,konut,yok,yok,dikdortgen,yok,Z3,Düşük
istanbul,kadıköy,1995,8,evet,evet,hafif,konut,emin_degil,hafif,T,uyumlu,Z2,Orta
manisa,demirci,1988,4,evet,hayir,yok,konut,var,hafif,U,yok,Z2,Düşük
bursa,yıldırım,2005,5,hayir,hayir,yok,konut,yok,yok,dikdortgen,yok,Z2,Düşük
izmir,karşıyaka,1992,9,evet,evet,hafif,konut,var,buyuk,dikdortgen,farkli,Z4,Yüksek
ankara,mamak,2000,8,hayir,evet,yok,konut,var,hafif,L,uyumlu,Z2,Düşük
istanbul,sarıyer,2008,4,hayir,hayir,yok,konut,yok,yok,dikdortgen,yok,Z1,Düşük
erzincan,merkez,1998,6,evet,evet,hafif,konut,emin_degil,buyuk,T,farkli,Z4,Yüksek
kocaeli,gebze,2015,8,hayir,hayir,yok,konut,yok,yok,dikdortgen,yok,Z2,Düşük
istanbul,bakırköy,1978,7,evet,evet,kolon,konut,var,buyuk,kompleks,farkli,Z4,Yüksek
hatay,iskenderun,2005,9,evet,hayir,yok,konut,emin_degil,hafif,L,yok,Z4,Orta
bursa,osmangazi,1990,8,evet,evet,hafif,konut,var,buyuk,U,farkli,Z4,Yüksek
izmir,bayraklı,2018,12,hayir,hayir,yok,ofis,yok,yok,dikdortgen,yok,Z4,Düşük
ankara,keçiören,2012,9,hayir,hayir,yok,konut,yok,yok,dikdortgen,yok,Z2,Düşük
istanbul, Zeytinburnu,1995,6,evet,evet,yok,konut,emin_degil,hafif,T,uyumlu,Z3,Orta
giresun,alucra,1985,5,evet,hayir,hafif,okul,var,buyuk,dikdortgen,yok,Z4,Yüksek
antalya,demre,2010,3,evet,hayir,yok,konut,yok,yok,dikdortgen,yok,Z4,Düşük
bursa,keles,2002,2,hayir,hayir,yok,konut,yok,yok,dikdortgen,yok,Z2,Düşük
adana,çukurova,2020,13,hayir,hayir,yok,konut,yok,yok,dikdortgen,yok,Z2,Düşük
istanbul,avcılar,1999,7,evet,hayir,hafif,konut,emin_degil,hafif,L,yok,Z4,Yüksek
izmir,balçova,1988,6,evet,evet,kolon,konut,var,buyuk,U,farkli,Z4,Yüksek
ankara,yenimahalle,2008,8,hayir,evet,yok,konut,yok,hafif,dikdortgen,uyumlu,Z3,Düşük
sakarya,serdivan,1995,5,evet,hayir,hafif,konut,var,hafif,kompleks,yok,Z3,Orta
istanbul,fatih,1982,5,evet,evet,hafif,konut,var,hafif,T,farkli,Z2,Yüksek
bursa,gemlik,2010,8,hayir,hayir,yok,konut,yok,yok,dikdortgen,yok,Z4,Düşük
antalya,finike,1992,4,evet,hayir,kolon,konut,var,buyuk,L,yok,Z4,Yüksek
eskişehir,odunpazarı,2005,6,hayir,evet,yok,konut,yok,hafif,U,uyumlu,Z2,Düşük
istanbul,beşiktaş,2015,6,hayir,hayir,yok,konut,yok,yok,dikdortgen,yok,Z3,Düşük
izmir,buca,2000,7,hayir,evet,yok,konut,var,hafif,dikdortgen,uyumlu,Z2,Düşük
ankara,çankaya,2010,11,hayir,hayir,yok,ofis,yok,yok,dikdortgen,yok,Z1,Düşük
istanbul,maltepe,1992,6,evet,evet,yok,konut,emin_degil,hafif,L,uyumlu,Z2,Düşük
samsun,canik,1998,5,evet,hayir,yok,konut,var,hafif,T,yok,Z2,Düşük
adana,yüreğir,2015,11,hayir,hayir,yok,konut,yok,yok,dikdortgen,yok,Z4,Düşük
konya,selçuklu,2008,9,hayir,hayir,yok,konut,var,hafif,kompleks,yok,Z3,Orta
muğla,datça,2018,2,hayir,hayir,yok,konut,yok,yok,dikdortgen,yok,Z1,Düşük
istanbul,kartal,2012,14,hayir,hayir,yok,konut,yok,yok,dikdortgen,yok,Z1,Düşük
bursa,nilüfer,1992,7,evet,evet,hafif,konut,emin_degil,buyuk,L,farkli,Z3,Yüksek
izmir,bornova,1995,10,evet,evet,kolon,hastane,var,buyuk,U,farkli,Z4,Yüksek
ankara,gölbaşı,2012,4,hayir,hayir,yok,konut,yok,yok,dikdortgen,yok,Z4,Düşük
samsun,çarşamba,1985,5,evet,hayir,hafif,okul,var,hafif,T,yok,Z4,Yüksek
istanbul,avcılar,2015,6,hayir,hayir,yok,konut,yok,yok,dikdortgen,yok,Z4,Düşük
tekirdağ,marmaraereğlisi,2000,4,hayir,evet,yok,konut,var,hafif,dikdortgen,uyumlu,Z3,Düşük
izmir,karşıyaka,2008,10,hayir,hayir,yok,konut,yok,yok,dikdortgen,yok,Z4,Düşük
bursa,osmangazi,1975,8,evet,evet,kolon,konut,var,buyuk,kompleks,farkli,Z4,Yüksek
antalya,lara,2000,5,hayir,hayir,yok,konut,yok,yok,dikdortgen,yok,Z1,Düşük
sakarya,merkez,1990,5,evet,hayir,hafif,konut,var,buyuk,L,yok,Z4,Yüksek
istanbul,pendik,1998,7,evet,evet,yok,konut,emin_degil,hafif,T,uyumlu,Z2,Orta
ankara,etimesgut,2002,8,hayir,evet,yok,konut,var,hafif,U,uyumlu,Z4,Orta
izmir,konak,1980,7,evet,evet,hafif,konut,var,hafif,L,farkli,Z3,Orta
bursa,gemlik,1988,6,evet,evet,hafif,konut,var,buyuk,T,farkli,Z4,Yüksek
istanbul, Zeytinburnu,2002,7,hayir,evet,yok,konut,emin_degil,hafif,dikdortgen,uyumlu,Z3,Düşük
adana,seyhan,2012,11,hayir,hayir,yok,konut,yok,yok,dikdortgen,yok,Z4,Düşük
eskişehir,merkez,1985,8,evet,evet,kolon,hastane,var,buyuk,kompleks,farkli,Z4,Yüksek
hatay,antakya,2008,9,hayir,evet,yok,konut,emin_degil,hafif,L,uyumlu,Z4,Orta
istanbul,bakırköy,2015,10,hayir,hayir,yok,ofis,yok,yok,dikdortgen,yok,Z4,Düşük
antalya,konyaaltı,2005,6,evet,hayir,yok,konut,var,hafif,U,yok,Z3,Orta
bursa,yıldırım,1992,5,evet,hayir,yok,konut,var,hafif,T,yok,Z2,Düşük
izmir,bayraklı,1990,11,evet,evet,hafif,konut,var,buyuk,kompleks,farkli,Z4,Yüksek
ankara,mamak,2015,10,hayir,hayir,yok,konut,yok,yok,dikdortgen,yok,Z2,Düşük
giresun,alucra,1998,5,evet,hayir,yok,konut,emin_degil,hafif,L,yok,Z4,Orta
istanbul,avcılar,1985,8,evet,hayir,kolon,konut,var,buyuk,T,yok,Z4,Yüksek
samsun,bafra,2010,6,hayir,hayir,yok,konut,yok,yok,dikdortgen,yok,Z4,Düşük
izmir,balçova,1995,7,evet,evet,hafif,konut,var,buyuk,U,farkli,Z4,Yüksek
bursa,nilüfer,2012,8,hayir,hayir,yok,konut,yok,yok,dikdortgen,yok,Z3,Düşük
istanbul,kadıköy,1988,8,evet,evet,yok,konut,emin_degil,hafif,L,uyumlu,Z2,Düşük
ankara,sincan,1995,7,evet,evet,hafif,konut,var,hafif,T,uyumlu,Z3,Orta
adana,yüreğir,1982,10,evet,hayir,kolon,okul,var,buyuk,kompleks,yok,Z4,Yüksek
istanbul,tuzla,2015,9,hayir,hayir,yok,konut,yok,yok,dikdortgen,yok,Z3,Düşük
izmir,buca,2008,7,hayir,evet,yok,konut,var,hafif,U,uyumlu,Z2,Düşük
bursa,gemlik,1992,6,evet,hayir,kolon,konut,var,buyuk,L,yok,Z4,Yüksek
antalya,lara,2022,4,hayir,hayir,yok,konut,yok,yok,dikdortgen,yok,Z1,Düşük
sakarya,merkez,2000,5,evet,hayir,yok,konut,emin_degil,hafif,T,yok,Z4,Orta
istanbul,avcılar,2008,6,evet,evet,yok,konut,emin_degil,hafif,dikdortgen,uyumlu,Z4,Orta
ankara,çankaya,1995,7,hayir,evet,yok,konut,yok,hafif,dikdortgen,uyumlu,Z1,Düşük
izmir,bornova,2012,13,hayir,hayir,yok,konut,yok,yok,dikdortgen,yok,Z4,Düşük
bursa,keles,2005,3,hayir,hayir,yok,konut,yok,yok,dikdortgen,yok,Z2,Düşük
istanbul,pendik,1990,6,evet,evet,hafif,konut,emin_degil,hafif,U,uyumlu,Z2,Orta
adana,seyhan,2002,10,hayir,evet,yok,konut,emin_degil,hafif,T,uyumlu,Z4,Orta
eskişehir,odunpazarı,1980,5,evet,hayir,kolon,hastane,var,buyuk,L,yok,Z2,Yüksek
bursa,gemlik,1992,6,evet,hayir,kolon,konut,var,buyuk,L,yok,Z4,Yüksek
izmir,konak,1985,9,evet,evet,hafif,ofis,var,hafif,T,farkli,Z3,Yüksek
ankara,etimesgut,2010,8,hayir,evet,yok,konut,yok,yok,dikdortgen,uyumlu,Z4,Düşük
istanbul,avcılar,1988,7,evet,evet,hafif,konut,emin_degil,buyuk,U,farkli,Z4,Yüksek
antalya,lara,2018,5,hayir,hayir,yok,konut,yok,yok,dikdortgen,yok,Z1,Düşük
sakarya,merkez,2002,4,evet,hayir,yok,konut,yok,hafif,dikdortgen,yok,Z4,Orta
giresun,alucra,1975,5,evet,hayir,kolon,okul,var,buyuk,kompleks,yok,Z4,Yüksek
kocaeli,izmit,1995,8,evet,evet,hafif,konut,var,hafif,L,uyumlu,Z4,Yüksek
istanbul,pendik,2012,11,hayir,hayir,yok,ofis,yok,yok,dikdortgen,yok,Z2,Düşük
adana,yüreğir,2008,10,hayir,hayir,yok,konut,yok,yok,dikdortgen,yok,Z4,Düşük
eskişehir,merkez,1990,7,evet,evet,hafif,konut,emin_degil,buyuk,T,farkli,Z4,Yüksek
hatay,antakya,1982,6,evet,evet,kolon,hastane,var,buyuk,U,farkli,Z4,Yüksek
ankara,sincan,2005,9,hayir,evet,yok,konut,var,hafif,L,uyumlu,Z3,Orta
izmir,bornova,2015,13,hayir,hayir,yok,konut,yok,yok,dikdortgen,yok,Z4,Düşük
bursa,nilüfer,1998,8,evet,evet,hafif,konut,var,hafif,kompleks,uyumlu,Z3,Orta
istanbul,tuzla,2010,6,hayir,hayir,yok,konut,yok,yok,dikdortgen,yok,Z3,Düşük
samsun,atakum,2018,11,hayir,hayir,yok,konut,yok,yok,dikdortgen,yok,Z3,Düşük
adana,seyhan,1985,10,evet,evet,kolon,konut,var,buyuk,L,farkli,Z4,Yüksek
antalya,konyaaltı,2012,7,hayir,hayir,yok,konut,yok,yok,dikdortgen,yok,Z3,Düşük
istanbul,kadıköy,1995,8,evet,evet,hafif,konut,emin_degil,hafif,T,uyumlu,Z2,Orta
manisa,demirci,1988,4,evet,hayir,yok,konut,var,hafif,U,yok,Z2,Düşük
bursa,yıldırım,2005,5,hayir,hayir,yok,konut,yok,yok,dikdortgen,yok,Z2,Düşük
izmir,karşıyaka,1992,9,evet,evet,hafif,konut,var,buyuk,dikdortgen,farkli,Z4,Yüksek
ankara,mamak,2000,8,hayir,evet,yok,konut,var,hafif,L,uyumlu,Z2,Düşük
istanbul,sarıyer,2008,4,hayir,hayir,yok,konut,yok,yok,dikdortgen,yok,Z1,Düşük
erzincan,merkez,1998,6,evet,evet,hafif,konut,emin_degil,buyuk,T,farkli,Z4,Yüksek
kocaeli,gebze,2015,8,hayir,hayir,yok,konut,yok,yok,dikdortgen,yok,Z2,Düşük
istanbul,bakırköy,1978,7,evet,evet,kolon,konut,var,buyuk,kompleks,farkli,Z4,Yüksek
hatay,iskenderun,2005,9,evet,hayir,yok,konut,emin_degil,hafif,L,yok,Z4,Orta
bursa,osmangazi,1990,8,evet,evet,hafif,konut,var,buyuk,U,farkli,Z4,Yüksek
izmir,bayraklı,2018,12,hayir,hayir,yok,ofis,yok,yok,dikdortgen,yok,Z4,Düşük
ankara,keçiören,2012,9,hayir,hayir,yok,konut,yok,yok,dikdortgen,yok,Z2,Düşük
istanbul, Zeytinburnu,1995,6,evet,evet,yok,konut,emin_degil,hafif,T,uyumlu,Z3,Orta
giresun,alucra,1985,5,evet,hayir,hafif,okul,var,buyuk,dikdortgen,yok,Z4,Yüksek
antalya,demre,2010,3,evet,hayir,yok,konut,yok,yok,dikdortgen,yok,Z4,Düşük
bursa,keles,2002,2,hayir,hayir,yok,konut,yok,yok,dikdortgen,yok,Z2,Düşük
adana,çukurova,2020,13,hayir,hayir,yok,konut,yok,yok,dikdortgen,yok,Z2,Düşük
istanbul,avcılar,1999,7,evet,hayir,hafif,konut,emin_degil,hafif,L,yok,Z4,Yüksek
izmir,balçova,1988,6,evet,evet,kolon,konut,var,buyuk,U,farkli,Z4,Yüksek
ankara,yenimahalle,2008,8,hayir,evet,yok,konut,yok,hafif,dikdortgen,uyumlu,Z3,Düşük
sakarya,serdivan,1995,5,evet,hayir,hafif,konut,var,hafif,kompleks,yok,Z3,Orta
istanbul,fatih,1982,5,evet,evet,hafif,konut,var,hafif,T,farkli,Z2,Yüksek
bursa,gemlik,2010,8,hayir,hayir,yok,konut,yok,yok,dikdortgen,yok,Z4,Düşük
antalya,finike,1992,4,evet,hayir,kolon,konut,var,buyuk,L,yok,Z4,Yüksek
eskişehir,odunpazarı,2005,6,hayir,evet,yok,konut,yok,hafif,U,uyumlu,Z2,Düşük
istanbul,beşiktaş,2015,6,hayir,hayir,yok,konut,yok,yok,dikdortgen,yok,Z3,Düşük
izmir,buca,2000,7,hayir,evet,yok,konut,var,hafif,dikdortgen,uyumlu,Z2,Düşük
ankara,çankaya,2010,11,hayir,hayir,yok,ofis,yok,yok,dikdortgen,yok,Z1,Düşük
istanbul,maltepe,1992,6,evet,evet,yok,konut,emin_degil,hafif,L,uyumlu,Z2,Düşük
samsun,canik,1998,5,evet,hayir,yok,konut,var,hafif,T,yok,Z2,Düşük
adana,yüreğir,2015,11,hayir,hayir,yok,konut,yok,yok,dikdortgen,yok,Z4,Düşük
konya,selçuklu,2008,9,hayir,hayir,yok,konut,var,hafif,kompleks,yok,Z3,Orta
muğla,datça,2018,2,hayir,hayir,yok,konut,yok,yok,dikdortgen,yok,Z1,Düşük
istanbul,kartal,2012,14,hayir,hayir,yok,konut,yok,yok,dikdortgen,yok,Z1,Düşük
bursa,nilüfer,1992,7,evet,evet,hafif,konut,emin_degil,buyuk,L,farkli,Z3,Yüksek
izmir,bornova,1995,10,evet,evet,kolon,hastane,var,buyuk,U,farkli,Z4,Yüksek
ankara,gölbaşı,2012,4,hayir,hayir,yok,konut,yok,yok,dikdortgen,yok,Z4,Düşük
samsun,çarşamba,1985,5,evet,hayir,hafif,okul,var,hafif,T,yok,Z4,Yüksek
istanbul,avcılar,2015,6,hayir,hayir,yok,konut,yok,yok,dikdortgen,yok,Z4,Düşük
tekirdağ,marmaraereğlisi,2000,4,hayir,evet,yok,konut,var,hafif,dikdortgen,uyumlu,Z3,Düşük
izmir,karşıyaka,2008,10,hayir,hayir,yok,konut,yok,yok,dikdortgen,yok,Z4,Düşük
bursa,osmangazi,1975,8,evet,evet,kolon,konut,var,buyuk,kompleks,farkli,Z4,Yüksek
antalya,lara,2000,5,hayir,hayir,yok,konut,yok,yok,dikdortgen,yok,Z1,Düşük
sakarya,merkez,1990,5,evet,hayir,hafif,konut,var,buyuk,L,yok,Z4,Yüksek
istanbul,pendik,1998,7,evet,evet,yok,konut,emin_degil,hafif,T,uyumlu,Z2,Orta
ankara,etimesgut,2002,8,hayir,evet,yok,konut,var,hafif,U,uyumlu,Z4,Orta
izmir,konak,1980,7,evet,evet,hafif,konut,var,hafif,L,farkli,Z3,Orta
bursa,gemlik,1988,6,evet,evet,hafif,konut,var,buyuk,T,farkli,Z4,Yüksek
istanbul, Zeytinburnu,2002,7,hayir,evet,yok,konut,emin_degil,hafif,dikdortgen,uyumlu,Z3,Düşük
adana,seyhan,2012,11,hayir,hayir,yok,konut,yok,yok,dikdortgen,yok,Z4,Düşük
eskişehir,merkez,1985,8,evet,evet,kolon,hastane,var,buyuk,kompleks,farkli,Z4,Yüksek
hatay,antakya,2008,9,hayir,evet,yok,konut,emin_degil,hafif,L,uyumlu,Z4,Orta
istanbul,bakırköy,2015,10,hayir,hayir,yok,ofis,yok,yok,dikdortgen,yok,Z4,Düşük
antalya,konyaaltı,2005,6,evet,hayir,yok,konut,var,hafif,U,yok,Z3,Orta
bursa,yıldırım,1992,5,evet,hayir,yok,konut,var,hafif,T,yok,Z2,Düşük
izmir,bayraklı,1990,11,evet,evet,hafif,konut,var,buyuk,kompleks,farkli,Z4,Yüksek
ankara,mamak,2015,10,hayir,hayir,yok,konut,yok,yok,dikdortgen,yok,Z2,Düşük
giresun,alucra,1998,5,evet,hayir,yok,konut,emin_degil,hafif,L,yok,Z4,Orta
istanbul,avcılar,1985,8,evet,hayir,kolon,konut,var,buyuk,T,yok,Z4,Yüksek
samsun,bafra,2010,6,hayir,hayir,yok,konut,yok,yok,dikdortgen,yok,Z4,Düşük
izmir,balçova,1995,7,evet,evet,hafif,konut,var,buyuk,U,farkli,Z4,Yüksek
bursa,nilüfer,2012,8,hayir,hayir,yok,konut,yok,yok,dikdortgen,yok,Z3,Düşük
istanbul,kadıköy,1988,8,evet,evet,yok,konut,emin_degil,hafif,L,uyumlu,Z2,Düşük
ankara,sincan,1995,7,evet,evet,hafif,konut,var,hafif,T,uyumlu,Z3,Orta
adana,yüreğir,1982,10,evet,hayir,kolon,okul,var,buyuk,kompleks,yok,Z4,Yüksek
istanbul,tuzla,2015,9,hayir,hayir,yok,konut,yok,yok,dikdortgen,yok,Z3,Düşük
izmir,buca,2008,7,hayir,evet,yok,konut,var,hafif,U,uyumlu,Z2,Düşük
bursa,gemlik,1992,6,evet,hayir,kolon,konut,var,buyuk,L,yok,Z4,Yüksek
antalya,lara,2022,4,hayir,hayir,yok,konut,yok,yok,dikdortgen,yok,Z1,Düşük
sakarya,merkez,2000,5,evet,hayir,yok,konut,emin_degil,hafif,T,yok,Z4,Orta
istanbul,avcılar,2008,6,evet,evet,yok,konut,emin_degil,hafif,dikdortgen,uyumlu,Z4,Orta
ankara,çankaya,1995,7,hayir,evet,yok,konut,yok,hafif,dikdortgen,uyumlu,Z1,Düşük
izmir,bornova,2012,13,hayir,hayir,yok,konut,yok,yok,dikdortgen,yok,Z4,Düşük
bursa,keles,2005,3,hayir,hayir,yok,konut,yok,yok,dikdortgen,yok,Z2,Düşük
istanbul,pendik,1990,6,evet,evet,hafif,konut,emin_degil,hafif,U,uyumlu,Z2,Orta
adana,seyhan,2002,10,hayir,evet,yok,konut,emin_degil,hafif,T,uyumlu,Z4,Orta
eskişehir,odunpazarı,1980,5,evet,hayir,kolon,hastane,var,buyuk,L,yok,Z2,Yüksek
istanbul,bakırköy,1988,7,evet,evet,hafif,konut,var,buyuk,L,farkli,Z4,Yüksek
izmir,bayraklı,2015,11,hayir,hayir,yok,ofis,yok,yok,dikdortgen,yok,Z4,Düşük
ankara,etimesgut,1995,8,evet,evet,kolon,konut,var,hafif,U,uyumlu,Z4,Yüksek
bursa,gemlik,1980,5,evet,hayir,hafif,konut,var,buyuk,T,yok,Z4,Yüksek
sakarya,merkez,2010,4,hayir,hayir,yok,konut,yok,yok,dikdortgen,yok,Z4,Düşük
giresun,alucra,1995,6,evet,hayir,yok,okul,emin_degil,hafif,kompleks,yok,Z4,Orta
antalya,lara,2022,5,hayir,hayir,yok,konut,yok,yok,dikdortgen,yok,Z1,Düşük
hatay,antakya,1990,7,evet,evet,hafif,hastane,var,buyuk,L,farkli,Z4,Yüksek
kocaeli,izmit,1992,8,evet,hayir,yok,konut,emin_degil,hafif,U,yok,Z4,Orta
istanbul,avcılar,2008,6,hayir,evet,yok,konut,yok,yok,dikdortgen,uyumlu,Z4,Düşük
eskişehir,odunpazarı,2018,4,hayir,hayir,yok,konut,yok,yok,dikdortgen,yok,Z2,Düşük
adana,seyhan,1985,11,evet,hayir,kolon,ofis,var,buyuk,T,yok,Z4,Yüksek
manisa,demirci,2000,5,evet,evet,yok,konut,var,hafif,L,uyumlu,Z2,Düşük
izmir,bornova,2008,12,hayir,hayir,yok,konut,yok,yok,dikdortgen,yok,Z4,Düşük
istanbul,tuzla,1995,6,evet,evet,yok,konut,emin_degil,hafif,U,uyumlu,Z3,Orta
ankara,mamak,2012,9,hayir,hayir,yok,konut,yok,yok,dikdortgen,yok,Z2,Düşük
bursa,nilüfer,2000,7,evet,evet,hafif,konut,var,hafif,kompleks,uyumlu,Z3,Orta
antalya,konyaaltı,2015,8,hayir,hayir,yok,konut,yok,yok,dikdortgen,yok,Z3,Düşük
istanbul,kadıköy,1978,8,evet,evet,kolon,konut,var,buyuk,L,farkli,Z2,Yüksek
samsun,bafra,2005,5,hayir,hayir,yok,konut,yok,yok,dikdortgen,yok,Z4,Düşük
izmir,karşıyaka,1990,9,evet,evet,hafif,konut,emin_degil,buyuk,T,farkli,Z4,Yüksek
tekirdağ,çorlu,2020,6,hayir,hayir,yok,konut,yok,yok,dikdortgen,yok,Z2,Düşük
ankara,keçiören,1998,8,hayir,evet,yok,konut,var,hafif,dikdortgen,uyumlu,Z2,Düşük
istanbul,pendik,2010,10,hayir,hayir,yok,ofis,yok,yok,dikdortgen,yok,Z2,Düşük
adana,yüreğir,1992,9,evet,evet,hafif,konut,var,buyuk,kompleks,farkli,Z4,Yüksek
erzincan,merkez,2005,5,evet,hayir,yok,konut,yok,hafif,U,yok,Z4,Orta
istanbul,sarıyer,2012,4,hayir,hayir,yok,konut,yok,yok,dikdortgen,yok,Z1,Düşük
bursa,osmangazi,1988,8,evet,evet,kolon,hastane,var,buyuk,L,farkli,Z4,Yüksek
izmir,konak,1995,7,evet,evet,hafif,konut,emin_degil,hafif,T,uyumlu,Z3,Orta
hatay,iskenderun,1982,10,evet,evet,kolon,konut,var,buyuk,U,farkli,Z4,Yüksek
ankara,sincan,2015,8,hayir,hayir,yok,konut,yok,yok,dikdortgen,yok,Z3,Düşük
istanbul,maltepe,2000,6,evet,evet,yok,konut,var,hafif,dikdortgen,uyumlu,Z2,Düşük
antalya,finike,1998,5,evet,hayir,hafif,okul,var,hafif,L,yok,Z4,Yüksek
sakarya,serdivan,2018,4,hayir,hayir,yok,konut,yok,yok,dikdortgen,yok,Z3,Düşük
istanbul,beşiktaş,1985,5,evet,evet,hafif,konut,emin_degil,buyuk,kompleks,farkli,Z3,Yüksek
bursa,keles,1998,3,hayir,hayir,yok,konut,yok,yok,dikdortgen,yok,Z2,Düşük
izmir,balçova,1992,7,evet,evet,hafif,konut,var,buyuk,T,farkli,Z4,Yüksek
ankara,çankaya,2015,12,hayir,hayir,yok,ofis,yok,yok,dikdortgen,yok,Z1,Düşük
samsun,canik,2008,6,hayir,hayir,yok,konut,yok,yok,dikdortgen,yok,Z2,Düşük
istanbul,fatih,1990,6,evet,evet,kolon,konut,var,hafif,L,uyumlu,Z2,Yüksek
adana,çukurova,2018,14,hayir,hayir,yok,konut,yok,yok,dikdortgen,yok,Z2,Düşük
kayseri,melikgazi,2005,9,hayir,evet,yok,konut,var,hafif,U,uyumlu,Z2,Düşük
istanbul, Zeytinburnu,1998,7,evet,evet,hafif,konut,emin_degil,hafif,dikdortgen,farkli,Z3,Orta
izmir,buca,2012,8,hayir,hayir,yok,konut,yok,yok,dikdortgen,yok,Z2,Düşük
ankara,yenimahalle,2002,7,hayir,evet,yok,konut,var,hafif,L,uyumlu,Z3,Orta
bursa,yıldırım,2018,5,hayir,hayir,yok,konut,yok,yok,dikdortgen,yok,Z2,Düşük
istanbul,kartal,2015,15,hayir,hayir,yok,konut,yok,yok,dikdortgen,yok,Z1,Düşük
giresun,alucra,1982,5,evet,hayir,kolon,konut,var,buyuk,T,yok,Z4,Yüksek
eskişehir,merkez,1992,8,evet,evet,hafif,konut,var,hafif,kompleks,farkli,Z4,Yüksek
istanbul,avcılar,2020,6,hayir,hayir,yok,konut,yok,yok,dikdortgen,yok,Z4,Düşük
antalya,demre,2012,3,evet,hayir,yok,konut,yok,yok,dikdortgen,yok,Z4,Düşük
kocaeli,gebze,2008,7,hayir,evet,yok,konut,var,hafif,U,uyumlu,Z2,Düşük
samsun,çarşamba,1995,5,evet,hayir,hafif,okul,var,hafif,L,yok,Z4,Yüksek
izmir,bayraklı,2002,10,hayir,hayir,yok,ofis,yok,yok,dikdortgen,yok,Z4,Düşük
ankara,gölbaşı,2018,4,hayir,hayir,yok,konut,yok,yok,dikdortgen,yok,Z4,Düşük
bursa,gemlik,1998,6,evet,hayir,hafif,konut,var,hafif,dikdortgen,yok,Z4,Orta
istanbul,bakırköy,1972,9,evet,evet,kolon,hastane,var,buyuk,T,farkli,Z4,Yüksek
hatay,antakya,2012,8,hayir,evet,yok,konut,emin_degil,hafif,L,uyumlu,Z4,Düşük
antalya,lara,2020,6,hayir,hayir,yok,konut,yok,yok,dikdortgen,yok,Z1,Düşük
sakarya,merkez,1995,5,evet,evet,kolon,konut,var,buyuk,T,farkli,Z4,Yüksek
istanbul,tuzla,2018,11,hayir,hayir,yok,konut,yok,yok,dikdortgen,yok,Z3,Düşük
izmir,karşıyaka,2010,10,hayir,hayir,yok,konut,yok,yok,dikdortgen,yok,Z4,Düşük
ankara,etimesgut,1998,9,hayir,evet,yok,konut,var,hafif,U,uyumlu,Z4,Orta
bursa,nilüfer,1990,7,evet,evet,hafif,konut,emin_degil,buyuk,L,farkli,Z3,Yüksek
istanbul,pendik,1998,6,evet,evet,hafif,konut,var,hafif,T,uyumlu,Z2,Orta
adana,yüreğir,2015,12,hayir,hayir,yok,ofis,yok,yok,dikdortgen,yok,Z4,Düşük
muğla,datça,2015,2,hayir,hayir,yok,konut,yok,yok,dikdortgen,yok,Z1,Düşük
konya,selçuklu,1998,9,evet,hayir,yok,konut,var,hafif,T,yok,Z3,Orta
istanbul,avcılar,1988,8,evet,hayir,kolon,konut,var,buyuk,U,yok,Z4,Yüksek
izmir,bornova,2015,14,hayir,hayir,yok,konut,yok,yok,dikdortgen,yok,Z4,Düşük
ankara,keçiören,2018,7,hayir,evet,yok,konut,yok,hafif,dikdortgen,uyumlu,Z2,Düşük
samsun,atakum,2015,12,hayir,hayir,yok,konut,yok,yok,dikdortgen,yok,Z3,Düşük
istanbul,sarıyer,2008,4,hayir,hayir,yok,konut,yok,yok,dikdortgen,yok,Z1,Düşük
bursa,osmangazi,2012,11,hayir,hayir,yok,konut,yok,yok,dikdortgen,yok,Z4,Düşük
adana,seyhan,1995,9,evet,evet,hafif,konut,var,buyuk,T,farkli,Z4,Yüksek
giresun,alucra,2002,5,hayir,hayir,yok,konut,yok,yok,dikdortgen,yok,Z4,Düşük
izmir,konak,1988,8,evet,evet,kolon,okul,var,buyuk,U,farkli,Z3,Yüksek
istanbul,beşiktaş,2010,6,hayir,evet,yok,konut,yok,hafif,L,uyumlu,Z3,Düşük
ankara,mamak,2002,8,hayir,evet,yok,konut,var,hafif,dikdortgen,uyumlu,Z2,Düşük
kocaeli,izmit,1988,7,evet,evet,kolon,hastane,var,buyuk,kompleks,farkli,Z4,Yüksek
istanbul,avcılar,2008,5,hayir,evet,yok,konut,emin_degil,hafif,T,uyumlu,Z4,Düşük
antalya,lara,1995,5,evet,hayir,yok,konut,yok,yok,dikdortgen,yok,Z1,Düşük
bursa,gemlik,1980,6,evet,evet,hafif,konut,var,buyuk,U,farkli,Z4,Yüksek
izmir,balçova,2012,7,hayir,hayir,yok,konut,yok,yok,dikdortgen,yok,Z4,Düşük
ankara,çankaya,2020,10,hayir,hayir,yok,ofis,yok,yok,dikdortgen,yok,Z1,Düşük
istanbul,kadıköy,1992,7,evet,evet,hafif,konut,var,hafif,L,uyumlu,Z2,Düşük
sakarya,merkez,2008,6,hayir,evet,yok,konut,var,hafif,dikdortgen,uyumlu,Z4,Düşük
hatay,antakya,1995,8,evet,evet,kolon,konut,var,buyuk,T,farkli,Z4,Yüksek
antalya,finike,2022,4,hayir,hayir,yok,konut,yok,yok,dikdortgen,yok,Z4,Düşük
eskişehir,odunpazarı,1998,5,evet,hayir,yok,konut,var,hafif,U,yok,Z2,Düşük
istanbul,fatih,1988,5,evet,evet,hafif,konut,var,hafif,kompleks,farkli,Z2,Yüksek
ankara,sincan,2000,8,hayir,evet,yok,konut,var,hafif,T,uyumlu,Z3,Orta
izmir,bornova,2018,10,hayir,hayir,yok,ofis,yok,yok,dikdortgen,yok,Z4,Düşük
bursa,keles,2012,3,hayir,hayir,yok,konut,yok,yok,dikdortgen,yok,Z2,Düşük
istanbul, Zeytinburnu,1992,7,evet,evet,kolon,konut,var,buyuk,L,farkli,Z3,Yüksek
bursa,gemlik,1985,7,evet,hayir,hafif,konut,var,buyuk,L,yok,Z4,Yüksek
izmir,bayraklı,2020,15,hayir,hayir,yok,ofis,yok,yok,dikdortgen,yok,Z4,Düşük
ankara,etimesgut,1992,8,evet,evet,kolon,konut,var,hafif,U,uyumlu,Z4,Yüksek
istanbul,avcılar,2005,6,hayir,hayir,yok,konut,yok,yok,dikdortgen,yok,Z4,Düşük
sakarya,merkez,1999,5,evet,evet,hafif,konut,emin_degil,hafif,T,uyumlu,Z4,Yüksek
antalya,lara,2015,4,hayir,hayir,yok,konut,yok,yok,dikdortgen,yok,Z1,Düşük
giresun,alucra,1980,6,evet,hayir,yok,okul,var,buyuk,kompleks,yok,Z4,Yüksek
kocaeli,izmit,1990,8,evet,hayir,hafif,konut,emin_degil,hafif,L,yok,Z4,Yüksek
hatay,antakya,2012,9,hayir,evet,yok,konut,yok,yok,dikdortgen,uyumlu,Z4,Düşük
istanbul,bakırköy,1975,8,evet,evet,kolon,konut,var,buyuk,T,farkli,Z4,Yüksek
eskişehir,odunpazarı,2018,5,hayir,hayir,yok,konut,yok,yok,dikdortgen,yok,Z2,Düşük
adana,seyhan,1995,10,evet,evet,hafif,ofis,var,hafif,kompleks,farkli,Z4,Yüksek
manisa,demirci,2002,4,evet,hayir,yok,konut,yok,yok,dikdortgen,yok,Z2,Düşük
izmir,bornova,2008,11,hayir,hayir,yok,konut,yok,yok,dikdortgen,yok,Z4,Düşük
istanbul,tuzla,1992,5,evet,evet,yok,konut,var,hafif,U,uyumlu,Z3,Orta
ankara,mamak,2015,10,hayir,hayir,yok,konut,yok,yok,dikdortgen,yok,Z2,Düşük
bursa,nilüfer,1995,7,evet,evet,hafif,konut,var,hafif,L,uyumlu,Z3,Orta
antalya,konyaaltı,2018,6,hayir,hayir,yok,konut,yok,yok,dikdortgen,yok,Z3,Düşük
istanbul,kadıköy,1982,9,evet,evet,kolon,konut,var,buyuk,T,farkli,Z2,Yüksek
samsun,bafra,2008,5,hayir,hayir,yok,konut,yok,yok,dikdortgen,yok,Z4,Düşük
izmir,karşıyaka,1998,10,evet,evet,hafif,konut,emin_degil,buyuk,U,farkli,Z4,Yüksek
tekirdağ,çorlu,2015,7,hayir,hayir,yok,konut,yok,yok,dikdortgen,yok,Z2,Düşük
ankara,keçiören,2005,8,hayir,evet,yok,konut,var,hafif,dikdortgen,uyumlu,Z2,Düşük
istanbul,pendik,2012,12,hayir,hayir,yok,ofis,yok,yok,dikdortgen,yok,Z2,Düşük
adana,yüreğir,1988,9,evet,evet,hafif,konut,var,buyuk,kompleks,farkli,Z4,Yüksek
erzincan,merkez,2000,5,evet,hayir,yok,konut,yok,hafif,L,yok,Z4,Orta
istanbul,sarıyer,2008,3,hayir,hayir,yok,konut,yok,yok,dikdortgen,yok,Z1,Düşük
bursa,osmangazi,1992,10,evet,evet,kolon,hastane,var,buyuk,T,farkli,Z4,Yüksek
izmir,konak,1985,8,evet,evet,hafif,konut,emin_degil,hafif,U,uyumlu,Z3,Orta
hatay,iskenderun,1995,9,evet,evet,kolon,konut,var,buyuk,kompleks,farkli,Z4,Yüksek
ankara,sincan,2008,7,hayir,hayir,yok,konut,yok,yok,dikdortgen,yok,Z3,Düşük
istanbul,maltepe,2002,6,evet,evet,yok,konut,var,hafif,dikdortgen,uyumlu,Z2,Düşük
antalya,finike,1990,5,evet,hayir,hafif,okul,var,hafif,L,yok,Z4,Yüksek
sakarya,serdivan,2012,4,hayir,hayir,yok,konut,yok,yok,dikdortgen,yok,Z3,Düşük
istanbul,beşiktaş,1988,6,evet,evet,hafif,konut,emin_degil,buyuk,T,farkli,Z3,Yüksek
bursa,keles,2008,3,hayir,hayir,yok,konut,yok,yok,dikdortgen,yok,Z2,Düşük
izmir,balçova,1995,8,evet,evet,hafif,konut,var,buyuk,U,farkli,Z4,Yüksek
ankara,çankaya,2018,14,hayir,hayir,yok,ofis,yok,yok,dikdortgen,yok,Z1,Düşük
samsun,canik,2000,7,hayir,hayir,yok,konut,yok,yok,dikdortgen,yok,Z2,Düşük
istanbul,fatih,1980,6,evet,evet,kolon,konut,var,hafif,kompleks,uyumlu,Z2,Yüksek
adana,çukurova,2015,15,hayir,hayir,yok,konut,yok,yok,dikdortgen,yok,Z2,Düşük
kayseri,melikgazi,2008,10,hayir,evet,yok,konut,var,hafif,L,uyumlu,Z2,Düşük
istanbul, Zeytinburnu,1992,7,evet,evet,hafif,konut,emin_degil,hafif,T,farkli,Z3,Orta
izmir,buca,2005,8,hayir,hayir,yok,konut,yok,yok,dikdortgen,yok,Z2,Düşük
ankara,yenimahalle,1995,8,hayir,evet,yok,konut,var,hafif,U,uyumlu,Z3,Orta
bursa,yıldırım,2010,6,hayir,hayir,yok,konut,yok,yok,dikdortgen,yok,Z2,Düşük
istanbul,kartal,2012,18,hayir,hayir,yok,konut,yok,yok,dikdortgen,yok,Z1,Düşük
giresun,alucra,1988,5,evet,hayir,kolon,konut,var,buyuk,L,yok,Z4,Yüksek
eskişehir,merkez,1998,9,evet,evet,hafif,konut,var,hafif,T,farkli,Z4,Yüksek
istanbul,avcılar,2015,7,hayir,hayir,yok,konut,yok,yok,dikdortgen,yok,Z4,Düşük
antalya,demre,2008,3,evet,hayir,yok,konut,yok,yok,dikdortgen,yok,Z4,Düşük
kocaeli,gebze,2012,8,hayir,evet,yok,konut,var,hafif,U,uyumlu,Z2,Düşük
samsun,çarşamba,1990,6,evet,hayir,hafif,okul,var,hafif,L,yok,Z4,Yüksek
izmir,bayraklı,2008,11,hayir,hayir,yok,ofis,yok,yok,dikdortgen,yok,Z4,Düşük
ankara,gölbaşı,2010,4,hayir,hayir,yok,konut,yok,yok,dikdortgen,yok,Z4,Düşük
bursa,gemlik,1992,7,evet,hayir,hafif,konut,var,hafif,kompleks,yok,Z4,Yüksek
istanbul,bakırköy,1980,8,evet,evet,kolon,hastane,var,buyuk,T,farkli,Z4,Yüksek
hatay,antakya,2005,9,hayir,evet,yok,konut,emin_degil,hafif,L,uyumlu,Z4,Düşük
antalya,lara,2015,6,hayir,hayir,yok,konut,yok,yok,dikdortgen,yok,Z1,Düşük
sakarya,merkez,1998,5,evet,evet,kolon,konut,var,buyuk,U,farkli,Z4,Yüksek
istanbul,tuzla,2012,12,hayir,hayir,yok,konut,yok,yok,dikdortgen,yok,Z3,Düşük
izmir,karşıyaka,2000,10,hayir,hayir,yok,konut,yok,yok,dikdortgen,yok,Z4,Düşük
ankara,etimesgut,2005,9,hayir,evet,yok,konut,var,hafif,T,uyumlu,Z4,Orta
bursa,nilüfer,1995,8,evet,evet,hafif,konut,emin_degil,buyuk,kompleks,farkli,Z3,Yüksek
istanbul,pendik,2002,7,evet,evet,hafif,konut,var,hafif,L,uyumlu,Z2,Orta
adana,yüreğir,2010,13,hayir,hayir,yok,ofis,yok,yok,dikdortgen,yok,Z4,Düşük
muğla,datça,2018,2,hayir,hayir,yok,konut,yok,yok,dikdortgen,yok,Z1,Düşük
konya,selçuklu,2005,9,evet,hayir,yok,konut,var,hafif,U,yok,Z3,Orta
istanbul,avcılar,1980,8,evet,hayir,kolon,konut,var,buyuk,T,yok,Z4,Yüksek
izmir,bornova,2010,15,hayir,hayir,yok,konut,yok,yok,dikdortgen,yok,Z4,Düşük
ankara,keçiören,2002,8,hayir,evet,yok,konut,yok,hafif,dikdortgen,uyumlu,Z2,Düşük
samsun,atakum,2008,12,hayir,hayir,yok,konut,yok,yok,dikdortgen,yok,Z3,Düşük
istanbul,sarıyer,2012,4,hayir,hayir,yok,konut,yok,yok,dikdortgen,yok,Z1,Düşük
bursa,osmangazi,2000,11,hayir,hayir,yok,konut,yok,yok,dikdortgen,yok,Z4,Düşük
adana,seyhan,1982,9,evet,evet,hafif,konut,var,buyuk,L,farkli,Z4,Yüksek
giresun,alucra,1995,6,hayir,hayir,yok,konut,yok,yok,dikdortgen,yok,Z4,Düşük
izmir,konak,1990,8,evet,evet,kolon,okul,var,buyuk,T,farkli,Z3,Yüksek
istanbul,beşiktaş,2005,6,hayir,evet,yok,konut,yok,hafif,U,uyumlu,Z3,Düşük
ankara,mamak,2008,9,hayir,evet,yok,konut,var,hafif,dikdortgen,uyumlu,Z2,Düşük
kocaeli,izmit,1992,7,evet,evet,kolon,hastane,var,buyuk,kompleks,farkli,Z4,Yüksek
istanbul,avcılar,2010,5,hayir,evet,yok,konut,emin_degil,hafif,L,uyumlu,Z4,Düşük
antalya,lara,2005,5,evet,hayir,yok,konut,yok,yok,dikdortgen,yok,Z1,Düşük
bursa,gemlik,1985,6,evet,evet,hafif,konut,var,buyuk,T,farkli,Z4,Yüksek
izmir,balçova,2008,7,hayir,hayir,yok,konut,yok,yok,dikdortgen,yok,Z4,Düşük
ankara,çankaya,2015,10,hayir,hayir,yok,ofis,yok,yok,dikdortgen,yok,Z1,Düşük
istanbul,kadıköy,1995,7,evet,evet,hafif,konut,var,hafif,U,uyumlu,Z2,Düşük
sakarya,merkez,2012,6,hayir,evet,yok,konut,var,hafif,dikdortgen,uyumlu,Z4,Düşük
hatay,antakya,1988,8,evet,evet,kolon,konut,var,buyuk,L,farkli,Z4,Yüksek
antalya,finike,2015,4,hayir,hayir,yok,konut,yok,yok,dikdortgen,yok,Z4,Düşük
eskişehir,odunpazarı,2010,5,evet,hayir,yok,konut,var,hafif,T,yok,Z2,Düşük
istanbul,fatih,1992,5,evet,evet,hafif,konut,var,hafif,kompleks,farkli,Z2,Yüksek
ankara,sincan,2005,8,hayir,evet,yok,konut,var,hafif,L,uyumlu,Z3,Orta
izmir,bornova,2020,10,hayir,hayir,yok,ofis,yok,yok,dikdortgen,yok,Z4,Düşük
bursa,keles,2015,3,hayir,hayir,yok,konut,yok,yok,dikdortgen,yok,Z2,Düşük
istanbul, Zeytinburnu,1995,7,evet,evet,kolon,konut,var,buyuk,U,farkli,Z3,Yüksek
bursa,gemlik,1982,5,evet,evet,hafif,konut,var,buyuk,T,farkli,Z4,Yüksek
izmir,bayraklı,2005,10,hayir,hayir,yok,ofis,yok,yok,dikdortgen,yok,Z4,Düşük
ankara,etimesgut,1998,9,evet,evet,kolon,konut,var,hafif,U,uyumlu,Z4,Yüksek
istanbul,avcılar,1990,7,evet,hayir,hafif,konut,emin_degil,buyuk,L,yok,Z4,Yüksek
sakarya,merkez,2012,5,hayir,hayir,yok,konut,yok,yok,dikdortgen,yok,Z4,Düşük
giresun,alucra,1985,6,evet,hayir,yok,okul,var,hafif,kompleks,yok,Z4,Yüksek
antalya,lara,2018,4,hayir,hayir,yok,konut,yok,yok,dikdortgen,yok,Z1,Düşük
hatay,antakya,1992,8,evet,evet,kolon,hastane,var,buyuk,T,farkli,Z4,Yüksek
kocaeli,izmit,1988,7,evet,hayir,hafif,konut,emin_degil,hafif,U,yok,Z4,Yüksek
istanbul,bakırköy,1978,8,evet,evet,hafif,konut,var,buyuk,L,farkli,Z4,Yüksek
eskişehir,odunpazarı,2015,5,hayir,hayir,yok,konut,yok,yok,dikdortgen,yok,Z2,Düşük
adana,seyhan,1990,11,evet,hayir,kolon,ofis,var,buyuk,kompleks,yok,Z4,Yüksek
manisa,demirci,2005,4,evet,hayir,yok,konut,yok,yok,dikdortgen,yok,Z2,Düşük
izmir,bornova,2000,12,hayir,hayir,yok,konut,yok,yok,dikdortgen,yok,Z4,Düşük
istanbul,tuzla,1995,6,evet,evet,yok,konut,emin_degil,hafif,T,uyumlu,Z3,Orta
ankara,mamak,2010,10,hayir,hayir,yok,konut,yok,yok,dikdortgen,yok,Z2,Düşük
bursa,nilüfer,1992,7,evet,evet,hafif,konut,var,hafif,L,uyumlu,Z3,Orta
antalya,konyaaltı,2012,6,hayir,hayir,yok,konut,yok,yok,dikdortgen,yok,Z3,Düşük
istanbul,kadıköy,1980,8,evet,evet,kolon,konut,var,buyuk,U,farkli,Z2,Yüksek
samsun,bafra,2002,5,hayir,hayir,yok,konut,yok,yok,dikdortgen,yok,Z4,Düşük
izmir,karşıyaka,1988,9,evet,evet,hafif,konut,emin_degil,buyuk,T,farkli,Z4,Yüksek
tekirdağ,çorlu,2018,7,hayir,hayir,yok,konut,yok,yok,dikdortgen,yok,Z2,Düşük
ankara,keçiören,1995,8,hayir,evet,yok,konut,var,hafif,dikdortgen,uyumlu,Z2,Düşük
istanbul,pendik,2008,11,hayir,hayir,yok,ofis,yok,yok,dikdortgen,yok,Z2,Düşük
adana,yüreğir,1990,10,evet,evet,hafif,konut,var,buyuk,kompleks,farkli,Z4,Yüksek
erzincan,merkez,2005,5,evet,hayir,yok,konut,yok,hafif,L,yok,Z4,Orta
istanbul,sarıyer,2010,4,hayir,hayir,yok,konut,yok,yok,dikdortgen,yok,Z1,Düşük
bursa,osmangazi,1985,9,evet,evet,kolon,hastane,var,buyuk,T,farkli,Z4,Yüksek
izmir,konak,1992,7,evet,evet,hafif,konut,emin_degil,hafif,U,uyumlu,Z3,Orta
hatay,iskenderun,1980,10,evet,evet,kolon,konut,var,buyuk,L,farkli,Z4,Yüksek
ankara,sincan,2012,8,hayir,hayir,yok,konut,yok,yok,dikdortgen,yok,Z3,Düşük
istanbul,maltepe,1998,6,evet,evet,yok,konut,var,hafif,dikdortgen,uyumlu,Z2,Düşük
antalya,finike,1992,5,evet,hayir,hafif,okul,var,hafif,T,yok,Z4,Yüksek
sakarya,serdivan,2015,4,hayir,hayir,yok,konut,yok,yok,dikdortgen,yok,Z3,Düşük
istanbul,beşiktaş,1982,6,evet,evet,hafif,konut,emin_degil,buyuk,kompleks,farkli,Z3,Yüksek
bursa,keles,2005,3,hayir,hayir,yok,konut,yok,yok,dikdortgen,yok,Z2,Düşük
izmir,balçova,1990,7,evet,evet,hafif,konut,var,buyuk,T,farkli,Z4,Yüksek
ankara,çankaya,2018,12,hayir,hayir,yok,ofis,yok,yok,dikdortgen,yok,Z1,Düşük
samsun,canik,2002,6,hayir,hayir,yok,konut,yok,yok,dikdortgen,yok,Z2,Düşük
istanbul,fatih,1988,5,evet,evet,kolon,konut,var,hafif,U,uyumlu,Z2,Yüksek
adana,çukurova,2012,13,hayir,hayir,yok,konut,yok,yok,dikdortgen,yok,Z2,Düşük
kayseri,melikgazi,2000,9,hayir,evet,yok,konut,var,hafif,L,uyumlu,Z2,Düşük
istanbul, Zeytinburnu,1995,7,evet,evet,hafif,konut,emin_degil,hafif,dikdortgen,farkli,Z3,Orta
izmir,buca,2010,8,hayir,hayir,yok,konut,yok,yok,dikdortgen,yok,Z2,Düşük
ankara,yenimahalle,1992,7,hayir,evet,yok,konut,var,hafif,T,uyumlu,Z3,Orta
bursa,yıldırım,2015,5,hayir,hayir,yok,konut,yok,yok,dikdortgen,yok,Z2,Düşük
istanbul,kartal,2010,16,hayir,hayir,yok,konut,yok,yok,dikdortgen,yok,Z1,Düşük
giresun,alucra,1978,5,evet,hayir,kolon,konut,var,buyuk,L,yok,Z4,Yüksek
eskişehir,merkez,1990,9,evet,evet,hafif,konut,var,hafif,U,farkli,Z4,Yüksek
istanbul,avcılar,2018,6,hayir,hayir,yok,konut,yok,yok,dikdortgen,yok,Z4,Düşük
antalya,demre,2005,3,evet,hayir,yok,konut,yok,yok,dikdortgen,yok,Z4,Düşük
kocaeli,gebze,2008,7,hayir,evet,yok,konut,var,hafif,T,uyumlu,Z2,Düşük
samsun,çarşamba,1992,5,evet,hayir,hafif,okul,var,hafif,kompleks,yok,Z4,Yüksek
izmir,bayraklı,2000,10,hayir,hayir,yok,ofis,yok,yok,dikdortgen,yok,Z4,Düşük
ankara,gölbaşı,2015,4,hayir,hayir,yok,konut,yok,yok,dikdortgen,yok,Z4,Düşük
bursa,gemlik,1995,6,evet,hayir,hafif,konut,var,hafif,L,yok,Z4,Yüksek
istanbul,bakırköy,1972,9,evet,evet,kolon,hastane,var,buyuk,T,farkli,Z4,Yüksek
hatay,antakya,2010,8,hayir,evet,yok,konut,emin_degil,hafif,U,uyumlu,Z4,Düşük
antalya,lara,2018,6,hayir,hayir,yok,konut,yok,yok,dikdortgen,yok,Z1,Düşük
sakarya,merkez,1992,5,evet,evet,kolon,konut,var,buyuk,L,farkli,Z4,Yüksek
istanbul,tuzla,2015,11,hayir,hayir,yok,konut,yok,yok,dikdortgen,yok,Z3,Düşük
izmir,karşıyaka,2008,10,hayir,hayir,yok,konut,yok,yok,dikdortgen,yok,Z4,Düşük
ankara,etimesgut,1998,9,hayir,evet,yok,konut,var,hafif,T,uyumlu,Z4,Orta
bursa,nilüfer,1985,7,evet,evet,hafif,konut,emin_degil,buyuk,U,farkli,Z3,Yüksek
istanbul,pendik,2000,6,evet,evet,hafif,konut,var,hafif,L,uyumlu,Z2,Orta
adana,yüreğir,2012,13,hayir,hayir,yok,ofis,yok,yok,dikdortgen,yok,Z4,Düşük
muğla,datça,2015,2,hayir,hayir,yok,konut,yok,yok,dikdortgen,yok,Z1,Düşük
konya,selçuklu,1992,9,evet,hayir,yok,konut,var,hafif,kompleks,yok,Z3,Orta
istanbul,avcılar,1980,8,evet,hayir,kolon,konut,var,buyuk,T,yok,Z4,Yüksek
izmir,bornova,2012,14,hayir,hayir,yok,konut,yok,yok,dikdortgen,yok,Z4,Düşük
ankara,keçiören,2005,7,hayir,evet,yok,konut,yok,hafif,dikdortgen,uyumlu,Z2,Düşük
samsun,atakum,2010,12,hayir,hayir,yok,konut,yok,yok,dikdortgen,yok,Z3,Düşük
istanbul,sarıyer,2008,4,hayir,hayir,yok,konut,yok,yok,dikdortgen,yok,Z1,Düşük
bursa,osmangazi,2005,11,hayir,hayir,yok,konut,yok,yok,dikdortgen,yok,Z4,Düşük
adana,seyhan,1990,9,evet,evet,hafif,konut,var,buyuk,L,farkli,Z4,Yüksek
giresun,alucra,2002,5,hayir,hayir,yok,konut,yok,yok,dikdortgen,yok,Z4,Düşük
izmir,konak,1982,8,evet,evet,kolon,okul,var,buyuk,T,farkli,Z3,Yüksek
istanbul,beşiktaş,2008,6,hayir,evet,yok,konut,yok,hafif,U,uyumlu,Z3,Düşük
ankara,mamak,2002,8,hayir,evet,yok,konut,var,hafif,dikdortgen,uyumlu,Z2,Düşük
kocaeli,izmit,1988,7,evet,evet,kolon,hastane,var,buyuk,kompleks,farkli,Z4,Yüksek
istanbul,avcılar,2010,5,hayir,evet,yok,konut,emin_degil,hafif,L,uyumlu,Z4,Düşük
antalya,lara,1998,5,evet,hayir,yok,konut,yok,yok,dikdortgen,yok,Z1,Düşük
bursa,gemlik,1982,6,evet,evet,hafif,konut,var,buyuk,U,farkli,Z4,Yüksek
izmir,balçova,2012,7,hayir,hayir,yok,konut,yok,yok,dikdortgen,yok,Z4,Düşük
ankara,çankaya,2015,10,hayir,hayir,yok,ofis,yok,yok,dikdortgen,yok,Z1,Düşük
istanbul,kadıköy,1995,7,evet,evet,hafif,konut,var,hafif,T,uyumlu,Z2,Düşük
sakarya,merkez,2012,6,hayir,evet,yok,konut,var,hafif,dikdortgen,uyumlu,Z4,Düşük
hatay,antakya,1992,8,evet,evet,kolon,konut,var,buyuk,L,farkli,Z4,Yüksek
antalya,finike,2020,4,hayir,hayir,yok,konut,yok,yok,dikdortgen,yok,Z4,Düşük
eskişehir,odunpazarı,1995,5,evet,hayir,yok,konut,var,hafif,U,yok,Z2,Düşük
istanbul,fatih,1982,5,evet,evet,hafif,konut,var,hafif,kompleks,farkli,Z2,Yüksek
ankara,sincan,2000,8,hayir,evet,yok,konut,var,hafif,L,uyumlu,Z3,Orta
izmir,bornova,2018,10,hayir,hayir,yok,ofis,yok,yok,dikdortgen,yok,Z4,Düşük
bursa,keles,2012,3,hayir,hayir,yok,konut,yok,yok,dikdortgen,yok,Z2,Düşük
istanbul, Zeytinburnu,1990,7,evet,evet,kolon,konut,var,buyuk,T,farkli,Z3,Yüksek
bursa,gemlik,1985,6,evet,evet,hafif,konut,var,buyuk,T,farkli,Z4,Yüksek
izmir,bayraklı,2002,11,hayir,hayir,yok,ofis,yok,yok,dikdortgen,yok,Z4,Düşük
ankara,etimesgut,1995,8,evet,evet,kolon,konut,var,hafif,U,uyumlu,Z4,Yüksek
istanbul,avcılar,1988,7,evet,hayir,hafif,konut,emin_degil,buyuk,L,yok,Z4,Yüksek
sakarya,merkez,2010,5,hayir,hayir,yok,konut,yok,yok,dikdortgen,yok,Z4,Düşük
giresun,alucra,1982,6,evet,hayir,yok,okul,var,hafif,kompleks,yok,Z4,Yüksek
antalya,lara,2018,4,hayir,hayir,yok,konut,yok,yok,dikdortgen,yok,Z1,Düşük
hatay,antakya,1990,8,evet,evet,kolon,hastane,var,buyuk,T,farkli,Z4,Yüksek
kocaeli,izmit,1985,7,evet,hayir,hafif,konut,emin_degil,hafif,U,yok,Z4,Yüksek
istanbul,bakırköy,1975,8,evet,evet,hafif,konut,var,buyuk,L,farkli,Z4,Yüksek
eskişehir,odunpazarı,2012,5,hayir,hayir,yok,konut,yok,yok,dikdortgen,yok,Z2,Düşük
adana,seyhan,1988,11,evet,hayir,kolon,ofis,var,buyuk,kompleks,yok,Z4,Yüksek
manisa,demirci,2000,4,evet,hayir,yok,konut,yok,yok,dikdortgen,yok,Z2,Düşük
izmir,bornova,1998,12,hayir,hayir,yok,konut,yok,yok,dikdortgen,yok,Z4,Düşük
istanbul,tuzla,1992,6,evet,evet,yok,konut,emin_degil,hafif,T,uyumlu,Z3,Orta
ankara,mamak,2008,10,hayir,hayir,yok,konut,yok,yok,dikdortgen,yok,Z2,Düşük
bursa,nilüfer,1990,7,evet,evet,hafif,konut,var,hafif,L,uyumlu,Z3,Orta
antalya,konyaaltı,2010,6,hayir,hayir,yok,konut,yok,yok,dikdortgen,yok,Z3,Düşük
istanbul,kadıköy,1978,8,evet,evet,kolon,konut,var,buyuk,U,farkli,Z2,Yüksek
samsun,bafra,2000,5,hayir,hayir,yok,konut,yok,yok,dikdortgen,yok,Z4,Düşük
izmir,karşıyaka,1985,9,evet,evet,hafif,konut,emin_degil,buyuk,T,farkli,Z4,Yüksek
tekirdağ,çorlu,2015,7,hayir,hayir,yok,konut,yok,yok,dikdortgen,yok,Z2,Düşük
ankara,keçiören,1992,8,hayir,evet,yok,konut,var,hafif,dikdortgen,uyumlu,Z2,Düşük
istanbul,pendik,2005,11,hayir,hayir,yok,ofis,yok,yok,dikdortgen,yok,Z2,Düşük
adana,yüreğir,1988,10,evet,evet,hafif,konut,var,buyuk,kompleks,farkli,Z4,Yüksek
erzincan,merkez,2002,5,evet,hayir,yok,konut,yok,hafif,L,yok,Z4,Orta
istanbul,sarıyer,2008,4,hayir,hayir,yok,konut,yok,yok,dikdortgen,yok,Z1,Düşük
bursa,osmangazi,1982,9,evet,evet,kolon,hastane,var,buyuk,T,farkli,Z4,Yüksek
izmir,konak,1990,7,evet,evet,hafif,konut,emin_degil,hafif,U,uyumlu,Z3,Orta
hatay,iskenderun,1978,10,evet,evet,kolon,konut,var,buyuk,L,farkli,Z4,Yüksek
ankara,sincan,2010,8,hayir,hayir,yok,konut,yok,yok,dikdortgen,yok,Z3,Düşük
istanbul,maltepe,1995,6,evet,evet,yok,konut,var,hafif,dikdortgen,uyumlu,Z2,Düşük
antalya,finike,1990,5,evet,hayir,hafif,okul,var,hafif,T,yok,Z4,Yüksek
sakarya,serdivan,2012,4,hayir,hayir,yok,konut,yok,yok,dikdortgen,yok,Z3,Düşük
istanbul,beşiktaş,1980,6,evet,evet,hafif,konut,emin_degil,buyuk,kompleks,farkli,Z3,Yüksek
bursa,keles,2002,3,hayir,hayir,yok,konut,yok,yok,dikdortgen,yok,Z2,Düşük
izmir,balçova,1988,7,evet,evet,hafif,konut,var,buyuk,T,farkli,Z4,Yüksek
ankara,çankaya,2015,12,hayir,hayir,yok,ofis,yok,yok,dikdortgen,yok,Z1,Düşük
samsun,canik,2000,6,hayir,hayir,yok,konut,yok,yok,dikdortgen,yok,Z2,Düşük
istanbul,fatih,1985,5,evet,evet,kolon,konut,var,hafif,U,uyumlu,Z2,Yüksek
adana,çukurova,2010,13,hayir,hayir,yok,konut,yok,yok,dikdortgen,yok,Z2,Düşük
kayseri,melikgazi,1998,9,hayir,evet,yok,konut,var,hafif,L,uyumlu,Z2,Düşük
istanbul, Zeytinburnu,1992,7,evet,evet,hafif,konut,emin_degil,hafif,dikdortgen,farkli,Z3,Orta
izmir,buca,2008,8,hayir,hayir,yok,konut,yok,yok,dikdortgen,yok,Z2,Düşük
ankara,yenimahalle,1990,7,hayir,evet,yok,konut,var,hafif,T,uyumlu,Z3,Orta
bursa,yıldırım,2012,5,hayir,hayir,yok,konut,yok,yok,dikdortgen,yok,Z2,Düşük
istanbul,kartal,2008,16,hayir,hayir,yok,konut,yok,yok,dikdortgen,yok,Z1,Düşük
giresun,alucra,1975,5,evet,hayir,kolon,konut,var,buyuk,L,yok,Z4,Yüksek
eskişehir,merkez,1988,9,evet,evet,hafif,konut,var,hafif,U,farkli,Z4,Yüksek
istanbul,avcılar,2015,6,hayir,hayir,yok,konut,yok,yok,dikdortgen,yok,Z4,Düşük
antalya,demre,2002,3,evet,hayir,yok,konut,yok,yok,dikdortgen,yok,Z4,Düşük
kocaeli,gebze,2005,7,hayir,evet,yok,konut,var,hafif,T,uyumlu,Z2,Düşük
samsun,çarşamba,1990,5,evet,hayir,hafif,okul,var,hafif,kompleks,yok,Z4,Yüksek
izmir,bayraklı,1998,10,hayir,hayir,yok,ofis,yok,yok,dikdortgen,yok,Z4,Düşük
ankara,gölbaşı,2012,4,hayir,hayir,yok,konut,yok,yok,dikdortgen,yok,Z4,Düşük
bursa,gemlik,1992,6,evet,hayir,hafif,konut,var,hafif,L,yok,Z4,Yüksek
istanbul,bakırköy,1970,9,evet,evet,kolon,hastane,var,buyuk,T,farkli,Z4,Yüksek
hatay,antakya,2008,8,hayir,evet,yok,konut,emin_degil,hafif,U,uyumlu,Z4,Düşük
antalya,lara,2012,5,hayir,hayir,yok,konut,yok,yok,dikdortgen,yok,Z1,Düşük
sakarya,merkez,1985,5,evet,evet,kolon,konut,var,buyuk,T,farkli,Z4,Yüksek
istanbul,tuzla,2010,11,hayir,hayir,yok,konut,yok,yok,dikdortgen,yok,Z3,Düşük
izmir,karşıyaka,2005,10,hayir,hayir,yok,konut,yok,yok,dikdortgen,yok,Z4,Düşük
ankara,etimesgut,1995,9,hayir,evet,yok,konut,var,hafif,T,uyumlu,Z4,Orta
bursa,nilüfer,1982,7,evet,evet,hafif,konut,emin_degil,buyuk,L,farkli,Z3,Yüksek
istanbul,pendik,1998,6,evet,evet,hafif,konut,var,hafif,U,uyumlu,Z2,Orta
adana,yüreğir,2010,13,hayir,hayir,yok,ofis,yok,yok,dikdortgen,yok,Z4,Düşük
muğla,datça,2012,2,hayir,hayir,yok,konut,yok,yok,dikdortgen,yok,Z1,Düşük
konya,selçuklu,1995,9,evet,hayir,yok,konut,var,hafif,T,yok,Z3,Orta
istanbul,avcılar,1978,8,evet,hayir,kolon,konut,var,buyuk,L,yok,Z4,Yüksek
izmir,bornova,2010,14,hayir,hayir,yok,konut,yok,yok,dikdortgen,yok,Z4,Düşük
ankara,keçiören,2002,7,hayir,evet,yok,konut,yok,hafif,dikdortgen,uyumlu,Z2,Düşük
samsun,atakum,2008,12,hayir,hayir,yok,konut,yok,yok,dikdortgen,yok,Z3,Düşük
istanbul,sarıyer,2005,4,hayir,hayir,yok,konut,yok,yok,dikdortgen,yok,Z1,Düşük
bursa,osmangazi,2002,11,hayir,hayir,yok,konut,yok,yok,dikdortgen,yok,Z4,Düşük
adana,seyhan,1990,9,evet,evet,hafif,konut,var,buyuk,T,farkli,Z4,Yüksek
giresun,alucra,1998,5,hayir,hayir,yok,konut,yok,yok,dikdortgen,yok,Z4,Düşük
izmir,konak,1985,8,evet,evet,kolon,okul,var,buyuk,L,farkli,Z3,Yüksek
istanbul,beşiktaş,2005,6,hayir,evet,yok,konut,yok,hafif,U,uyumlu,Z3,Düşük
ankara,mamak,2000,8,hayir,evet,yok,konut,var,hafif,dikdortgen,uyumlu,Z2,Düşük
kocaeli,izmit,1985,7,evet,evet,kolon,hastane,var,buyuk,kompleks,farkli,Z4,Yüksek
istanbul,avcılar,2008,5,hayir,evet,yok,konut,emin_degil,hafif,T,uyumlu,Z4,Düşük
antalya,lara,1992,5,evet,hayir,yok,konut,yok,yok,dikdortgen,yok,Z1,Düşük
bursa,gemlik,1978,6,evet,evet,hafif,konut,var,buyuk,U,farkli,Z4,Yüksek
izmir,balçova,2010,7,hayir,hayir,yok,konut,yok,yok,dikdortgen,yok,Z4,Düşük
ankara,çankaya,2018,10,hayir,hayir,yok,ofis,yok,yok,dikdortgen,yok,Z1,Düşük
istanbul,kadıköy,1990,7,evet,evet,hafif,konut,var,hafif,T,uyumlu,Z2,Düşük
sakarya,merkez,2005,6,hayir,evet,yok,konut,var,hafif,dikdortgen,uyumlu,Z4,Düşük
hatay,antakya,1988,8,evet,evet,kolon,konut,var,buyuk,L,farkli,Z4,Yüksek
antalya,finike,2018,4,hayir,hayir,yok,konut,yok,yok,dikdortgen,yok,Z4,Düşük
eskişehir,odunpazarı,1992,5,evet,hayir,yok,konut,var,hafif,U,yok,Z2,Düşük
istanbul,fatih,1980,5,evet,evet,hafif,konut,var,hafif,kompleks,farkli,Z2,Yüksek
ankara,sincan,1998,8,hayir,evet,yok,konut,var,hafif,L,uyumlu,Z3,Orta
izmir,bornova,2015,10,hayir,hayir,yok,ofis,yok,yok,dikdortgen,yok,Z4,Düşük
bursa,keles,2010,3,hayir,hayir,yok,konut,yok,yok,dikdortgen,yok,Z2,Düşük
istanbul, Zeytinburnu,1988,7,evet,evet,kolon,konut,var,buyuk,T,farkli,Z3,Yüksek
bursa,gemlik,1995,7,evet,evet,hafif,konut,var,buyuk,T,farkli,Z4,Yüksek
izmir,karşıyaka,1985,8,evet,evet,hafif,konut,emin_degil,hafif,L,farkli,Z4,Yüksek
ankara,etimesgut,2002,9,hayir,evet,yok,konut,var,hafif,U,uyumlu,Z4,Orta
istanbul,avcılar,1990,7,evet,hayir,hafif,konut,emin_degil,buyuk,dikdortgen,yok,Z4,Yüksek
sakarya,merkez,2015,5,hayir,hayir,yok,konut,yok,yok,dikdortgen,yok,Z4,Düşük
giresun,alucra,1988,6,evet,hayir,yok,okul,var,hafif,kompleks,yok,Z4,Yüksek
antalya,lara,2020,4,hayir,hayir,yok,konut,yok,yok,dikdortgen,yok,Z1,Düşük
hatay,antakya,1995,8,evet,evet,kolon,hastane,var,buyuk,T,farkli,Z4,Yüksek
kocaeli,izmit,1982,7,evet,hayir,hafif,konut,emin_degil,hafif,U,yok,Z4,Yüksek
istanbul,bakırköy,1970,8,evet,evet,hafif,konut,var,buyuk,L,farkli,Z4,Yüksek
eskişehir,odunpazarı,2010,5,hayir,hayir,yok,konut,yok,yok,dikdortgen,yok,Z2,Düşük
adana,seyhan,1992,11,evet,hayir,kolon,ofis,var,buyuk,kompleks,yok,Z4,Yüksek
manisa,demirci,2005,4,evet,hayir,yok,konut,yok,yok,dikdortgen,yok,Z2,Düşük
izmir,bornova,1995,12,hayir,hayir,yok,konut,yok,yok,dikdortgen,yok,Z4,Düşük
istanbul,tuzla,1998,6,evet,evet,yok,konut,emin_degil,hafif,T,uyumlu,Z3,Orta
ankara,mamak,2012,10,hayir,hayir,yok,konut,yok,yok,dikdortgen,yok,Z2,Düşük
bursa,nilüfer,1988,7,evet,evet,hafif,konut,var,hafif,L,uyumlu,Z3,Orta
antalya,konyaaltı,2015,6,hayir,hayir,yok,konut,yok,yok,dikdortgen,yok,Z3,Düşük
istanbul,kadıköy,1985,8,evet,evet,kolon,konut,var,buyuk,U,farkli,Z2,Yüksek
samsun,bafra,2002,5,hayir,hayir,yok,konut,yok,yok,dikdortgen,yok,Z4,Düşük
izmir,bayraklı,1990,9,evet,evet,hafif,konut,emin_degil,buyuk,T,farkli,Z4,Yüksek
tekirdağ,çorlu,2012,7,hayir,hayir,yok,konut,yok,yok,dikdortgen,yok,Z2,Düşük
ankara,keçiören,2000,8,hayir,evet,yok,konut,var,hafif,dikdortgen,uyumlu,Z2,Düşük
istanbul,pendik,2008,11,hayir,hayir,yok,ofis,yok,yok,dikdortgen,yok,Z2,Düşük
adana,yüreğir,1985,10,evet,evet,hafif,konut,var,buyuk,kompleks,farkli,Z4,Yüksek
erzincan,merkez,1998,5,evet,hayir,yok,konut,yok,hafif,L,yok,Z4,Orta
istanbul,sarıyer,2015,4,hayir,hayir,yok,konut,yok,yok,dikdortgen,yok,Z1,Düşük
bursa,osmangazi,1982,9,evet,evet,kolon,hastane,var,buyuk,T,farkli,Z4,Yüksek
izmir,konak,1988,7,evet,evet,hafif,konut,emin_degil,hafif,U,uyumlu,Z3,Orta
hatay,iskenderun,1992,10,evet,evet,kolon,konut,var,buyuk,L,farkli,Z4,Yüksek
ankara,sincan,2005,8,hayir,hayir,yok,konut,yok,yok,dikdortgen,yok,Z3,Düşük
istanbul,maltepe,2002,6,evet,evet,yok,konut,var,hafif,dikdortgen,uyumlu,Z2,Düşük
antalya,finike,1995,5,evet,hayir,hafif,okul,var,hafif,T,yok,Z4,Yüksek
sakarya,serdivan,2010,4,hayir,hayir,yok,konut,yok,yok,dikdortgen,yok,Z3,Düşük
istanbul,beşiktaş,1985,6,evet,evet,hafif,konut,emin_degil,buyuk,kompleks,farkli,Z3,Yüksek
bursa,keles,2000,3,hayir,hayir,yok,konut,yok,yok,dikdortgen,yok,Z2,Düşük
izmir,balçova,1992,7,evet,evet,hafif,konut,var,buyuk,T,farkli,Z4,Yüksek
ankara,çankaya,2012,12,hayir,hayir,yok,ofis,yok,yok,dikdortgen,yok,Z1,Düşük
samsun,canik,2005,6,hayir,hayir,yok,konut,yok,yok,dikdortgen,yok,Z2,Düşük
istanbul,fatih,1982,5,evet,evet,kolon,konut,var,hafif,U,uyumlu,Z2,Yüksek
adana,çukurova,2018,13,hayir,hayir,yok,konut,yok,yok,dikdortgen,yok,Z2,Düşük
kayseri,melikgazi,2005,9,hayir,evet,yok,konut,var,hafif,L,uyumlu,Z2,Düşük
istanbul, Zeytinburnu,1990,7,evet,evet,hafif,konut,emin_degil,hafif,dikdortgen,farkli,Z3,Orta
izmir,buca,2012,8,hayir,hayir,yok,konut,yok,yok,dikdortgen,yok,Z2,Düşük
ankara,yenimahalle,1998,7,hayir,evet,yok,konut,var,hafif,T,uyumlu,Z3,Orta
bursa,yıldırım,2008,5,hayir,hayir,yok,konut,yok,yok,dikdortgen,yok,Z2,Düşük
istanbul,kartal,2015,16,hayir,hayir,yok,konut,yok,yok,dikdortgen,yok,Z1,Düşük
giresun,alucra,1980,5,evet,hayir,kolon,konut,var,buyuk,L,yok,Z4,Yüksek
eskişehir,merkez,1995,9,evet,evet,hafif,konut,var,hafif,U,farkli,Z4,Yüksek
istanbul,avcılar,2012,6,hayir,hayir,yok,konut,yok,yok,dikdortgen,yok,Z4,Düşük
antalya,demre,2008,3,evet,hayir,yok,konut,yok,yok,dikdortgen,yok,Z4,Düşük
kocaeli,gebze,2010,7,hayir,evet,yok,konut,var,hafif,T,uyumlu,Z2,Düşük
samsun,çarşamba,1995,5,evet,hayir,hafif,okul,var,hafif,kompleks,yok,Z4,Yüksek
izmir,karşıyaka,2000,10,hayir,hayir,yok,ofis,yok,yok,dikdortgen,yok,Z4,Düşük
ankara,gölbaşı,2012,4,hayir,hayir,yok,konut,yok,yok,dikdortgen,yok,Z4,Düşük
bursa,gemlik,1988,6,evet,hayir,hafif,konut,var,hafif,L,yok,Z4,Yüksek
istanbul,bakırköy,1975,9,evet,evet,kolon,hastane,var,buyuk,T,farkli,Z4,Yüksek
hatay,antakya,2005,8,hayir,evet,yok,konut,emin_degil,hafif,U,uyumlu,Z4,Düşük
antalya,lara,2022,6,hayir,hayir,yok,konut,yok,yok,dikdortgen,yok,Z1,Düşük
sakarya,merkez,1988,5,evet,evet,kolon,konut,var,buyuk,L,farkli,Z4,Yüksek
istanbul,tuzla,2010,11,hayir,hayir,yok,konut,yok,yok,dikdortgen,yok,Z3,Düşük
izmir,bornova,2015,10,hayir,hayir,yok,konut,yok,yok,dikdortgen,yok,Z4,Düşük
ankara,etimesgut,2002,9,hayir,evet,yok,konut,var,hafif,T,uyumlu,Z4,Orta
bursa,nilüfer,1990,7,evet,evet,hafif,konut,emin_degil,buyuk,L,farkli,Z3,Yüksek
istanbul,pendik,1995,6,evet,evet,hafif,konut,var,hafif,L,uyumlu,Z2,Orta
adana,yüreğir,2015,13,hayir,hayir,yok,ofis,yok,yok,dikdortgen,yok,Z4,Düşük
muğla,datça,2018,2,hayir,hayir,yok,konut,yok,yok,dikdortgen,yok,Z1,Düşük
konya,selçuklu,1995,9,evet,hayir,yok,konut,var,hafif,T,yok,Z3,Orta
istanbul,avcılar,1985,8,evet,hayir,kolon,konut,var,buyuk,U,yok,Z4,Yüksek
izmir,bornova,2018,14,hayir,hayir,yok,konut,yok,yok,dikdortgen,yok,Z4,Düşük
ankara,keçiören,2010,7,hayir,evet,yok,konut,yok,hafif,dikdortgen,uyumlu,Z2,Düşük
samsun,atakum,2015,12,hayir,hayir,yok,konut,yok,yok,dikdortgen,yok,Z3,Düşük
istanbul,sarıyer,2002,4,hayir,hayir,yok,konut,yok,yok,dikdortgen,yok,Z1,Düşük
bursa,osmangazi,2008,11,hayir,hayir,yok,konut,yok,yok,dikdortgen,yok,Z4,Düşük
adana,seyhan,1992,9,evet,evet,hafif,konut,var,buyuk,T,farkli,Z4,Yüksek
giresun,alucra,1998,5,hayir,hayir,yok,konut,yok,yok,dikdortgen,yok,Z4,Düşük
izmir,konak,1988,8,evet,evet,kolon,okul,var,buyuk,L,farkli,Z3,Yüksek
istanbul,beşiktaş,2012,6,hayir,evet,yok,konut,yok,hafif,U,uyumlu,Z3,Düşük
ankara,mamak,2005,8,hayir,evet,yok,konut,var,hafif,dikdortgen,uyumlu,Z2,Düşük
kocaeli,izmit,1990,7,evet,evet,kolon,hastane,var,buyuk,kompleks,farkli,Z4,Yüksek
istanbul,avcılar,2005,5,hayir,evet,yok,konut,emin_degil,hafif,T,uyumlu,Z4,Düşük
antalya,lara,2000,5,evet,hayir,yok,konut,yok,yok,dikdortgen,yok,Z1,Düşük
bursa,gemlik,1985,6,evet,evet,hafif,konut,var,buyuk,U,farkli,Z4,Yüksek
izmir,balçova,2008,7,hayir,hayir,yok,konut,yok,yok,dikdortgen,yok,Z4,Düşük
ankara,çankaya,2010,10,hayir,hayir,yok,ofis,yok,yok,dikdortgen,yok,Z1,Düşük
istanbul,kadıköy,1992,7,evet,evet,hafif,konut,var,hafif,L,uyumlu,Z2,Düşük
sakarya,merkez,2008,6,hayir,evet,yok,konut,var,hafif,dikdortgen,uyumlu,Z4,Düşük
hatay,antakya,1995,8,evet,evet,kolon,konut,var,buyuk,T,farkli,Z4,Yüksek
antalya,finike,2015,4,hayir,hayir,yok,konut,yok,yok,dikdortgen,yok,Z4,Düşük
eskişehir,odunpazarı,1998,5,evet,hayir,yok,konut,var,hafif,U,yok,Z2,Düşük
istanbul,fatih,1985,5,evet,evet,hafif,konut,var,hafif,kompleks,farkli,Z2,Yüksek
ankara,sincan,2002,8,hayir,evet,yok,konut,var,hafif,L,uyumlu,Z3,Orta
izmir,bornova,2022,10,hayir,hayir,yok,ofis,yok,yok,dikdortgen,yok,Z4,Düşük
bursa,keles,2015,3,hayir,hayir,yok,konut,yok,yok,dikdortgen,yok,Z2,Düşük
istanbul, Zeytinburnu,1985,7,evet,evet,kolon,konut,var,buyuk,L,farkli,Z3,Yüksek
bursa,gemlik,1988,6,evet,evet,hafif,konut,var,buyuk,L,farkli,Z4,Yüksek
izmir,bayraklı,2010,12,hayir,hayir,yok,ofis,yok,yok,dikdortgen,yok,Z4,Düşük
ankara,etimesgut,1992,8,evet,evet,kolon,konut,var,hafif,U,uyumlu,Z4,Yüksek
istanbul,avcılar,1995,7,evet,hayir,hafif,konut,emin_degil,buyuk,T,yok,Z4,Yüksek
sakarya,merkez,2005,5,hayir,hayir,yok,konut,yok,yok,dikdortgen,yok,Z4,Düşük
giresun,alucra,1982,6,evet,hayir,yok,okul,var,hafif,kompleks,yok,Z4,Yüksek
antalya,lara,2015,4,hayir,hayir,yok,konut,yok,yok,dikdortgen,yok,Z1,Düşük
hatay,antakya,1998,8,evet,evet,kolon,hastane,var,buyuk,L,farkli,Z4,Yüksek
kocaeli,izmit,1985,7,evet,hayir,hafif,konut,emin_degil,hafif,U,yok,Z4,Yüksek
istanbul,bakırköy,1972,8,evet,evet,hafif,konut,var,buyuk,T,farkli,Z4,Yüksek
eskişehir,odunpazarı,2008,5,hayir,hayir,yok,konut,yok,yok,dikdortgen,yok,Z2,Düşük
adana,seyhan,1992,11,evet,hayir,kolon,ofis,var,buyuk,kompleks,yok,Z4,Yüksek
manisa,demirci,2010,4,evet,hayir,yok,konut,yok,yok,dikdortgen,yok,Z2,Düşük
izmir,bornova,1995,12,hayir,hayir,yok,konut,yok,yok,dikdortgen,yok,Z4,Düşük
istanbul,tuzla,1990,6,evet,evet,yok,konut,emin_degil,hafif,U,uyumlu,Z3,Orta
ankara,mamak,2005,10,hayir,hayir,yok,konut,yok,yok,dikdortgen,yok,Z2,Düşük
bursa,nilüfer,1998,7,evet,evet,hafif,konut,var,hafif,L,uyumlu,Z3,Orta
antalya,konyaaltı,2015,6,hayir,hayir,yok,konut,yok,yok,dikdortgen,yok,Z3,Düşük
istanbul,kadıköy,1985,8,evet,evet,kolon,konut,var,buyuk,T,farkli,Z2,Yüksek
samsun,bafra,2010,5,hayir,hayir,yok,konut,yok,yok,dikdortgen,yok,Z4,Düşük
izmir,karşıyaka,1992,9,evet,evet,hafif,konut,emin_degil,buyuk,L,farkli,Z4,Yüksek
tekirdağ,çorlu,2012,7,hayir,hayir,yok,konut,yok,yok,dikdortgen,yok,Z2,Düşük
ankara,keçiören,2000,8,hayir,evet,yok,konut,var,hafif,dikdortgen,uyumlu,Z2,Düşük
istanbul,pendik,2015,11,hayir,hayir,yok,ofis,yok,yok,dikdortgen,yok,Z2,Düşük
adana,yüreğir,1985,10,evet,evet,hafif,konut,var,buyuk,kompleks,farkli,Z4,Yüksek
erzincan,merkez,2008,5,evet,hayir,yok,konut,yok,hafif,U,yok,Z4,Orta
istanbul,sarıyer,2005,4,hayir,hayir,yok,konut,yok,yok,dikdortgen,yok,Z1,Düşük
bursa,osmangazi,1990,9,evet,evet,kolon,hastane,var,buyuk,L,farkli,Z4,Yüksek
izmir,konak,1985,7,evet,evet,hafif,konut,emin_degil,hafif,T,uyumlu,Z3,Orta
hatay,iskenderun,1995,10,evet,evet,kolon,konut,var,buyuk,U,farkli,Z4,Yüksek
ankara,sincan,2008,8,hayir,hayir,yok,konut,yok,yok,dikdortgen,yok,Z3,Düşük
istanbul,maltepe,2000,6,evet,evet,yok,konut,var,hafif,dikdortgen,uyumlu,Z2,Düşük
antalya,finike,1998,5,evet,hayir,hafif,okul,var,hafif,L,yok,Z4,Yüksek
sakarya,serdivan,2018,4,hayir,hayir,yok,konut,yok,yok,dikdortgen,yok,Z3,Düşük
istanbul,beşiktaş,1982,6,evet,evet,hafif,konut,emin_degil,buyuk,T,farkli,Z3,Yüksek
bursa,keles,2010,3,hayir,hayir,yok,konut,yok,yok,dikdortgen,yok,Z2,Düşük
izmir,balçova,1995,7,evet,evet,hafif,konut,var,buyuk,U,farkli,Z4,Yüksek
ankara,çankaya,2015,12,hayir,hayir,yok,ofis,yok,yok,dikdortgen,yok,Z1,Düşük
samsun,canik,2005,6,hayir,hayir,yok,konut,yok,yok,dikdortgen,yok,Z2,Düşük
istanbul,fatih,1988,5,evet,evet,kolon,konut,var,hafif,kompleks,uyumlu,Z2,Yüksek
adana,çukurova,2012,13,hayir,hayir,yok,konut,yok,yok,dikdortgen,yok,Z2,Düşük
kayseri,melikgazi,2002,9,hayir,evet,yok,konut,var,hafif,L,uyumlu,Z2,Düşük
istanbul, Zeytinburnu,1995,7,evet,evet,hafif,konut,emin_degil,hafif,T,farkli,Z3,Orta
izmir,buca,2005,8,hayir,hayir,yok,konut,yok,yok,dikdortgen,yok,Z2,Düşük
ankara,yenimahalle,1992,7,hayir,evet,yok,konut,var,hafif,U,uyumlu,Z3,Orta
bursa,yıldırım,2015,5,hayir,hayir,yok,konut,yok,yok,dikdortgen,yok,Z2,Düşük
istanbul,kartal,2010,16,hayir,hayir,yok,konut,yok,yok,dikdortgen,yok,Z1,Düşük
giresun,alucra,1985,5,evet,hayir,kolon,konut,var,buyuk,L,yok,Z4,Yüksek
eskişehir,merkez,1990,9,evet,evet,hafif,konut,var,hafif,T,farkli,Z4,Yüksek
istanbul,avcılar,2018,6,hayir,hayir,yok,konut,yok,yok,dikdortgen,yok,Z4,Düşük
antalya,demre,2005,3,evet,hayir,yok,konut,yok,yok,dikdortgen,yok,Z4,Düşük
kocaeli,gebze,2012,7,hayir,evet,yok,konut,var,hafif,U,uyumlu,Z2,Düşük
samsun,çarşamba,1992,5,evet,hayir,hafif,okul,var,hafif,L,yok,Z4,Yüksek
izmir,bayraklı,2002,10,hayir,hayir,yok,ofis,yok,yok,dikdortgen,yok,Z4,Düşük
ankara,gölbaşı,2015,4,hayir,hayir,yok,konut,yok,yok,dikdortgen,yok,Z4,Düşük
bursa,gemlik,1998,6,evet,hayir,hafif,konut,var,hafif,T,yok,Z4,Yüksek
istanbul,bakırköy,1975,9,evet,evet,kolon,hastane,var,buyuk,L,farkli,Z4,Yüksek
hatay,antakya,2008,8,hayir,evet,yok,konut,emin_degil,hafif,U,uyumlu,Z4,Düşük
antalya,lara,2018,5,hayir,hayir,yok,konut,yok,yok,dikdortgen,yok,Z1,Düşük
sakarya,merkez,1995,5,evet,evet,kolon,konut,var,buyuk,kompleks,farkli,Z4,Yüksek
istanbul,tuzla,2012,11,hayir,hayir,yok,konut,yok,yok,dikdortgen,yok,Z3,Düşük
izmir,karşıyaka,2002,10,hayir,hayir,yok,konut,yok,yok,dikdortgen,yok,Z4,Düşük
ankara,etimesgut,1992,9,hayir,evet,yok,konut,var,hafif,L,uyumlu,Z4,Orta
bursa,nilüfer,1985,7,evet,evet,hafif,konut,emin_degil,buyuk,T,farkli,Z3,Yüksek
istanbul,pendik,2005,6,evet,evet,hafif,konut,var,hafif,U,uyumlu,Z2,Orta
adana,yüreğir,2012,13,hayir,hayir,yok,ofis,yok,yok,dikdortgen,yok,Z4,Düşük
muğla,datça,2015,2,hayir,hayir,yok,konut,yok,yok,dikdortgen,yok,Z1,Düşük
konya,selçuklu,1998,9,evet,hayir,yok,konut,var,hafif,L,yok,Z3,Orta
istanbul,avcılar,1982,8,evet,hayir,kolon,konut,var,buyuk,T,yok,Z4,Yüksek
izmir,bornova,2015,14,hayir,hayir,yok,konut,yok,yok,dikdortgen,yok,Z4,Düşük
ankara,keçiören,2008,7,hayir,evet,yok,konut,yok,hafif,dikdortgen,uyumlu,Z2,Düşük
samsun,atakum,2012,12,hayir,hayir,yok,konut,yok,yok,dikdortgen,yok,Z3,Düşük
istanbul,sarıyer,2002,4,hayir,hayir,yok,konut,yok,yok,dikdortgen,yok,Z1,Düşük
bursa,osmangazi,2005,11,hayir,hayir,yok,konut,yok,yok,dikdortgen,yok,Z4,Düşük
adana,seyhan,1995,9,evet,evet,hafif,konut,var,buyuk,U,farkli,Z4,Yüksek
giresun,alucra,1992,5,hayir,hayir,yok,konut,yok,yok,dikdortgen,yok,Z4,Düşük
izmir,konak,1985,8,evet,evet,kolon,okul,var,buyuk,T,farkli,Z3,Yüksek
istanbul,beşiktaş,2010,6,hayir,evet,yok,konut,yok,hafif,L,uyumlu,Z3,Düşük
ankara,mamak,2005,8,hayir,evet,yok,konut,var,hafif,dikdortgen,uyumlu,Z2,Düşük
kocaeli,izmit,1988,7,evet,evet,kolon,hastane,var,buyuk,kompleks,farkli,Z4,Yüksek
istanbul,avcılar,2008,5,hayir,evet,yok,konut,emin_degil,hafif,T,uyumlu,Z4,Düşük
antalya,lara,1995,5,evet,hayir,yok,konut,yok,yok,dikdortgen,yok,Z1,Düşük
bursa,gemlik,1980,6,evet,evet,hafif,konut,var,buyuk,L,farkli,Z4,Yüksek
izmir,balçova,2015,7,hayir,hayir,yok,konut,yok,yok,dikdortgen,yok,Z4,Düşük
ankara,çankaya,2018,10,hayir,hayir,yok,ofis,yok,yok,dikdortgen,yok,Z1,Düşük
istanbul,kadıköy,1995,7,evet,evet,hafif,konut,var,hafif,U,uyumlu,Z2,Düşük
sakarya,merkez,2010,6,hayir,evet,yok,konut,var,hafif,dikdortgen,uyumlu,Z4,Düşük
hatay,antakya,1990,8,evet,evet,kolon,konut,var,buyuk,T,farkli,Z4,Yüksek
antalya,finike,2022,4,hayir,hayir,yok,konut,yok,yok,dikdortgen,yok,Z4,Düşük
eskişehir,odunpazarı,1995,5,evet,hayir,yok,konut,var,hafif,L,yok,Z2,Düşük
istanbul,fatih,1988,5,evet,evet,hafif,konut,var,hafif,kompleks,farkli,Z2,Yüksek
ankara,sincan,1995,8,hayir,evet,yok,konut,var,hafif,T,uyumlu,Z3,Orta
izmir,bornova,2020,10,hayir,hayir,yok,ofis,yok,yok,dikdortgen,yok,Z4,Düşük
bursa,keles,2012,3,hayir,hayir,yok,konut,yok,yok,dikdortgen,yok,Z2,Düşük
istanbul, Zeytinburnu,1982,7,evet,evet,kolon,konut,var,buyuk,U,farkli,Z3,Yüksek
bursa,gemlik,1990,6,evet,evet,hafif,konut,var,buyuk,T,farkli,Z4,Yüksek
izmir,bayraklı,2005,11,hayir,hayir,yok,ofis,yok,yok,dikdortgen,yok,Z4,Düşük
ankara,etimesgut,1998,8,evet,evet,kolon,konut,var,hafif,U,uyumlu,Z4,Yüksek
istanbul,avcılar,1992,7,evet,hayir,hafif,konut,emin_degil,buyuk,L,yok,Z4,Yüksek
sakarya,merkez,2015,5,hayir,hayir,yok,konut,yok,yok,dikdortgen,yok,Z4,Düşük
giresun,alucra,1980,6,evet,hayir,yok,okul,var,hafif,kompleks,yok,Z4,Yüksek
antalya,lara,2018,4,hayir,hayir,yok,konut,yok,yok,dikdortgen,yok,Z1,Düşük
hatay,antakya,1995,8,evet,evet,kolon,hastane,var,buyuk,T,farkli,Z4,Yüksek
kocaeli,izmit,1982,7,evet,hayir,hafif,konut,emin_degil,hafif,U,yok,Z4,Yüksek
istanbul,bakırköy,1970,8,evet,evet,hafif,konut,var,buyuk,L,farkli,Z4,Yüksek
eskişehir,odunpazarı,2008,5,hayir,hayir,yok,konut,yok,yok,dikdortgen,yok,Z2,Düşük
adana,seyhan,1995,11,evet,hayir,kolon,ofis,var,buyuk,kompleks,yok,Z4,Yüksek
manisa,demirci,2012,4,evet,hayir,yok,konut,yok,yok,dikdortgen,yok,Z2,Düşük
izmir,bornova,2000,12,hayir,hayir,yok,konut,yok,yok,dikdortgen,yok,Z4,Düşük
istanbul,tuzla,1992,6,evet,evet,yok,konut,emin_degil,hafif,T,uyumlu,Z3,Orta
ankara,mamak,2010,10,hayir,hayir,yok,konut,yok,yok,dikdortgen,yok,Z2,Düşük
bursa,nilüfer,1990,7,evet,evet,hafif,konut,var,hafif,L,uyumlu,Z3,Orta
antalya,konyaaltı,2018,6,hayir,hayir,yok,konut,yok,yok,dikdortgen,yok,Z3,Düşük
istanbul,kadıköy,1982,8,evet,evet,kolon,konut,var,buyuk,U,farkli,Z2,Yüksek
samsun,bafra,2005,5,hayir,hayir,yok,konut,yok,yok,dikdortgen,yok,Z4,Düşük
izmir,karşıyaka,1988,9,evet,evet,hafif,konut,emin_degil,buyuk,T,farkli,Z4,Yüksek
tekirdağ,çorlu,2015,7,hayir,hayir,yok,konut,yok,yok,dikdortgen,yok,Z2,Düşük
ankara,keçiören,1998,8,hayir,evet,yok,konut,var,hafif,dikdortgen,uyumlu,Z2,Düşük
istanbul,pendik,2010,11,hayir,hayir,yok,ofis,yok,yok,dikdortgen,yok,Z2,Düşük
adana,yüreğir,1992,10,evet,evet,hafif,konut,var,buyuk,kompleks,farkli,Z4,Yüksek
erzincan,merkez,2005,5,evet,hayir,yok,konut,yok,hafif,L,yok,Z4,Orta
istanbul,sarıyer,2002,4,hayir,hayir,yok,konut,yok,yok,dikdortgen,yok,Z1,Düşük
bursa,osmangazi,1985,9,evet,evet,kolon,hastane,var,buyuk,T,farkli,Z4,Yüksek
izmir,konak,1995,7,evet,evet,hafif,konut,emin_degil,hafif,U,uyumlu,Z3,Orta
hatay,iskenderun,1980,10,evet,evet,kolon,konut,var,buyuk,L,farkli,Z4,Yüksek
ankara,sincan,2012,8,hayir,hayir,yok,konut,yok,yok,dikdortgen,yok,Z3,Düşük
istanbul,maltepe,2000,6,evet,evet,yok,konut,var,hafif,dikdortgen,uyumlu,Z2,Düşük
antalya,finike,1995,5,evet,hayir,hafif,okul,var,hafif,T,yok,Z4,Yüksek
sakarya,serdivan,2018,4,hayir,hayir,yok,konut,yok,yok,dikdortgen,yok,Z3,Düşük
istanbul,beşiktaş,1988,6,evet,evet,hafif,konut,emin_degil,buyuk,kompleks,farkli,Z3,Yüksek
bursa,keles,2008,3,hayir,hayir,yok,konut,yok,yok,dikdortgen,yok,Z2,Düşük
izmir,balçova,1992,7,evet,evet,hafif,konut,var,buyuk,T,farkli,Z4,Yüksek
ankara,çankaya,2015,12,hayir,hayir,yok,ofis,yok,yok,dikdortgen,yok,Z1,Düşük
samsun,canik,2002,6,hayir,hayir,yok,konut,yok,yok,dikdortgen,yok,Z2,Düşük
istanbul,fatih,1982,5,evet,evet,kolon,konut,var,hafif,U,uyumlu,Z2,Yüksek
adana,çukurova,2015,13,hayir,hayir,yok,konut,yok,yok,dikdortgen,yok,Z2,Düşük
kayseri,melikgazi,2005,9,hayir,evet,yok,konut,var,hafif,L,uyumlu,Z2,Düşük
istanbul, Zeytinburnu,1990,7,evet,evet,hafif,konut,emin_degil,hafif,dikdortgen,farkli,Z3,Orta
izmir,buca,2012,8,hayir,hayir,yok,konut,yok,yok,dikdortgen,yok,Z2,Düşük
ankara,yenimahalle,1995,7,hayir,evet,yok,konut,var,hafif,T,uyumlu,Z3,Orta
bursa,yıldırım,2010,5,hayir,hayir,yok,konut,yok,yok,dikdortgen,yok,Z2,Düşük
istanbul,kartal,2018,16,hayir,hayir,yok,konut,yok,yok,dikdortgen,yok,Z1,Düşük
giresun,alucra,1980,5,evet,hayir,kolon,konut,var,buyuk,L,yok,Z4,Yüksek
eskişehir,merkez,1992,9,evet,evet,hafif,konut,var,hafif,U,farkli,Z4,Yüksek
istanbul,avcılar,2015,6,hayir,hayir,yok,konut,yok,yok,dikdortgen,yok,Z4,Düşük
antalya,demre,2008,3,evet,hayir,yok,konut,yok,yok,dikdortgen,yok,Z4,Düşük
kocaeli,gebze,2012,7,hayir,evet,yok,konut,var,hafif,T,uyumlu,Z2,Düşük
samsun,çarşamba,1990,5,evet,hayir,hafif,okul,var,hafif,kompleks,yok,Z4,Yüksek
izmir,bayraklı,2000,10,hayir,hayir,yok,ofis,yok,yok,dikdortgen,yok,Z4,Düşük
ankara,gölbaşı,2018,4,hayir,hayir,yok,konut,yok,yok,dikdortgen,yok,Z4,Düşük
bursa,gemlik,1995,6,evet,hayir,hafif,konut,var,hafif,L,yok,Z4,Yüksek
istanbul,bakırköy,1978,9,evet,evet,kolon,hastane,var,buyuk,T,farkli,Z4,Yüksek
hatay,antakya,2012,8,hayir,evet,yok,konut,emin_degil,hafif,U,uyumlu,Z4,Düşük
antalya,lara,2015,5,hayir,hayir,yok,konut,yok,yok,dikdortgen,yok,Z1,Düşük
sakarya,merkez,1998,5,evet,evet,kolon,konut,var,buyuk,L,farkli,Z4,Yüksek
istanbul,tuzla,2015,11,hayir,hayir,yok,konut,yok,yok,dikdortgen,yok,Z3,Düşük
izmir,karşıyaka,2005,10,hayir,hayir,yok,konut,yok,yok,dikdortgen,yok,Z4,Düşük
ankara,etimesgut,1992,9,hayir,evet,yok,konut,var,hafif,T,uyumlu,Z4,Orta
bursa,nilüfer,1988,7,evet,evet,hafif,konut,emin_degil,buyuk,U,farkli,Z3,Yüksek
istanbul,pendik,2002,6,evet,evet,hafif,konut,var,hafif,L,uyumlu,Z2,Orta
adana,yüreğir,2018,13,hayir,hayir,yok,ofis,yok,yok,dikdortgen,yok,Z4,Düşük
muğla,datça,2012,2,hayir,hayir,yok,konut,yok,yok,dikdortgen,yok,Z1,Düşük
konya,selçuklu,1995,9,evet,hayir,yok,konut,var,hafif,T,yok,Z3,Orta
istanbul,avcılar,1985,8,evet,hayir,kolon,konut,var,buyuk,U,yok,Z4,Yüksek
izmir,bornova,2018,14,hayir,hayir,yok,konut,yok,yok,dikdortgen,yok,Z4,Düşük
ankara,keçiören,2005,7,hayir,evet,yok,konut,yok,hafif,dikdortgen,uyumlu,Z2,Düşük
samsun,atakum,2010,12,hayir,hayir,yok,konut,yok,yok,dikdortgen,yok,Z3,Düşük
istanbul,sarıyer,2005,4,hayir,hayir,yok,konut,yok,yok,dikdortgen,yok,Z1,Düşük
bursa,osmangazi,2008,11,hayir,hayir,yok,konut,yok,yok,dikdortgen,yok,Z4,Düşük
adana,seyhan,1995,9,evet,evet,hafif,konut,var,buyuk,T,farkli,Z4,Yüksek
giresun,alucra,1992,5,hayir,hayir,yok,konut,yok,yok,dikdortgen,yok,Z4,Düşük
izmir,konak,1982,8,evet,evet,kolon,okul,var,buyuk,L,farkli,Z3,Yüksek
istanbul,beşiktaş,2012,6,hayir,evet,yok,konut,yok,hafif,U,uyumlu,Z3,Düşük
ankara,mamak,2002,8,hayir,evet,yok,konut,var,hafif,dikdortgen,uyumlu,Z2,Düşük
kocaeli,izmit,1985,7,evet,evet,kolon,hastane,var,buyuk,kompleks,farkli,Z4,Yüksek
istanbul,avcılar,2008,5,hayir,evet,yok,konut,emin_degil,hafif,T,uyumlu,Z4,Düşük
antalya,lara,1992,5,evet,hayir,yok,konut,yok,yok,dikdortgen,yok,Z1,Düşük
bursa,gemlik,1978,6,evet,evet,hafif,konut,var,buyuk,U,farkli,Z4,Yüksek
izmir,balçova,2010,7,hayir,hayir,yok,konut,yok,yok,dikdortgen,yok,Z4,Düşük
ankara,çankaya,2015,10,hayir,hayir,yok,ofis,yok,yok,dikdortgen,yok,Z1,Düşük
istanbul,kadıköy,1988,7,evet,evet,hafif,konut,var,hafif,L,uyumlu,Z2,Düşük
sakarya,merkez,2005,6,hayir,evet,yok,konut,var,hafif,dikdortgen,uyumlu,Z4,Düşük
hatay,antakya,1992,8,evet,evet,kolon,konut,var,buyuk,T,farkli,Z4,Yüksek
antalya,finike,2018,4,hayir,hayir,yok,konut,yok,yok,dikdortgen,yok,Z4,Düşük
eskişehir,odunpazarı,1995,5,evet,hayir,yok,konut,var,hafif,U,yok,Z2,Düşük
istanbul,fatih,1985,5,evet,evet,hafif,konut,var,hafif,kompleks,farkli,Z2,Yüksek
ankara,sincan,1998,8,hayir,evet,yok,konut,var,hafif,L,uyumlu,Z3,Orta
izmir,bornova,2022,10,hayir,hayir,yok,ofis,yok,yok,dikdortgen,yok,Z4,Düşük
bursa,keles,2010,3,hayir,hayir,yok,konut,yok,yok,dikdortgen,yok,Z2,Düşük
istanbul, Zeytinburnu,1988,7,evet,evet,kolon,konut,var,buyuk,L,farkli,Z3,Yüksek
bursa,gemlik,1982,5,evet,evet,hafif,konut,var,buyuk,L,farkli,Z4,Yüksek
izmir,bayraklı,2008,11,hayir,hayir,yok,ofis,yok,yok,dikdortgen,yok,Z4,Düşük
ankara,etimesgut,1995,8,evet,evet,kolon,konut,var,hafif,U,uyumlu,Z4,Yüksek
istanbul,avcılar,1990,7,evet,hayir,hafif,konut,emin_degil,buyuk,T,yok,Z4,Yüksek
sakarya,merkez,2012,5,hayir,hayir,yok,konut,yok,yok,dikdortgen,yok,Z4,Düşük
giresun,alucra,1985,6,evet,hayir,yok,okul,var,hafif,kompleks,yok,Z4,Yüksek
antalya,lara,2018,4,hayir,hayir,yok,konut,yok,yok,dikdortgen,yok,Z1,Düşük
hatay,antakya,1992,8,evet,evet,kolon,hastane,var,buyuk,L,farkli,Z4,Yüksek
kocaeli,izmit,1988,7,evet,hayir,hafif,konut,emin_degil,hafif,U,yok,Z4,Yüksek
istanbul,bakırköy,1975,8,evet,evet,hafif,konut,var,buyuk,T,farkli,Z4,Yüksek
eskişehir,odunpazarı,2015,5,hayir,hayir,yok,konut,yok,yok,dikdortgen,yok,Z2,Düşük
adana,seyhan,1990,11,evet,hayir,kolon,ofis,var,buyuk,kompleks,yok,Z4,Yüksek
manisa,demirci,2005,4,evet,hayir,yok,konut,yok,yok,dikdortgen,yok,Z2,Düşük
izmir,bornova,2000,12,hayir,hayir,yok,konut,yok,yok,dikdortgen,yok,Z4,Düşük
istanbul,tuzla,1995,6,evet,evet,yok,konut,emin_degil,hafif,U,uyumlu,Z3,Orta
ankara,mamak,2010,10,hayir,hayir,yok,konut,yok,yok,dikdortgen,yok,Z2,Düşük
bursa,nilüfer,1992,7,evet,evet,hafif,konut,var,hafif,L,uyumlu,Z3,Orta
antalya,konyaaltı,2012,6,hayir,hayir,yok,konut,yok,yok,dikdortgen,yok,Z3,Düşük
istanbul,kadıköy,1980,8,evet,evet,kolon,konut,var,buyuk,T,farkli,Z2,Yüksek
samsun,bafra,2002,5,hayir,hayir,yok,konut,yok,yok,dikdortgen,yok,Z4,Düşük
izmir,karşıyaka,1988,9,evet,evet,hafif,konut,emin_degil,buyuk,U,farkli,Z4,Yüksek
tekirdağ,çorlu,2018,7,hayir,hayir,yok,konut,yok,yok,dikdortgen,yok,Z2,Düşük
ankara,keçiören,1995,8,hayir,evet,yok,konut,var,hafif,dikdortgen,uyumlu,Z2,Düşük
istanbul,pendik,2008,11,hayir,hayir,yok,ofis,yok,yok,dikdortgen,yok,Z2,Düşük
adana,yüreğir,1990,10,evet,evet,hafif,konut,var,buyuk,kompleks,farkli,Z4,Yüksek
erzincan,merkez,2005,5,evet,hayir,yok,konut,yok,hafif,L,yok,Z4,Orta
istanbul,sarıyer,2010,4,hayir,hayir,yok,konut,yok,yok,dikdortgen,yok,Z1,Düşük
bursa,osmangazi,1985,9,evet,evet,kolon,hastane,var,buyuk,T,farkli,Z4,Yüksek
izmir,konak,1992,7,evet,evet,hafif,konut,emin_degil,hafif,U,uyumlu,Z3,Orta
hatay,iskenderun,1980,10,evet,evet,kolon,konut,var,buyuk,L,farkli,Z4,Yüksek
ankara,sincan,2012,8,hayir,hayir,yok,konut,yok,yok,dikdortgen,yok,Z3,Düşük
istanbul,maltepe,1998,6,evet,evet,yok,konut,var,hafif,dikdortgen,uyumlu,Z2,Düşük
antalya,finike,1992,5,evet,hayir,hafif,okul,var,hafif,T,yok,Z4,Yüksek
sakarya,serdivan,2015,4,hayir,hayir,yok,konut,yok,yok,dikdortgen,yok,Z3,Düşük
istanbul,beşiktaş,1982,6,evet,evet,hafif,konut,emin_degil,buyuk,kompleks,farkli,Z3,Yüksek
bursa,keles,2005,3,hayir,hayir,yok,konut,yok,yok,dikdortgen,yok,Z2,Düşük
izmir,balçova,1990,7,evet,evet,hafif,konut,var,buyuk,T,farkli,Z4,Yüksek
ankara,çankaya,2018,12,hayir,hayir,yok,ofis,yok,yok,dikdortgen,yok,Z1,Düşük
samsun,canik,2002,6,hayir,hayir,yok,konut,yok,yok,dikdortgen,yok,Z2,Düşük
istanbul,fatih,1988,5,evet,evet,kolon,konut,var,hafif,U,uyumlu,Z2,Yüksek
adana,çukurova,2012,13,hayir,hayir,yok,konut,yok,yok,dikdortgen,yok,Z2,Düşük
kayseri,melikgazi,2000,9,hayir,evet,yok,konut,var,hafif,L,uyumlu,Z2,Düşük
istanbul, Zeytinburnu,1995,7,evet,evet,hafif,konut,emin_degil,hafif,dikdortgen,farkli,Z3,Orta
izmir,buca,2010,8,hayir,hayir,yok,konut,yok,yok,dikdortgen,yok,Z2,Düşük
ankara,yenimahalle,1992,7,hayir,evet,yok,konut,var,hafif,T,uyumlu,Z3,Orta
bursa,yıldırım,2015,5,hayir,hayir,yok,konut,yok,yok,dikdortgen,yok,Z2,Düşük
istanbul,kartal,2010,16,hayir,hayir,yok,konut,yok,yok,dikdortgen,yok,Z1,Düşük
giresun,alucra,1978,5,evet,hayir,kolon,konut,var,buyuk,L,yok,Z4,Yüksek
eskişehir,merkez,1990,9,evet,evet,hafif,konut,var,hafif,U,farkli,Z4,Yüksek
istanbul,avcılar,2018,6,hayir,hayir,yok,konut,yok,yok,dikdortgen,yok,Z4,Düşük
antalya,demre,2005,3,evet,hayir,yok,konut,yok,yok,dikdortgen,yok,Z4,Düşük
kocaeli,gebze,2008,7,hayir,evet,yok,konut,var,hafif,T,uyumlu,Z2,Düşük
samsun,çarşamba,1992,5,evet,hayir,hafif,okul,var,hafif,kompleks,yok,Z4,Yüksek
izmir,bayraklı,2000,10,hayir,hayir,yok,ofis,yok,yok,dikdortgen,yok,Z4,Düşük
ankara,gölbaşı,2015,4,hayir,hayir,yok,konut,yok,yok,dikdortgen,yok,Z4,Düşük
bursa,gemlik,1995,6,evet,hayir,hafif,konut,var,hafif,L,yok,Z4,Yüksek
istanbul,bakırköy,1972,9,evet,evet,kolon,hastane,var,buyuk,T,farkli,Z4,Yüksek
hatay,antakya,2010,8,hayir,evet,yok,konut,emin_degil,hafif,U,uyumlu,Z4,Düşük
antalya,lara,2015,6,hayir,hayir,yok,konut,yok,yok,dikdortgen,yok,Z1,Düşük
sakarya,merkez,1992,5,evet,evet,kolon,konut,var,buyuk,L,farkli,Z4,Yüksek
istanbul,tuzla,2015,11,hayir,hayir,yok,konut,yok,yok,dikdortgen,yok,Z3,Düşük
izmir,karşıyaka,2005,10,hayir,hayir,yok,konut,yok,yok,dikdortgen,yok,Z4,Düşük
ankara,etimesgut,1998,9,hayir,evet,yok,konut,var,hafif,T,uyumlu,Z4,Orta
bursa,nilüfer,1985,7,evet,evet,hafif,konut,emin_degil,buyuk,U,farkli,Z3,Yüksek
istanbul,pendik,2002,6,evet,evet,hafif,konut,var,hafif,L,uyumlu,Z2,Orta
adana,yüreğir,2015,13,hayir,hayir,yok,ofis,yok,yok,dikdortgen,yok,Z4,Düşük
muğla,datça,2012,2,hayir,hayir,yok,konut,yok,yok,dikdortgen,yok,Z1,Düşük
konya,selçuklu,1995,9,evet,hayir,yok,konut,var,hafif,T,yok,Z3,Orta
istanbul,avcılar,1985,8,evet,hayir,kolon,konut,var,buyuk,U,yok,Z4,Yüksek
izmir,bornova,2015,14,hayir,hayir,yok,konut,yok,yok,dikdortgen,yok,Z4,Düşük
ankara,keçiören,2008,7,hayir,evet,yok,konut,yok,hafif,dikdortgen,uyumlu,Z2,Düşük
samsun,atakum,2010,12,hayir,hayir,yok,konut,yok,yok,dikdortgen,yok,Z3,Düşük
istanbul,sarıyer,2005,4,hayir,hayir,yok,konut,yok,yok,dikdortgen,yok,Z1,Düşük
bursa,osmangazi,2005,11,hayir,hayir,yok,konut,yok,yok,dikdortgen,yok,Z4,Düşük
adana,seyhan,1992,9,evet,evet,hafif,konut,var,buyuk,T,farkli,Z4,Yüksek
giresun,alucra,1992,5,hayir,hayir,yok,konut,yok,yok,dikdortgen,yok,Z4,Düşük
izmir,konak,1985,8,evet,evet,kolon,okul,var,buyuk,L,farkli,Z3,Yüksek
istanbul,beşiktaş,2012,6,hayir,evet,yok,konut,yok,hafif,U,uyumlu,Z3,Düşük
ankara,mamak,2002,8,hayir,evet,yok,konut,var,hafif,dikdortgen,uyumlu,Z2,Düşük
kocaeli,izmit,1988,7,evet,evet,kolon,hastane,var,buyuk,kompleks,farkli,Z4,Yüksek
istanbul,avcılar,2008,5,hayir,evet,yok,konut,emin_degil,hafif,T,uyumlu,Z4,Düşük
antalya,lara,1995,5,evet,hayir,yok,konut,yok,yok,dikdortgen,yok,Z1,Düşük
bursa,gemlik,1980,6,evet,evet,hafif,konut,var,buyuk,L,farkli,Z4,Yüksek
izmir,balçova,2010,7,hayir,hayir,yok,konut,yok,yok,dikdortgen,yok,Z4,Düşük
ankara,çankaya,2015,10,hayir,hayir,yok,ofis,yok,yok,dikdortgen,yok,Z1,Düşük
istanbul,kadıköy,1992,7,evet,evet,hafif,konut,var,hafif,T,uyumlu,Z2,Düşük
sakarya,merkez,2008,6,hayir,evet,yok,konut,var,hafif,dikdortgen,uyumlu,Z4,Düşük
hatay,antakya,1988,8,evet,evet,kolon,konut,var,buyuk,L,farkli,Z4,Yüksek
antalya,finike,2018,4,hayir,hayir,yok,konut,yok,yok,dikdortgen,yok,Z4,Düşük
eskişehir,odunpazarı,1995,5,evet,hayir,yok,konut,var,hafif,U,yok,Z2,Düşük
istanbul,fatih,1985,5,evet,evet,hafif,konut,var,hafif,kompleks,farkli,Z2,Yüksek
ankara,sincan,1998,8,hayir,evet,yok,konut,var,hafif,T,uyumlu,Z3,Orta
izmir,bornova,2020,10,hayir,hayir,yok,ofis,yok,yok,dikdortgen,yok,Z4,Düşük
bursa,keles,2012,3,hayir,hayir,yok,konut,yok,yok,dikdortgen,yok,Z2,Düşük
istanbul, Zeytinburnu,1988,7,evet,evet,kolon,konut,var,buyuk,L,farkli,Z3,Yüksek
bursa,gemlik,1995,7,evet,hayir,hafif,konut,var,hafif,L,yok,Z4,Yüksek
izmir,bayraklı,2010,12,hayir,hayir,yok,ofis,yok,yok,dikdortgen,yok,Z4,Düşük
ankara,etimesgut,1990,8,evet,evet,kolon,konut,var,hafif,U,uyumlu,Z4,Yüksek
istanbul,avcılar,1998,7,evet,hayir,hafif,konut,emin_degil,buyuk,T,yok,Z4,Yüksek
sakarya,merkez,2008,5,hayir,hayir,yok,konut,yok,yok,dikdortgen,yok,Z4,Düşük
giresun,alucra,1982,6,evet,hayir,yok,okul,var,hafif,kompleks,yok,Z4,Yüksek
antalya,lara,2015,4,hayir,hayir,yok,konut,yok,yok,dikdortgen,yok,Z1,Düşük
hatay,antakya,1995,8,evet,evet,kolon,hastane,var,buyuk,L,farkli,Z4,Yüksek
kocaeli,izmit,1982,7,evet,hayir,hafif,konut,emin_degil,hafif,U,yok,Z4,Yüksek
istanbul,bakırköy,1970,8,evet,evet,hafif,konut,var,buyuk,T,farkli,Z4,Yüksek
eskişehir,odunpazarı,2012,5,hayir,hayir,yok,konut,yok,yok,dikdortgen,yok,Z2,Düşük
adana,seyhan,1992,11,evet,hayir,kolon,ofis,var,buyuk,kompleks,yok,Z4,Yüksek
manisa,demirci,2005,4,evet,hayir,yok,konut,yok,yok,dikdortgen,yok,Z2,Düşük
izmir,bornova,2000,12,hayir,hayir,yok,konut,yok,yok,dikdortgen,yok,Z4,Düşük
istanbul,tuzla,1990,6,evet,evet,yok,konut,emin_degil,hafif,U,uyumlu,Z3,Orta
ankara,mamak,2008,10,hayir,hayir,yok,konut,yok,yok,dikdortgen,yok,Z2,Düşük
bursa,nilüfer,1995,7,evet,evet,hafif,konut,var,hafif,L,uyumlu,Z3,Orta
antalya,konyaaltı,2015,6,hayir,hayir,yok,konut,yok,yok,dikdortgen,yok,Z3,Düşük
istanbul,kadıköy,1985,8,evet,evet,kolon,konut,var,buyuk,T,farkli,Z2,Yüksek
samsun,bafra,2005,5,hayir,hayir,yok,konut,yok,yok,dikdortgen,yok,Z4,Düşük
izmir,karşıyaka,1992,9,evet,evet,hafif,konut,emin_degil,buyuk,L,farkli,Z4,Yüksek
tekirdağ,çorlu,2015,7,hayir,hayir,yok,konut,yok,yok,dikdortgen,yok,Z2,Düşük
ankara,keçiören,1998,8,hayir,evet,yok,konut,var,hafif,dikdortgen,uyumlu,Z2,Düşük
istanbul,pendik,2010,11,hayir,hayir,yok,ofis,yok,yok,dikdortgen,yok,Z2,Düşük
adana,yüreğir,1985,10,evet,evet,hafif,konut,var,buyuk,kompleks,farkli,Z4,Yüksek
erzincan,merkez,2002,5,evet,hayir,yok,konut,yok,hafif,U,yok,Z4,Orta
istanbul,sarıyer,2008,4,hayir,hayir,yok,konut,yok,yok,dikdortgen,yok,Z1,Düşük
bursa,osmangazi,1990,9,evet,evet,kolon,hastane,var,buyuk,L,farkli,Z4,Yüksek
izmir,konak,1988,7,evet,evet,hafif,konut,emin_degil,hafif,T,uyumlu,Z3,Orta
hatay,iskenderun,1995,10,evet,evet,kolon,konut,var,buyuk,U,farkli,Z4,Yüksek
ankara,sincan,2008,8,hayir,hayir,yok,konut,yok,yok,dikdortgen,yok,Z3,Düşük
istanbul,maltepe,2000,6,evet,evet,yok,konut,var,hafif,dikdortgen,uyumlu,Z2,Düşük
antalya,finike,1998,5,evet,hayir,hafif,okul,var,hafif,L,yok,Z4,Yüksek
sakarya,serdivan,2018,4,hayir,hayir,yok,konut,yok,yok,dikdortgen,yok,Z3,Düşük
istanbul,beşiktaş,1982,6,evet,evet,hafif,konut,emin_degil,buyuk,T,farkli,Z3,Yüksek
bursa,keles,2010,3,hayir,hayir,yok,konut,yok,yok,dikdortgen,yok,Z2,Düşük
izmir,balçova,1995,7,evet,evet,hafif,konut,var,buyuk,U,farkli,Z4,Yüksek
ankara,çankaya,2015,12,hayir,hayir,yok,ofis,yok,yok,dikdortgen,yok,Z1,Düşük
samsun,canik,2005,6,hayir,hayir,yok,konut,yok,yok,dikdortgen,yok,Z2,Düşük
istanbul,fatih,1988,5,evet,evet,kolon,konut,var,hafif,kompleks,uyumlu,Z2,Yüksek
adana,çukurova,2012,13,hayir,hayir,yok,konut,yok,yok,dikdortgen,yok,Z2,Düşük
kayseri,melikgazi,2002,9,hayir,evet,yok,konut,var,hafif,L,uyumlu,Z2,Düşük
istanbul, Zeytinburnu,1995,7,evet,evet,hafif,konut,emin_degil,hafif,T,farkli,Z3,Orta
izmir,buca,2005,8,hayir,hayir,yok,konut,yok,yok,dikdortgen,yok,Z2,Düşük
ankara,yenimahalle,1992,7,hayir,evet,yok,konut,var,hafif,U,uyumlu,Z3,Orta
bursa,yıldırım,2015,5,hayir,hayir,yok,konut,yok,yok,dikdortgen,yok,Z2,Düşük
istanbul,kartal,2010,16,hayir,hayir,yok,konut,yok,yok,dikdortgen,yok,Z1,Düşük
giresun,alucra,1985,5,evet,hayir,kolon,konut,var,buyuk,L,yok,Z4,Yüksek
eskişehir,merkez,1990,9,evet,evet,hafif,konut,var,hafif,T,farkli,Z4,Yüksek
istanbul,avcılar,2018,6,hayir,hayir,yok,konut,yok,yok,dikdortgen,yok,Z4,Düşük
antalya,demre,2005,3,evet,hayir,yok,konut,yok,yok,dikdortgen,yok,Z4,Düşük
kocaeli,gebze,2012,7,hayir,evet,yok,konut,var,hafif,U,uyumlu,Z2,Düşük
samsun,çarşamba,1992,5,evet,hayir,hafif,okul,var,hafif,L,yok,Z4,Yüksek
izmir,bayraklı,2000,10,hayir,hayir,yok,ofis,yok,yok,dikdortgen,yok,Z4,Düşük
ankara,gölbaşı,2015,4,hayir,hayir,yok,konut,yok,yok,dikdortgen,yok,Z4,Düşük
bursa,gemlik,1995,6,evet,hayir,hafif,konut,var,hafif,T,yok,Z4,Yüksek
istanbul,bakırköy,1972,9,evet,evet,kolon,hastane,var,buyuk,L,farkli,Z4,Yüksek
hatay,antakya,2010,8,hayir,evet,yok,konut,emin_degil,hafif,U,uyumlu,Z4,Düşük
antalya,lara,2015,6,hayir,hayir,yok,konut,yok,yok,dikdortgen,yok,Z1,Düşük
sakarya,merkez,1992,5,evet,evet,kolon,konut,var,buyuk,L,farkli,Z4,Yüksek
istanbul,tuzla,2015,11,hayir,hayir,yok,konut,yok,yok,dikdortgen,yok,Z3,Düşük
izmir,karşıyaka,2005,10,hayir,hayir,yok,konut,yok,yok,dikdortgen,yok,Z4,Düşük
ankara,etimesgut,1998,9,hayir,evet,yok,konut,var,hafif,T,uyumlu,Z4,Orta
bursa,nilüfer,1985,7,evet,evet,hafif,konut,emin_degil,buyuk,U,farkli,Z3,Yüksek
istanbul,pendik,2002,6,evet,evet,hafif,konut,var,hafif,L,uyumlu,Z2,Orta
adana,yüreğir,2015,13,hayir,hayir,yok,ofis,yok,yok,dikdortgen,yok,Z4,Düşük
muğla,datça,2012,2,hayir,hayir,yok,konut,yok,yok,dikdortgen,yok,Z1,Düşük
konya,selçuklu,1995,9,evet,hayir,yok,konut,var,hafif,T,yok,Z3,Orta
istanbul,avcılar,1985,8,evet,hayir,kolon,konut,var,buyuk,U,yok,Z4,Yüksek
izmir,bornova,2015,14,hayir,hayir,yok,konut,yok,yok,dikdortgen,yok,Z4,Düşük
ankara,keçiören,2008,7,hayir,evet,yok,konut,yok,hafif,dikdortgen,uyumlu,Z2,Düşük
samsun,atakum,2010,12,hayir,hayir,yok,konut,yok,yok,dikdortgen,yok,Z3,Düşük
istanbul,sarıyer,2005,4,hayir,hayir,yok,konut,yok,yok,dikdortgen,yok,Z1,Düşük
bursa,osmangazi,2005,11,hayir,hayir,yok,konut,yok,yok,dikdortgen,yok,Z4,Düşük
adana,seyhan,1992,9,evet,evet,hafif,konut,var,buyuk,T,farkli,Z4,Yüksek
giresun,alucra,1992,5,hayir,hayir,yok,konut,yok,yok,dikdortgen,yok,Z4,Düşük
izmir,konak,1985,8,evet,evet,kolon,okul,var,buyuk,L,farkli,Z3,Yüksek
istanbul,beşiktaş,2012,6,hayir,evet,yok,konut,yok,hafif,U,uyumlu,Z3,Düşük
ankara,mamak,2002,8,hayir,evet,yok,konut,var,hafif,dikdortgen,uyumlu,Z2,Düşük
kocaeli,izmit,1988,7,evet,evet,kolon,hastane,var,buyuk,kompleks,farkli,Z4,Yüksek
istanbul,avcılar,2008,5,hayir,evet,yok,konut,emin_degil,hafif,T,uyumlu,Z4,Düşük
antalya,lara,1995,5,evet,hayir,yok,konut,yok,yok,dikdortgen,yok,Z1,Düşük
bursa,gemlik,1980,6,evet,evet,hafif,konut,var,buyuk,L,farkli,Z4,Yüksek
izmir,balçova,2010,7,hayir,hayir,yok,konut,yok,yok,dikdortgen,yok,Z4,Düşük
ankara,çankaya,2015,10,hayir,hayir,yok,ofis,yok,yok,dikdortgen,yok,Z1,Düşük
istanbul,kadıköy,1992,7,evet,evet,hafif,konut,var,hafif,T,uyumlu,Z2,Düşük
sakarya,merkez,2008,6,hayir,evet,yok,konut,var,hafif,dikdortgen,uyumlu,Z4,Düşük
hatay,antakya,1988,8,evet,evet,kolon,konut,var,buyuk,L,farkli,Z4,Yüksek
antalya,finike,2018,4,hayir,hayir,yok,konut,yok,yok,dikdortgen,yok,Z4,Düşük
eskişehir,odunpazarı,1995,5,evet,hayir,yok,konut,var,hafif,U,yok,Z2,Düşük
istanbul,fatih,1985,5,evet,evet,hafif,konut,var,hafif,kompleks,farkli,Z2,Yüksek
ankara,sincan,1998,8,hayir,evet,yok,konut,var,hafif,T,uyumlu,Z3,Orta
izmir,bornova,2020,10,hayir,hayir,yok,ofis,yok,yok,dikdortgen,yok,Z4,Düşük
bursa,keles,2012,3,hayir,hayir,yok,konut,yok,yok,dikdortgen,yok,Z2,Düşük
istanbul, Zeytinburnu,1988,7,evet,evet,kolon,konut,var,buyuk,L,farkli,Z3,Yüksek
bursa,gemlik,1995,7,evet,hayir,hafif,konut,var,hafif,L,yok,Z4,Yüksek
izmir,bayraklı,2010,12,hayir,hayir,yok,ofis,yok,yok,dikdortgen,yok,Z4,Düşük
ankara,etimesgut,1990,8,evet,evet,kolon,konut,var,hafif,U,uyumlu,Z4,Yüksek
istanbul,avcılar,1998,7,evet,hayir,hafif,konut,emin_degil,buyuk,T,yok,Z4,Yüksek
sakarya,merkez,2008,5,hayir,hayir,yok,konut,yok,yok,dikdortgen,yok,Z4,Düşük
giresun,alucra,1982,6,evet,hayir,yok,okul,var,hafif,kompleks,yok,Z4,Yüksek
antalya,lara,2015,4,hayir,hayir,yok,konut,yok,yok,dikdortgen,yok,Z1,Düşük
hatay,antakya,1995,8,evet,evet,kolon,hastane,var,buyuk,L,farkli,Z4,Yüksek
kocaeli,izmit,1982,7,evet,hayir,hafif,konut,emin_degil,hafif,U,yok,Z4,Yüksek
istanbul,bakırköy,1970,8,evet,evet,hafif,konut,var,buyuk,T,farkli,Z4,Yüksek
eskişehir,odunpazarı,2012,5,hayir,hayir,yok,konut,yok,yok,dikdortgen,yok,Z2,Düşük
adana,seyhan,1992,11,evet,hayir,kolon,ofis,var,buyuk,kompleks,yok,Z4,Yüksek
manisa,demirci,2005,4,evet,hayir,yok,konut,yok,yok,dikdortgen,yok,Z2,Düşük
izmir,bornova,2000,12,hayir,hayir,yok,konut,yok,yok,dikdortgen,yok,Z4,Düşük
istanbul,tuzla,1990,6,evet,evet,yok,konut,emin_degil,hafif,U,uyumlu,Z3,Orta
ankara,mamak,2008,10,hayir,hayir,yok,konut,yok,yok,dikdortgen,yok,Z2,Düşük
bursa,nilüfer,1995,7,evet,evet,hafif,konut,var,hafif,L,uyumlu,Z3,Orta
antalya,konyaaltı,2015,6,hayir,hayir,yok,konut,yok,yok,dikdortgen,yok,Z3,Düşük
istanbul,kadıköy,1985,8,evet,evet,kolon,konut,var,buyuk,T,farkli,Z2,Yüksek
samsun,bafra,2005,5,hayir,hayir,yok,konut,yok,yok,dikdortgen,yok,Z4,Düşük
izmir,karşıyaka,1992,9,evet,evet,hafif,konut,emin_degil,buyuk,L,farkli,Z4,Yüksek
tekirdağ,çorlu,2015,7,hayir,hayir,yok,konut,yok,yok,dikdortgen,yok,Z2,Düşük
ankara,keçiören,1998,8,hayir,evet,yok,konut,var,hafif,dikdortgen,uyumlu,Z2,Düşük
istanbul,pendik,2010,11,hayir,hayir,yok,ofis,yok,yok,dikdortgen,yok,Z2,Düşük
adana,yüreğir,1985,10,evet,evet,hafif,konut,var,buyuk,kompleks,farkli,Z4,Yüksek
erzincan,merkez,2002,5,evet,hayir,yok,konut,yok,hafif,U,yok,Z4,Orta
istanbul,sarıyer,2008,4,hayir,hayir,yok,konut,yok,yok,dikdortgen,yok,Z1,Düşük
bursa,osmangazi,1990,9,evet,evet,kolon,hastane,var,buyuk,L,farkli,Z4,Yüksek
izmir,konak,1988,7,evet,evet,hafif,konut,emin_degil,hafif,T,uyumlu,Z3,Orta
hatay,iskenderun,1995,10,evet,evet,kolon,konut,var,buyuk,U,farkli,Z4,Yüksek
ankara,sincan,2008,8,hayir,hayir,yok,konut,yok,yok,dikdortgen,yok,Z3,Düşük
istanbul,maltepe,2000,6,evet,evet,yok,konut,var,hafif,dikdortgen,uyumlu,Z2,Düşük
antalya,finike,1998,5,evet,hayir,hafif,okul,var,hafif,L,yok,Z4,Yüksek
sakarya,serdivan,2018,4,hayir,hayir,yok,konut,yok,yok,dikdortgen,yok,Z3,Düşük
istanbul,beşiktaş,1982,6,evet,evet,hafif,konut,emin_degil,buyuk,T,farkli,Z3,Yüksek
bursa,keles,2010,3,hayir,hayir,yok,konut,yok,yok,dikdortgen,yok,Z2,Düşük
izmir,balçova,1995,7,evet,evet,hafif,konut,var,buyuk,U,farkli,Z4,Yüksek
ankara,çankaya,2015,12,hayir,hayir,yok,ofis,yok,yok,dikdortgen,yok,Z1,Düşük
samsun,canik,2005,6,hayir,hayir,yok,konut,yok,yok,dikdortgen,yok,Z2,Düşük
istanbul,fatih,1988,5,evet,evet,kolon,konut,var,hafif,kompleks,uyumlu,Z2,Yüksek
adana,çukurova,2012,13,hayir,hayir,yok,konut,yok,yok,dikdortgen,yok,Z2,Düşük
kayseri,melikgazi,2002,9,hayir,evet,yok,konut,var,hafif,L,uyumlu,Z2,Düşük
istanbul, Zeytinburnu,1995,7,evet,evet,hafif,konut,emin_degil,hafif,T,farkli,Z3,Orta
izmir,buca,2005,8,hayir,hayir,yok,konut,yok,yok,dikdortgen,yok,Z2,Düşük
ankara,yenimahalle,1992,7,hayir,evet,yok,konut,var,hafif,U,uyumlu,Z3,Orta
bursa,yıldırım,2015,5,hayir,hayir,yok,konut,yok,yok,dikdortgen,yok,Z2,Düşük
istanbul,kartal,2010,16,hayir,hayir,yok,konut,yok,yok,dikdortgen,yok,Z1,Düşük
giresun,alucra,1985,5,evet,hayir,kolon,konut,var,buyuk,L,yok,Z4,Yüksek
eskişehir,merkez,1990,9,evet,evet,hafif,konut,var,hafif,T,farkli,Z4,Yüksek
istanbul,avcılar,2018,6,hayir,hayir,yok,konut,yok,yok,dikdortgen,yok,Z4,Düşük
antalya,demre,2005,3,evet,hayir,yok,konut,yok,yok,dikdortgen,yok,Z4,Düşük
kocaeli,gebze,2012,7,hayir,evet,yok,konut,var,hafif,U,uyumlu,Z2,Düşük
samsun,çarşamba,1992,5,evet,hayir,hafif,okul,var,hafif,L,yok,Z4,Yüksek
izmir,bayraklı,2000,10,hayir,hayir,yok,ofis,yok,yok,dikdortgen,yok,Z4,Düşük
ankara,gölbaşı,2015,4,hayir,hayir,yok,konut,yok,yok,dikdortgen,yok,Z4,Düşük
bursa,gemlik,1995,6,evet,hayir,hafif,konut,var,hafif,T,yok,Z4,Yüksek
istanbul,bakırköy,1972,9,evet,evet,kolon,hastane,var,buyuk,L,farkli,Z4,Yüksek
hatay,antakya,2010,8,hayir,evet,yok,konut,emin_degil,hafif,U,uyumlu,Z4,Düşük
antalya,lara,2015,6,hayir,hayir,yok,konut,yok,yok,dikdortgen,yok,Z1,Düşük
sakarya,merkez,1992,5,evet,evet,kolon,konut,var,buyuk,L,farkli,Z4,Yüksek
istanbul,tuzla,2015,11,hayir,hayir,yok,konut,yok,yok,dikdortgen,yok,Z3,Düşük
izmir,karşıyaka,2005,10,hayir,hayir,yok,konut,yok,yok,dikdortgen,yok,Z4,Düşük
ankara,etimesgut,1998,9,hayir,evet,yok,konut,var,hafif,T,uyumlu,Z4,Orta
bursa,nilüfer,1985,7,evet,evet,hafif,konut,emin_degil,buyuk,U,farkli,Z3,Yüksek
istanbul,pendik,2002,6,evet,evet,hafif,konut,var,hafif,L,uyumlu,Z2,Orta
adana,yüreğir,2015,13,hayir,hayir,yok,ofis,yok,yok,dikdortgen,yok,Z4,Düşük
muğla,datça,2012,2,hayir,hayir,yok,konut,yok,yok,dikdortgen,yok,Z1,Düşük
konya,selçuklu,1995,9,evet,hayir,yok,konut,var,hafif,T,yok,Z3,Orta
istanbul,avcılar,1985,8,evet,hayir,kolon,konut,var,buyuk,U,yok,Z4,Yüksek
izmir,bornova,2015,14,hayir,hayir,yok,konut,yok,yok,dikdortgen,yok,Z4,Düşük
ankara,keçiören,2008,7,hayir,evet,yok,konut,yok,hafif,dikdortgen,uyumlu,Z2,Düşük
samsun,atakum,2010,12,hayir,hayir,yok,konut,yok,yok,dikdortgen,yok,Z3,Düşük
istanbul,sarıyer,2005,4,hayir,hayir,yok,konut,yok,yok,dikdortgen,yok,Z1,Düşük
bursa,osmangazi,2005,11,hayir,hayir,yok,konut,yok,yok,dikdortgen,yok,Z4,Düşük
adana,seyhan,1992,9,evet,evet,hafif,konut,var,buyuk,T,farkli,Z4,Yüksek
giresun,alucra,1992,5,hayir,hayir,yok,konut,yok,yok,dikdortgen,yok,Z4,Düşük
izmir,konak,1985,8,evet,evet,kolon,okul,var,buyuk,L,farkli,Z3,Yüksek
istanbul,beşiktaş,2012,6,hayir,evet,yok,konut,yok,hafif,U,uyumlu,Z3,Düşük
ankara,mamak,2002,8,hayir,evet,yok,konut,var,hafif,dikdortgen,uyumlu,Z2,Düşük
kocaeli,izmit,1988,7,evet,evet,kolon,hastane,var,buyuk,kompleks,farkli,Z4,Yüksek
istanbul,avcılar,2008,5,hayir,evet,yok,konut,emin_degil,hafif,T,uyumlu,Z4,Düşük
antalya,lara,1995,5,evet,hayir,yok,konut,yok,yok,dikdortgen,yok,Z1,Düşük
bursa,gemlik,1980,6,evet,evet,hafif,konut,var,buyuk,L,farkli,Z4,Yüksek
izmir,balçova,2010,7,hayir,hayir,yok,konut,yok,yok,dikdortgen,yok,Z4,Düşük
ankara,çankaya,2015,10,hayir,hayir,yok,ofis,yok,yok,dikdortgen,yok,Z1,Düşük
istanbul,kadıköy,1992,7,evet,evet,hafif,konut,var,hafif,T,uyumlu,Z2,Düşük
sakarya,merkez,2008,6,hayir,evet,yok,konut,var,hafif,dikdortgen,uyumlu,Z4,Düşük
hatay,antakya,1988,8,evet,evet,kolon,konut,var,buyuk,L,farkli,Z4,Yüksek
antalya,finike,2018,4,hayir,hayir,yok,konut,yok,yok,dikdortgen,yok,Z4,Düşük
eskişehir,odunpazarı,1995,5,evet,hayir,yok,konut,var,hafif,U,yok,Z2,Düşük
istanbul,fatih,1985,5,evet,evet,hafif,konut,var,hafif,kompleks,farkli,Z2,Yüksek
ankara,sincan,1998,8,hayir,evet,yok,konut,var,hafif,T,uyumlu,Z3,Orta
izmir,bornova,2020,10,hayir,hayir,yok,ofis,yok,yok,dikdortgen,yok,Z4,Düşük
bursa,keles,2012,3,hayir,hayir,yok,konut,yok,yok,dikdortgen,yok,Z2,Düşük
istanbul, Zeytinburnu,1988,7,evet,evet,kolon,konut,var,buyuk,L,farkli,Z3,Yüksek
bursa,gemlik,1985,7,evet,evet,hafif,konut,var,buyuk,T,farkli,Z4,Yüksek
izmir,karşıyaka,1995,9,evet,evet,hafif,konut,emin_degil,hafif,dikdortgen,uyumlu,Z4,Yüksek
ankara,etimesgut,2005,8,hayir,evet,yok,konut,yok,yok,dikdortgen,uyumlu,Z4,Orta
istanbul,avcılar,1992,6,evet,hayir,hafif,konut,emin_degil,buyuk,L,yok,Z4,Yüksek
sakarya,merkez,2015,5,hayir,hayir,yok,konut,yok,yok,dikdortgen,yok,Z4,Düşük
giresun,alucra,1980,6,evet,hayir,yok,okul,var,hafif,kompleks,yok,Z4,Yüksek
antalya,lara,2020,4,hayir,hayir,yok,konut,yok,yok,dikdortgen,yok,Z1,Düşük
hatay,antakya,1998,8,evet,evet,kolon,hastane,var,buyuk,T,farkli,Z4,Yüksek
kocaeli,izmit,1985,7,evet,hayir,hafif,konut,emin_degil,hafif,U,yok,Z4,Yüksek
istanbul,bakırköy,1975,8,evet,evet,hafif,konut,var,buyuk,L,farkli,Z4,Yüksek
eskişehir,odunpazarı,2012,5,hayir,hayir,yok,konut,yok,yok,dikdortgen,yok,Z2,Düşük
adana,seyhan,1990,11,evet,hayir,kolon,ofis,var,buyuk,kompleks,yok,Z4,Yüksek
manisa,demirci,2008,4,evet,hayir,yok,konut,yok,yok,dikdortgen,yok,Z2,Düşük
izmir,bornova,1995,12,hayir,hayir,yok,konut,yok,yok,dikdortgen,yok,Z4,Düşük
istanbul,tuzla,1990,6,evet,evet,yok,konut,emin_degil,hafif,U,uyumlu,Z3,Orta
ankara,mamak,2005,10,hayir,hayir,yok,konut,yok,yok,dikdortgen,yok,Z2,Düşük
bursa,nilüfer,1998,7,evet,evet,hafif,konut,var,hafif,L,uyumlu,Z3,Orta
antalya,konyaaltı,2015,6,hayir,hayir,yok,konut,yok,yok,dikdortgen,yok,Z3,Düşük
istanbul,kadıköy,1985,8,evet,evet,kolon,konut,var,buyuk,T,farkli,Z2,Yüksek
samsun,bafra,2008,5,hayir,hayir,yok,konut,yok,yok,dikdortgen,yok,Z4,Düşük
izmir,bayraklı,1992,9,evet,evet,hafif,konut,emin_degil,buyuk,L,farkli,Z4,Yüksek
tekirdağ,çorlu,2012,7,hayir,hayir,yok,konut,yok,yok,dikdortgen,yok,Z2,Düşük
ankara,keçiören,2000,8,hayir,evet,yok,konut,var,hafif,dikdortgen,uyumlu,Z2,Düşük
istanbul,pendik,2015,11,hayir,hayir,yok,ofis,yok,yok,dikdortgen,yok,Z2,Düşük
adana,yüreğir,1985,10,evet,evet,hafif,konut,var,buyuk,kompleks,farkli,Z4,Yüksek
erzincan,merkez,2008,5,evet,hayir,yok,konut,yok,hafif,U,yok,Z4,Orta
istanbul,sarıyer,2005,4,hayir,hayir,yok,konut,yok,yok,dikdortgen,yok,Z1,Düşük
bursa,osmangazi,1990,9,evet,evet,kolon,hastane,var,buyuk,L,farkli,Z4,Yüksek
izmir,konak,1985,7,evet,evet,hafif,konut,emin_degil,hafif,T,uyumlu,Z3,Orta
hatay,iskenderun,1995,10,evet,evet,kolon,konut,var,buyuk,U,farkli,Z4,Yüksek
ankara,sincan,2008,8,hayir,hayir,yok,konut,yok,yok,dikdortgen,yok,Z3,Düşük
istanbul,maltepe,2000,6,evet,evet,yok,konut,var,hafif,dikdortgen,uyumlu,Z2,Düşük
antalya,finike,1998,5,evet,hayir,hafif,okul,var,hafif,L,yok,Z4,Yüksek
sakarya,serdivan,2018,4,hayir,hayir,yok,konut,yok,yok,dikdortgen,yok,Z3,Düşük
istanbul,beşiktaş,1982,6,evet,evet,hafif,konut,emin_degil,buyuk,T,farkli,Z3,Yüksek
bursa,keles,2010,3,hayir,hayir,yok,konut,yok,yok,dikdortgen,yok,Z2,Düşük
izmir,balçova,1995,7,evet,evet,hafif,konut,var,buyuk,U,farkli,Z4,Yüksek
ankara,çankaya,2015,12,hayir,hayir,yok,ofis,yok,yok,dikdortgen,yok,Z1,Düşük
samsun,canik,2005,6,hayir,hayir,yok,konut,yok,yok,dikdortgen,yok,Z2,Düşük
istanbul,fatih,1988,5,evet,evet,kolon,konut,var,hafif,kompleks,uyumlu,Z2,Yüksek
adana,çukurova,2012,13,hayir,hayir,yok,konut,yok,yok,dikdortgen,yok,Z2,Düşük
kayseri,melikgazi,2002,9,hayir,evet,yok,konut,var,hafif,L,uyumlu,Z2,Düşük
istanbul, Zeytinburnu,1995,7,evet,evet,hafif,konut,emin_degil,hafif,T,farkli,Z3,Orta
izmir,buca,2005,8,hayir,hayir,yok,konut,yok,yok,dikdortgen,yok,Z2,Düşük
ankara,yenimahalle,1992,7,hayir,evet,yok,konut,var,hafif,U,uyumlu,Z3,Orta
bursa,yıldırım,2015,5,hayir,hayir,yok,konut,yok,yok,dikdortgen,yok,Z2,Düşük
istanbul,kartal,2010,16,hayir,hayir,yok,konut,yok,yok,dikdortgen,yok,Z1,Düşük
giresun,alucra,1985,5,evet,hayir,kolon,konut,var,buyuk,L,yok,Z4,Yüksek
eskişehir,merkez,1990,9,evet,evet,hafif,konut,var,hafif,T,farkli,Z4,Yüksek
istanbul,avcılar,2018,6,hayir,hayir,yok,konut,yok,yok,dikdortgen,yok,Z4,Düşük
antalya,demre,2005,3,evet,hayir,yok,konut,yok,yok,dikdortgen,yok,Z4,Düşük
kocaeli,gebze,2012,7,hayir,evet,yok,konut,var,hafif,U,uyumlu,Z2,Düşük
samsun,çarşamba,1992,5,evet,hayir,hafif,okul,var,hafif,L,yok,Z4,Yüksek
izmir,bayraklı,2000,10,hayir,hayir,yok,ofis,yok,yok,dikdortgen,yok,Z4,Düşük
ankara,gölbaşı,2015,4,hayir,hayir,yok,konut,yok,yok,dikdortgen,yok,Z4,Düşük
bursa,gemlik,1995,6,evet,hayir,hafif,konut,var,hafif,T,yok,Z4,Yüksek
istanbul,bakırköy,1972,9,evet,evet,kolon,hastane,var,buyuk,L,farkli,Z4,Yüksek
hatay,antakya,2010,8,hayir,evet,yok,konut,emin_degil,hafif,U,uyumlu,Z4,Düşük
antalya,lara,2015,6,hayir,hayir,yok,konut,yok,yok,dikdortgen,yok,Z1,Düşük
sakarya,merkez,1992,5,evet,evet,kolon,konut,var,buyuk,L,farkli,Z4,Yüksek
istanbul,tuzla,2015,11,hayir,hayir,yok,konut,yok,yok,dikdortgen,yok,Z3,Düşük
izmir,karşıyaka,2005,10,hayir,hayir,yok,konut,yok,yok,dikdortgen,yok,Z4,Düşük
ankara,etimesgut,1998,9,hayir,evet,yok,konut,var,hafif,T,uyumlu,Z4,Orta
bursa,nilüfer,1985,7,evet,evet,hafif,konut,emin_degil,buyuk,U,farkli,Z3,Yüksek
istanbul,pendik,2002,6,evet,evet,hafif,konut,var,hafif,L,uyumlu,Z2,Orta
adana,yüreğir,2015,13,hayir,hayir,yok,ofis,yok,yok,dikdortgen,yok,Z4,Düşük
muğla,datça,2012,2,hayir,hayir,yok,konut,yok,yok,dikdortgen,yok,Z1,Düşük
konya,selçuklu,1995,9,evet,hayir,yok,konut,var,hafif,T,yok,Z3,Orta
istanbul,avcılar,1985,8,evet,hayir,kolon,konut,var,buyuk,U,yok,Z4,Yüksek
izmir,bornova,2015,14,hayir,hayir,yok,konut,yok,yok,dikdortgen,yok,Z4,Düşük
ankara,keçiören,2008,7,hayir,evet,yok,konut,yok,hafif,dikdortgen,uyumlu,Z2,Düşük
samsun,atakum,2010,12,hayir,hayir,yok,konut,yok,yok,dikdortgen,yok,Z3,Düşük
istanbul,sarıyer,2005,4,hayir,hayir,yok,konut,yok,yok,dikdortgen,yok,Z1,Düşük
bursa,osmangazi,2005,11,hayir,hayir,yok,konut,yok,yok,dikdortgen,yok,Z4,Düşük
adana,seyhan,1992,9,evet,evet,hafif,konut,var,buyuk,T,farkli,Z4,Yüksek
giresun,alucra,1992,5,hayir,hayir,yok,konut,yok,yok,dikdortgen,yok,Z4,Düşük
izmir,konak,1985,8,evet,evet,kolon,okul,var,buyuk,L,farkli,Z3,Yüksek
istanbul,beşiktaş,2012,6,hayir,evet,yok,konut,yok,hafif,U,uyumlu,Z3,Düşük
ankara,mamak,2002,8,hayir,evet,yok,konut,var,hafif,dikdortgen,uyumlu,Z2,Düşük
kocaeli,izmit,1988,7,evet,evet,kolon,hastane,var,buyuk,kompleks,farkli,Z4,Yüksek
istanbul,avcılar,2008,5,hayir,evet,yok,konut,emin_degil,hafif,T,uyumlu,Z4,Düşük
antalya,lara,1995,5,evet,hayir,yok,konut,yok,yok,dikdortgen,yok,Z1,Düşük
bursa,gemlik,1980,6,evet,evet,hafif,konut,var,buyuk,L,farkli,Z4,Yüksek
izmir,balçova,2010,7,hayir,hayir,yok,konut,yok,yok,dikdortgen,yok,Z4,Düşük
ankara,çankaya,2015,10,hayir,hayir,yok,ofis,yok,yok,dikdortgen,yok,Z1,Düşük
istanbul,kadıköy,1992,7,evet,evet,hafif,konut,var,hafif,T,uyumlu,Z2,Düşük
sakarya,merkez,2008,6,hayir,evet,yok,konut,var,hafif,dikdortgen,uyumlu,Z4,Düşük
hatay,antakya,1988,8,evet,evet,kolon,konut,var,buyuk,L,farkli,Z4,Yüksek
antalya,finike,2018,4,hayir,hayir,yok,konut,yok,yok,dikdortgen,yok,Z4,Düşük
eskişehir,odunpazarı,1995,5,evet,hayir,yok,konut,var,hafif,U,yok,Z2,Düşük
istanbul,fatih,1985,5,evet,evet,hafif,konut,var,hafif,kompleks,farkli,Z2,Yüksek
ankara,sincan,1998,8,hayir,evet,yok,konut,var,hafif,T,uyumlu,Z3,Orta
izmir,bornova,2020,10,hayir,hayir,yok,ofis,yok,yok,dikdortgen,yok,Z4,Düşük
bursa,keles,2012,3,hayir,hayir,yok,konut,yok,yok,dikdortgen,yok,Z2,Düşük
istanbul, Zeytinburnu,1988,7,evet,evet,kolon,konut,var,buyuk,L,farkli,Z3,Yüksek
istanbul,bakırköy,1985,8,evet,evet,hafif,konut,var,buyuk,T,farkli,Z4,Yüksek
izmir,bayraklı,2012,11,hayir,hayir,yok,ofis,yok,yok,dikdortgen,yok,Z4,Düşük
ankara,etimesgut,1995,8,evet,evet,kolon,konut,var,hafif,U,uyumlu,Z4,Yüksek
bursa,gemlik,1980,6,evet,hayir,hafif,konut,var,buyuk,L,yok,Z4,Yüksek
sakarya,merkez,2008,5,hayir,hayir,yok,konut,yok,yok,dikdortgen,yok,Z4,Düşük
giresun,alucra,1988,6,evet,hayir,yok,okul,emin_degil,hafif,kompleks,yok,Z4,Yüksek
antalya,lara,2019,4,hayir,hayir,yok,konut,yok,yok,dikdortgen,yok,Z1,Düşük
hatay,antakya,1992,7,evet,evet,hafif,hastane,var,buyuk,L,farkli,Z4,Yüksek
kocaeli,izmit,1985,8,evet,hayir,yok,konut,emin_degil,hafif,U,yok,Z4,Yüksek
istanbul,avcılar,2002,6,hayir,evet,yok,konut,yok,yok,dikdortgen,uyumlu,Z4,Düşük
eskişehir,odunpazarı,2015,4,hayir,hayir,yok,konut,yok,yok,dikdortgen,yok,Z2,Düşük
adana,seyhan,1985,11,evet,hayir,kolon,ofis,var,buyuk,T,yok,Z4,Yüksek
manisa,demirci,1998,5,evet,evet,yok,konut,var,hafif,L,uyumlu,Z2,Düşük
izmir,bornova,2008,12,hayir,hayir,yok,konut,yok,yok,dikdortgen,yok,Z4,Düşük
istanbul,tuzla,1992,6,evet,evet,yok,konut,emin_degil,hafif,U,uyumlu,Z3,Orta
ankara,mamak,2010,9,hayir,hayir,yok,konut,yok,yok,dikdortgen,yok,Z2,Düşük
bursa,nilüfer,1998,7,evet,evet,hafif,konut,var,hafif,kompleks,uyumlu,Z3,Orta
antalya,konyaaltı,2012,8,hayir,hayir,yok,konut,yok,yok,dikdortgen,yok,Z3,Düşük
istanbul,kadıköy,1975,8,evet,evet,kolon,konut,var,buyuk,L,farkli,Z2,Yüksek
samsun,bafra,2000,5,hayir,hayir,yok,konut,yok,yok,dikdortgen,yok,Z4,Düşük
izmir,karşıyaka,1988,9,evet,evet,hafif,konut,emin_degil,buyuk,T,farkli,Z4,Yüksek
tekirdağ,çorlu,2018,6,hayir,hayir,yok,konut,yok,yok,dikdortgen,yok,Z2,Düşük
ankara,keçiören,1995,8,hayir,evet,yok,konut,var,hafif,dikdortgen,uyumlu,Z2,Düşük
istanbul,pendik,2008,10,hayir,hayir,yok,ofis,yok,yok,dikdortgen,yok,Z2,Düşük
adana,yüreğir,1990,9,evet,evet,hafif,konut,var,buyuk,kompleks,farkli,Z4,Yüksek
erzincan,merkez,2002,5,evet,hayir,yok,konut,yok,hafif,U,yok,Z4,Orta
istanbul,sarıyer,2010,4,hayir,hayir,yok,konut,yok,yok,dikdortgen,yok,Z1,Düşük
bursa,osmangazi,1985,8,evet,evet,kolon,hastane,var,buyuk,L,farkli,Z4,Yüksek
izmir,konak,1992,7,evet,evet,hafif,konut,emin_degil,hafif,T,uyumlu,Z3,Orta
hatay,iskenderun,1980,10,evet,evet,kolon,konut,var,buyuk,U,farkli,Z4,Yüksek
ankara,sincan,2012,8,hayir,hayir,yok,konut,yok,yok,dikdortgen,yok,Z3,Düşük
istanbul,maltepe,1998,6,evet,evet,yok,konut,var,hafif,dikdortgen,uyumlu,Z2,Düşük
antalya,finike,1995,5,evet,hayir,hafif,okul,var,hafif,L,yok,Z4,Yüksek
sakarya,serdivan,2015,4,hayir,hayir,yok,konut,yok,yok,dikdortgen,yok,Z3,Düşük
istanbul,beşiktaş,1982,5,evet,evet,hafif,konut,emin_degil,buyuk,kompleks,farkli,Z3,Yüksek
bursa,keles,1995,3,hayir,hayir,yok,konut,yok,yok,dikdortgen,yok,Z2,Düşük
izmir,balçova,1990,7,evet,evet,hafif,konut,var,buyuk,T,farkli,Z4,Yüksek
ankara,çankaya,2012,12,hayir,hayir,yok,ofis,yok,yok,dikdortgen,yok,Z1,Düşük
samsun,canik,2005,6,hayir,hayir,yok,konut,yok,yok,dikdortgen,yok,Z2,Düşük
istanbul,fatih,1988,6,evet,evet,kolon,konut,var,hafif,L,uyumlu,Z2,Yüksek
adana,çukurova,2015,14,hayir,hayir,yok,konut,yok,yok,dikdortgen,yok,Z2,Düşük
kayseri,melikgazi,2002,9,hayir,evet,yok,konut,var,hafif,U,uyumlu,Z2,Düşük
istanbul, Zeytinburnu,1995,7,evet,evet,hafif,konut,emin_degil,hafif,dikdortgen,farkli,Z3,Orta
izmir,buca,2010,8,hayir,hayir,yok,konut,yok,yok,dikdortgen,yok,Z2,Düşük
ankara,yenimahalle,2000,7,hayir,evet,yok,konut,var,hafif,L,uyumlu,Z3,Düşük
bursa,yıldırım,2015,5,hayir,hayir,yok,konut,yok,yok,dikdortgen,yok,Z2,Düşük
istanbul,kartal,2012,15,hayir,hayir,yok,konut,yok,yok,dikdortgen,yok,Z1,Düşük
giresun,alucra,1980,5,evet,hayir,kolon,konut,var,buyuk,T,yok,Z4,Yüksek
eskişehir,merkez,1990,8,evet,evet,hafif,konut,var,hafif,kompleks,farkli,Z4,Yüksek
istanbul,avcılar,2018,6,hayir,hayir,yok,konut,yok,yok,dikdortgen,yok,Z4,Düşük
antalya,demre,2008,3,evet,hayir,yok,konut,yok,yok,dikdortgen,yok,Z4,Düşük
kocaeli,gebze,2005,7,hayir,evet,yok,konut,var,hafif,U,uyumlu,Z2,Düşük
samsun,çarşamba,1992,5,evet,hayir,hafif,okul,var,hafif,L,yok,Z4,Yüksek
izmir,bayraklı,2000,10,hayir,hayir,yok,ofis,yok,yok,dikdortgen,yok,Z4,Düşük
ankara,gölbaşı,2015,4,hayir,hayir,yok,konut,yok,yok,dikdortgen,yok,Z4,Düşük
bursa,gemlik,1995,6,evet,hayir,hafif,konut,var,hafif,dikdortgen,yok,Z4,Orta
istanbul,bakırköy,1970,9,evet,evet,kolon,hastane,var,buyuk,T,farkli,Z4,Yüksek
hatay,antakya,2010,8,hayir,evet,yok,konut,emin_degil,hafif,L,uyumlu,Z4,Düşük
antalya,lara,2018,6,hayir,hayir,yok,konut,yok,yok,dikdortgen,yok,Z1,Düşük
sakarya,merkez,1992,5,evet,evet,kolon,konut,var,buyuk,kompleks,farkli,Z4,Yüksek
istanbul,tuzla,2015,11,hayir,hayir,yok,konut,yok,yok,dikdortgen,yok,Z3,Düşük
izmir,karşıyaka,2005,10,hayir,hayir,yok,konut,yok,yok,dikdortgen,yok,Z4,Düşük
ankara,etimesgut,2000,9,hayir,evet,yok,konut,var,hafif,U,uyumlu,Z4,Orta
bursa,nilüfer,1985,7,evet,evet,hafif,konut,emin_degil,buyuk,L,farkli,Z3,Yüksek
istanbul,pendik,1995,6,evet,evet,hafif,konut,var,hafif,T,uyumlu,Z2,Orta
adana,yüreğir,2012,12,hayir,hayir,yok,ofis,yok,yok,dikdortgen,yok,Z4,Düşük
muğla,datça,2015,2,hayir,hayir,yok,konut,yok,yok,dikdortgen,yok,Z1,Düşük
konya,selçuklu,1998,9,evet,hayir,yok,konut,var,hafif,kompleks,yok,Z3,Orta
istanbul,avcılar,1985,8,evet,hayir,kolon,konut,var,buyuk,L,yok,Z4,Yüksek
izmir,bornova,2012,14,hayir,hayir,yok,konut,yok,yok,dikdortgen,yok,Z4,Düşük
ankara,keçiören,2008,7,hayir,evet,yok,konut,yok,hafif,dikdortgen,uyumlu,Z2,Düşük
samsun,atakum,2010,12,hayir,hayir,yok,konut,yok,yok,dikdortgen,yok,Z3,Düşük
istanbul,sarıyer,2005,4,hayir,hayir,yok,konut,yok,yok,dikdortgen,yok,Z1,Düşük
bursa,osmangazi,2005,11,hayir,hayir,yok,konut,yok,yok,dikdortgen,yok,Z4,Düşük
adana,seyhan,1990,9,evet,evet,hafif,konut,var,buyuk,T,farkli,Z4,Yüksek
giresun,alucra,2018,5,hayir,hayir,yok,konut,yok,yok,dikdortgen,yok,Z4,Düşük
izmir,konak,1988,8,evet,evet,kolon,okul,var,buyuk,U,farkli,Z3,Yüksek
istanbul,beşiktaş,2010,6,hayir,evet,yok,konut,yok,hafif,L,uyumlu,Z3,Düşük
ankara,mamak,2000,8,hayir,evet,yok,konut,var,hafif,dikdortgen,uyumlu,Z2,Düşük
kocaeli,izmit,1980,7,evet,evet,kolon,hastane,var,buyuk,kompleks,farkli,Z4,Yüksek
istanbul,avcılar,2002,5,hayir,evet,yok,konut,emin_degil,hafif,T,uyumlu,Z4,Düşük
antalya,lara,1992,5,evet,hayir,yok,konut,yok,yok,dikdortgen,yok,Z1,Düşük
bursa,gemlik,1975,6,evet,evet,hafif,konut,var,buyuk,U,farkli,Z4,Yüksek
izmir,balçova,2005,7,hayir,hayir,yok,konut,yok,yok,dikdortgen,yok,Z4,Düşük
ankara,çankaya,2015,10,hayir,hayir,yok,ofis,yok,yok,dikdortgen,yok,Z1,Düşük
istanbul,kadıköy,1992,7,evet,evet,hafif,konut,var,hafif,L,uyumlu,Z2,Düşük
sakarya,merkez,2008,6,hayir,evet,yok,konut,var,hafif,dikdortgen,uyumlu,Z4,Düşük
hatay,antakya,1988,8,evet,evet,kolon,konut,var,buyuk,T,farkli,Z4,Yüksek
antalya,finike,2020,4,hayir,hayir,yok,konut,yok,yok,dikdortgen,yok,Z4,Düşük
eskişehir,odunpazarı,1995,5,evet,hayir,yok,konut,var,hafif,U,yok,Z2,Düşük
istanbul,fatih,1982,5,evet,evet,hafif,konut,var,hafif,kompleks,farkli,Z2,Yüksek
ankara,sincan,2002,8,hayir,evet,yok,konut,var,hafif,T,uyumlu,Z3,Orta
izmir,bornova,2015,10,hayir,hayir,yok,ofis,yok,yok,dikdortgen,yok,Z4,Düşük
bursa,keles,2005,3,hayir,hayir,yok,konut,yok,yok,dikdortgen,yok,Z2,Düşük
istanbul, Zeytinburnu,1990,7,evet,evet,kolon,konut,var,buyuk,L,farkli,Z3,Yüksek
bursa,gemlik,1992,6,evet,hayir,kolon,konut,var,buyuk,L,yok,Z4,Yüksek
izmir,konak,1985,9,evet,evet,hafif,ofis,var,hafif,T,farkli,Z3,Yüksek
ankara,etimesgut,2010,8,hayir,evet,yok,konut,yok,yok,dikdortgen,uyumlu,Z4,Düşük
istanbul,avcılar,1988,7,evet,evet,hafif,konut,emin_degil,buyuk,U,farkli,Z4,Yüksek
antalya,lara,2018,5,hayir,hayir,yok,konut,yok,yok,dikdortgen,yok,Z1,Düşük
sakarya,merkez,2002,4,evet,hayir,yok,konut,yok,hafif,dikdortgen,yok,Z4,Orta
giresun,alucra,1975,5,evet,hayir,kolon,okul,var,buyuk,kompleks,yok,Z4,Yüksek
kocaeli,izmit,1995,8,evet,evet,hafif,konut,var,hafif,L,uyumlu,Z4,Yüksek
istanbul,pendik,2012,11,hayir,hayir,yok,ofis,yok,yok,dikdortgen,yok,Z2,Düşük
adana,yüreğir,2008,10,hayir,hayir,yok,konut,yok,yok,dikdortgen,yok,Z4,Düşük
eskişehir,merkez,1990,7,evet,evet,hafif,konut,emin_degil,buyuk,T,farkli,Z4,Yüksek
hatay,antakya,1982,6,evet,evet,kolon,hastane,var,buyuk,U,farkli,Z4,Yüksek
ankara,sincan,2005,9,hayir,evet,yok,konut,var,hafif,L,uyumlu,Z3,Orta
izmir,bornova,2015,13,hayir,hayir,yok,konut,yok,yok,dikdortgen,yok,Z4,Düşük
bursa,nilüfer,1998,8,evet,evet,hafif,konut,var,hafif,kompleks,uyumlu,Z3,Orta
istanbul,tuzla,2010,6,hayir,hayir,yok,konut,yok,yok,dikdortgen,yok,Z3,Düşük
samsun,atakum,2018,11,hayir,hayir,yok,konut,yok,yok,dikdortgen,yok,Z3,Düşük
adana,seyhan,1985,10,evet,evet,kolon,konut,var,buyuk,L,farkli,Z4,Yüksek
antalya,konyaaltı,2012,7,hayir,hayir,yok,konut,yok,yok,dikdortgen,yok,Z3,Düşük
istanbul,kadıköy,1995,8,evet,evet,hafif,konut,emin_degil,hafif,T,uyumlu,Z2,Orta
manisa,demirci,1988,4,evet,hayir,yok,konut,var,hafif,U,yok,Z2,Düşük
bursa,yıldırım,2005,5,hayir,hayir,yok,konut,yok,yok,dikdortgen,yok,Z2,Düşük
izmir,karşıyaka,1992,9,evet,evet,hafif,konut,var,buyuk,dikdortgen,farkli,Z4,Yüksek
ankara,mamak,2000,8,hayir,evet,yok,konut,var,hafif,L,uyumlu,Z2,Düşük
istanbul,sarıyer,2008,4,hayir,hayir,yok,konut,yok,yok,dikdortgen,yok,Z1,Düşük
erzincan,merkez,1998,6,evet,evet,hafif,konut,emin_degil,buyuk,T,farkli,Z4,Yüksek
kocaeli,gebze,2015,8,hayir,hayir,yok,konut,yok,yok,dikdortgen,yok,Z2,Düşük
istanbul,bakırköy,1978,7,evet,evet,kolon,konut,var,buyuk,kompleks,farkli,Z4,Yüksek
hatay,iskenderun,2005,9,evet,hayir,yok,konut,emin_degil,hafif,L,yok,Z4,Orta
bursa,osmangazi,1990,8,evet,evet,hafif,konut,var,buyuk,U,farkli,Z4,Yüksek
izmir,bayraklı,2018,12,hayir,hayir,yok,ofis,yok,yok,dikdortgen,yok,Z4,Düşük
ankara,keçiören,2012,9,hayir,hayir,yok,konut,yok,yok,dikdortgen,yok,Z2,Düşük
istanbul, Zeytinburnu,1995,6,evet,evet,yok,konut,emin_degil,hafif,T,uyumlu,Z3,Orta
giresun,alucra,1985,5,evet,hayir,hafif,okul,var,buyuk,dikdortgen,yok,Z4,Yüksek
antalya,demre,2010,3,evet,hayir,yok,konut,yok,yok,dikdortgen,yok,Z4,Düşük
bursa,keles,2002,2,hayir,hayir,yok,konut,yok,yok,dikdortgen,yok,Z2,Düşük
adana,çukurova,2020,13,hayir,hayir,yok,konut,yok,yok,dikdortgen,yok,Z2,Düşük
istanbul,avcılar,1999,7,evet,hayir,hafif,konut,emin_degil,hafif,L,yok,Z4,Yüksek
izmir,balçova,1988,6,evet,evet,kolon,konut,var,buyuk,U,farkli,Z4,Yüksek
ankara,yenimahalle,2008,8,hayir,evet,yok,konut,yok,hafif,dikdortgen,uyumlu,Z3,Düşük
sakarya,serdivan,1995,5,evet,hayir,hafif,konut,var,hafif,kompleks,yok,Z3,Orta
istanbul,fatih,1982,5,evet,evet,hafif,konut,var,hafif,T,farkli,Z2,Yüksek
bursa,gemlik,2010,8,hayir,hayir,yok,konut,yok,yok,dikdortgen,yok,Z4,Düşük
antalya,finike,1992,4,evet,hayir,kolon,konut,var,buyuk,L,yok,Z4,Yüksek
eskişehir,odunpazarı,2005,6,hayir,evet,yok,konut,yok,hafif,U,uyumlu,Z2,Düşük
istanbul,beşiktaş,2015,6,hayir,hayir,yok,konut,yok,yok,dikdortgen,yok,Z3,Düşük
izmir,buca,2000,7,hayir,evet,yok,konut,var,hafif,dikdortgen,uyumlu,Z2,Düşük
ankara,çankaya,2010,11,hayir,hayir,yok,ofis,yok,yok,dikdortgen,yok,Z1,Düşük
istanbul,maltepe,1992,6,evet,evet,yok,konut,emin_degil,hafif,L,uyumlu,Z2,Düşük
samsun,canik,1998,5,evet,hayir,yok,konut,var,hafif,T,yok,Z2,Düşük
adana,yüreğir,2015,11,hayir,hayir,yok,konut,yok,yok,dikdortgen,yok,Z4,Düşük
konya,selçuklu,2008,9,hayir,hayir,yok,konut,var,hafif,kompleks,yok,Z3,Orta
muğla,datça,2018,2,hayir,hayir,yok,konut,yok,yok,dikdortgen,yok,Z1,Düşük
istanbul,kartal,2012,14,hayir,hayir,yok,konut,yok,yok,dikdortgen,yok,Z1,Düşük
bursa,nilüfer,1992,7,evet,evet,hafif,konut,emin_degil,buyuk,L,farkli,Z3,Yüksek
izmir,bornova,1995,10,evet,evet,kolon,hastane,var,buyuk,U,farkli,Z4,Yüksek
ankara,gölbaşı,2012,4,hayir,hayir,yok,konut,yok,yok,dikdortgen,yok,Z4,Düşük
samsun,çarşamba,1985,5,evet,hayir,hafif,okul,var,hafif,T,yok,Z4,Yüksek
istanbul,avcılar,2015,6,hayir,hayir,yok,konut,yok,yok,dikdortgen,yok,Z4,Düşük
tekirdağ,marmaraereğlisi,2000,4,hayir,evet,yok,konut,var,hafif,dikdortgen,uyumlu,Z3,Düşük
izmir,karşıyaka,2008,10,hayir,hayir,yok,konut,yok,yok,dikdortgen,yok,Z4,Düşük
bursa,osmangazi,1975,8,evet,evet,kolon,konut,var,buyuk,kompleks,farkli,Z4,Yüksek
antalya,lara,2000,5,hayir,hayir,yok,konut,yok,yok,dikdortgen,yok,Z1,Düşük
sakarya,merkez,1990,5,evet,hayir,hafif,konut,var,buyuk,L,yok,Z4,Yüksek
istanbul,pendik,1998,7,evet,evet,yok,konut,emin_degil,hafif,T,uyumlu,Z2,Orta
ankara,etimesgut,2002,8,hayir,evet,yok,konut,var,hafif,U,uyumlu,Z4,Orta
izmir,konak,1980,7,evet,evet,hafif,konut,var,hafif,L,farkli,Z3,Orta
bursa,gemlik,1988,6,evet,evet,hafif,konut,var,buyuk,T,farkli,Z4,Yüksek
istanbul, Zeytinburnu,2002,7,hayir,evet,yok,konut,emin_degil,hafif,dikdortgen,uyumlu,Z3,Düşük
adana,seyhan,2012,11,hayir,hayir,yok,konut,yok,yok,dikdortgen,yok,Z4,Düşük
eskişehir,merkez,1985,8,evet,evet,kolon,hastane,var,buyuk,kompleks,farkli,Z4,Yüksek
hatay,antakya,2008,9,hayir,evet,yok,konut,emin_degil,hafif,L,uyumlu,Z4,Düşük
istanbul,bakırköy,2015,10,hayir,hayir,yok,ofis,yok,yok,dikdortgen,yok,Z4,Düşük
antalya,konyaaltı,2005,6,evet,hayir,yok,konut,var,hafif,U,yok,Z3,Orta
bursa,yıldırım,1992,5,evet,hayir,yok,konut,var,hafif,T,yok,Z2,Düşük
izmir,bayraklı,1990,11,evet,evet,hafif,konut,var,buyuk,kompleks,farkli,Z4,Yüksek
ankara,mamak,2015,10,hayir,hayir,yok,konut,yok,yok,dikdortgen,yok,Z2,Düşük
giresun,alucra,1998,5,evet,hayir,yok,konut,emin_degil,hafif,L,yok,Z4,Orta
istanbul,avcılar,1985,8,evet,hayir,kolon,konut,var,buyuk,T,yok,Z4,Yüksek
samsun,bafra,2010,6,hayir,hayir,yok,konut,yok,yok,dikdortgen,yok,Z4,Düşük
izmir,balçova,1995,7,evet,evet,hafif,konut,var,buyuk,U,farkli,Z4,Yüksek
bursa,nilüfer,2012,8,hayir,hayir,yok,konut,yok,yok,dikdortgen,yok,Z3,Düşük
istanbul,kadıköy,1988,8,evet,evet,yok,konut,emin_degil,hafif,L,uyumlu,Z2,Düşük
ankara,sincan,1995,7,evet,evet,hafif,konut,var,hafif,T,uyumlu,Z3,Orta
adana,yüreğir,1982,10,evet,hayir,kolon,okul,var,buyuk,kompleks,yok,Z4,Yüksek
istanbul,tuzla,2015,9,hayir,hayir,yok,konut,yok,yok,dikdortgen,yok,Z3,Düşük
izmir,buca,2008,7,hayir,evet,yok,konut,var,hafif,U,uyumlu,Z2,Düşük
bursa,gemlik,1992,6,evet,hayir,kolon,konut,var,buyuk,L,yok,Z4,Yüksek
antalya,lara,2022,4,hayir,hayir,yok,konut,yok,yok,dikdortgen,yok,Z1,Düşük
sakarya,merkez,2000,5,evet,hayir,yok,konut,emin_degil,hafif,T,yok,Z4,Orta
istanbul,avcılar,2008,6,evet,evet,yok,konut,emin_degil,hafif,dikdortgen,uyumlu,Z4,Orta
ankara,çankaya,1995,7,hayir,evet,yok,konut,yok,hafif,dikdortgen,uyumlu,Z1,Düşük
izmir,bornova,2012,13,hayir,hayir,yok,konut,yok,yok,dikdortgen,yok,Z4,Düşük
bursa,keles,2005,3,hayir,hayir,yok,konut,yok,yok,dikdortgen,yok,Z2,Düşük
istanbul,pendik,1990,6,evet,evet,hafif,konut,emin_degil,hafif,U,uyumlu,Z2,Orta
adana,seyhan,2002,10,hayir,evet,yok,konut,emin_degil,hafif,T,uyumlu,Z4,Orta
eskişehir,odunpazarı,1980,5,evet,hayir,kolon,hastane,var,buyuk,L,yok,Z2,Yüksek
izmir,bayraklı,1995,12,evet,evet,hafif,konut,var,buyuk,L,farkli,Z4,Yüksek
istanbul,avcılar,1988,7,evet,hayir,kolon,hastane,emin_degil,hafif,kompleks,yok,Z4,Yüksek
ankara,etimesgut,2005,10,hayir,evet,yok,konut,yok,buyuk,T,uyumlu,Z4,Orta
hatay,antakya,1992,8,evet,evet,hafif,okul,var,buyuk,U,farkli,Z4,Yüksek
bursa,gemlik,1982,5,evet,hayir,kolon,konut,var,hafif,dikdortgen,yok,Z4,Yüksek
sakarya,merkez,2012,6,hayir,hayir,yok,konut,yok,yok,dikdortgen,yok,Z4,Düşük
giresun,alucra,2000,9,evet,evet,hafif,hastane,emin_degil,buyuk,kompleks,farkli,Z4,Yüksek
antalya,finike,1990,4,evet,hayir,yok,konut,var,hafif,L,yok,Z4,Orta
kocaeli,izmit,1985,12,evet,evet,kolon,okul,var,buyuk,T,farkli,Z4,Yüksek
eskişehir,merkez,2015,3,hayir,hayir,yok,konut,yok,yok,dikdortgen,yok,Z4,Düşük
istanbul,bakırköy,1994,10,evet,evet,hafif,ofis,var,buyuk,U,uyumlu,Z4,Yüksek
aydın,efeler,1978,6,evet,hayir,kolon,okul,emin_degil,hafif,kompleks,yok,Z4,Yüksek
izmir,bornova,2022,15,hayir,hayir,yok,konut,yok,yok,dikdortgen,yok,Z4,Düşük
adana,seyhan,1985,9,evet,evet,hafif,konut,var,buyuk,L,farkli,Z4,Yüksek
istanbul,kartal,2010,12,hayir,hayir,yok,ofis,yok,yok,dikdortgen,yok,Z1,Düşük
ankara,çankaya,1995,6,hayir,evet,yok,konut,emin_degil,hafif,dikdortgen,uyumlu,Z1,Düşük
balıkesir,edremit,1980,5,evet,hayir,kolon,konut,var,buyuk,T,yok,Z4,Yüksek
istanbul,fatih,2015,4,hayir,hayir,yok,konut,yok,yok,dikdortgen,yok,Z2,Düşük
izmir,karaburun,1992,2,hayir,hayir,yok,konut,var,yok,L,yok,Z1,Düşük
bursa,yıldırım,2005,8,hayir,evet,yok,konut,yok,hafif,U,uyumlu,Z2,Düşük
hatay,iskenderun,1988,10,evet,evet,kolon,hastane,var,buyuk,kompleks,farkli,Z4,Yüksek
tekirdağ,çorlu,2012,7,hayir,hayir,yok,konut,yok,yok,dikdortgen,yok,Z2,Düşük
istanbul,kadıköy,1995,6,evet,evet,hafif,konut,emin_degil,hafif,dikdortgen,uyumlu,Z2,Düşük
antalya,lara,2020,5,hayir,hayir,yok,konut,yok,yok,dikdortgen,yok,Z1,Düşük
sakarya,serdivan,2008,4,hayir,evet,yok,konut,var,hafif,L,uyumlu,Z3,Düşük
ankara,keçiören,1982,5,evet,hayir,kolon,okul,var,buyuk,U,yok,Z2,Orta
izmir,konak,2000,9,evet,evet,hafif,konut,emin_degil,hafif,T,farkli,Z3,Orta
istanbul,pendik,2015,12,hayir,hayir,yok,ofis,yok,yok,dikdortgen,yok,Z2,Düşük
bursa,osmangazi,1990,11,evet,evet,kolon,konut,var,buyuk,kompleks,farkli,Z4,Yüksek
adana,çukurova,2018,4,hayir,hayir,yok,konut,yok,yok,dikdortgen,yok,Z2,Düşük
erzincan,merkez,1992,8,evet,evet,hafif,konut,emin_degil,buyuk,L,uyumlu,Z4,Orta
samsun,bafra,1980,6,evet,hayir,kolon,okul,var,buyuk,U,yok,Z4,Yüksek
istanbul, Zeytinburnu,2012,5,hayir,hayir,yok,konut,yok,yok,dikdortgen,yok,Z3,Düşük
izmir,balçova,1995,7,evet,evet,hafif,konut,var,buyuk,L,farkli,Z4,Yüksek
ankara,mamak,2005,6,hayir,evet,yok,konut,yok,hafif,dikdortgen,uyumlu,Z2,Düşük
giresun,alucra,1975,4,hayir,hayir,yok,konut,var,yok,dikdortgen,yok,Z4,Düşük
istanbul,avcılar,2008,10,evet,hayir,yok,ofis,emin_degil,hafif,T,yok,Z4,Orta
bursa,nilüfer,2015,8,hayir,hayir,yok,konut,yok,yok,dikdortgen,yok,Z3,Düşük
antalya,konyaaltı,1998,5,evet,evet,hafif,konut,var,hafif,U,uyumlu,Z3,Düşük
sakarya,merkez,1985,12,evet,hayir,kolon,hastane,var,buyuk,kompleks,yok,Z4,Yüksek
ankara,yenimahalle,2010,4,hayir,hayir,yok,konut,yok,yok,dikdortgen,yok,Z3,Düşük
izmir,buca,1992,7,evet,evet,hafif,konut,emin_degil,hafif,L,farkli,Z2,Düşük
istanbul,maltepe,2005,6,hayir,hayir,yok,konut,var,hafif,dikdortgen,yok,Z2,Düşük
muğla,datça,2020,3,hayir,hayir,yok,konut,yok,yok,dikdortgen,yok,Z1,Düşük
adana,yüreğir,1980,11,evet,evet,kolon,okul,var,buyuk,T,farkli,Z4,Yüksek
eskişehir,merkez,1995,8,evet,hayir,hafif,konut,emin_degil,buyuk,U,yok,Z4,Orta
istanbul,beşiktaş,2012,5,hayir,hayir,yok,konut,yok,yok,dikdortgen,yok,Z3,Düşük
bursa,keles,1988,4,hayir,evet,yok,konut,var,hafif,dikdortgen,uyumlu,Z2,Düşük
samsun,canik,2000,7,hayir,hayir,yok,konut,yok,yok,dikdortgen,yok,Z2,Düşük
istanbul,tuzla,1990,6,evet,evet,hafif,konut,var,hafif,L,farkli,Z3,Orta
izmir,bayraklı,2021,12,hayir,hayir,yok,konut,yok,yok,dikdortgen,yok,Z4,Düşük
antalya,finike,1982,5,evet,hayir,kolon,hastane,var,buyuk,kompleks,yok,Z4,Yüksek
ankara,sincan,2010,8,hayir,evet,yok,konut,emin_degil,hafif,dikdortgen,uyumlu,Z3,Düşük
istanbul,sarıyer,2022,4,hayir,hayir,yok,konut,yok,yok,dikdortgen,yok,Z1,Düşük
bursa,gemlik,1995,7,evet,evet,hafif,konut,var,hafif,T,farkli,Z4,Orta
hatay,antakya,2005,11,evet,hayir,yok,konut,emin_degil,buyuk,U,yok,Z4,Orta
giresun,alucra,1985,6,hayir,hayir,yok,konut,var,yok,dikdortgen,yok,Z4,Düşük
ankara,etimesgut,1998,10,evet,evet,kolon,okul,var,buyuk,L,farkli,Z4,Yüksek
istanbul,pendik,2012,5,hayir,evet,yok,konut,yok,hafif,dikdortgen,uyumlu,Z2,Düşük
izmir,bornova,2000,12,hayir,hayir,yok,ofis,yok,yok,dikdortgen,yok,Z4,Düşük
bursa, nilüfer,1985,8,evet,evet,hafif,konut,var,buyuk,kompleks,farkli,Z3,Yüksek
adana,seyhan,2015,10,hayir,hayir,yok,konut,yok,yok,dikdortgen,yok,Z4,Düşük
kocaeli,izmit,1992,7,evet,hayir,yok,konut,emin_degil,hafif,T,yok,Z4,Düşük
istanbul, Zeytinburnu,1980,6,evet,evet,kolon,hastane,var,buyuk,U,farkli,Z3,Yüksek
antalya,lara,2018,4,hayir,hayir,yok,konut,yok,yok,dikdortgen,yok,Z1,Düşük
sakarya,merkez,2005,6,hayir,evet,yok,konut,var,hafif,L,uyumlu,Z4,Düşük
ankara,çankaya,2012,12,hayir,hayir,yok,ofis,yok,yok,dikdortgen,yok,Z1,Düşük
izmir,konak,1995,5,evet,evet,hafif,konut,emin_degil,hafif,dikdortgen,uyumlu,Z3,Düşük
istanbul,avcılar,1982,8,evet,hayir,kolon,okul,var,buyuk,T,yok,Z4,Yüksek
bursa,osmangazi,2010,7,hayir,hayir,yok,konut,yok,yok,dikdortgen,yok,Z4,Düşük
samsun,bafra,1992,6,evet,evet,hafif,konut,var,hafif,U,farkli,Z4,Orta
manisa,demirci,2005,5,hayir,hayir,yok,konut,yok,yok,dikdortgen,yok,Z2,Düşük
giresun,alucra,1988,9,evet,hayir,yok,ofis,emin_degil,buyuk,kompleks,yok,Z4,Orta
antalya,konyaaltı,2015,4,hayir,hayir,yok,konut,yok,yok,dikdortgen,yok,Z3,Düşük
istanbul,fatih,1975,10,evet,evet,kolon,hastane,var,buyuk,L,farkli,Z2,Yüksek
ankara, Yenimahalle,2008,8,hayir,evet,yok,konut,var,hafif,T,uyumlu,Z3,Düşük
izmir,karşıyaka,1998,6,evet,hayir,yok,konut,emin_degil,hafif,U,yok,Z4,Düşük
istanbul, Zeytinburnu,1985,7,evet,evet,hafif,konut,var,buyuk,dikdortgen,farkli,Z3,Orta
bursa,yıldırım,2012,12,hayir,hayir,yok,konut,yok,yok,dikdortgen,yok,Z2,Düşük
adana,yüreğir,1995,5,evet,evet,hafif,konut,var,hafif,kompleks,uyumlu,Z4,Orta
eskişehir,merkez,2000,6,hayir,hayir,yok,konut,yok,yok,dikdortgen,yok,Z4,Düşük
istanbul,avcılar,2015,10,hayir,hayir,yok,ofis,yok,yok,dikdortgen,yok,Z4,Düşük
erzincan,merkez,1982,5,evet,hayir,kolon,okul,var,buyuk,L,yok,Z4,Yüksek
antalya,lara,2022,4,hayir,hayir,yok,konut,yok,yok,dikdortgen,yok,Z1,Düşük
sakarya,serdivan,1990,4,hayir,evet,yok,konut,emin_degil,hafif,T,uyumlu,Z3,Düşük
ankara,mamak,2005,12,hayir,hayir,yok,konut,yok,yok,dikdortgen,yok,Z2,Düşük
istanbul, Zeytinburnu,1978,6,evet,evet,hafif,konut,var,buyuk,U,farkli,Z3,Orta
bursa,gemlik,2008,7,hayir,hayir,yok,konut,yok,yok,dikdortgen,yok,Z4,Düşük
izmir,bornova,1985,10,evet,evet,kolon,hastane,var,buyuk,kompleks,farkli,Z4,Yüksek
ankara,sincan,2015,5,hayir,hayir,yok,konut,yok,yok,dikdortgen,yok,Z3,Düşük
istanbul,beşiktaş,1992,6,evet,evet,hafif,konut,emin_degil,hafif,L,uyumlu,Z3,Düşük
samsun,canik,1988,8,evet,hayir,yok,konut,var,hafif,T,yok,Z2,Düşük
adana,yüreğir,2010,12,hayir,hayir,yok,ofis,yok,yok,dikdortgen,yok,Z4,Düşük
eskişehir,odunpazarı,1975,5,evet,hayir,kolon,okul,var,buyuk,U,yok,Z2,Orta
istanbul,avcılar,2002,4,hayir,evet,yok,konut,emin_degil,yok,dikdortgen,uyumlu,Z4,Düşük
bursa,nilüfer,1995,6,evet,hayir,hafif,konut,var,hafif,kompleks,yok,Z3,Orta
izmir,buca,2012,8,hayir,hayir,yok,konut,yok,yok,dikdortgen,yok,Z2,Düşük
istanbul,kadıköy,1982,10,evet,evet,kolon,hastane,var,buyuk,L,farkli,Z2,Yüksek
ankara,keçiören,2005,7,hayir,hayir,yok,konut,yok,yok,dikdortgen,yok,Z2,Düşük
istanbul,pendik,1998,6,evet,evet,hafif,konut,var,hafif,T,uyumlu,Z2,Düşük
istanbul,avcılar,1995,7,evet,evet,hafif,konut,var,buyuk,L,farkli,Z4,Yüksek
izmir,bayraklı,2010,12,hayir,hayir,yok,ofis,yok,yok,dikdortgen,yok,Z4,Düşük
ankara,etimesgut,1990,8,evet,evet,kolon,konut,var,hafif,U,uyumlu,Z4,Yüksek
bursa,gemlik,1985,6,evet,hayir,hafif,konut,var,buyuk,T,yok,Z4,Yüksek
sakarya,merkez,2005,5,hayir,hayir,yok,konut,yok,yok,dikdortgen,yok,Z4,Düşük
antalya,lara,2018,4,hayir,hayir,yok,konut,yok,yok,dikdortgen,yok,Z1,Düşük
hatay,antakya,1998,7,evet,evet,kolon,hastane,var,buyuk,L,farkli,Z4,Yüksek
istanbul,bakırköy,1972,9,evet,evet,hafif,konut,var,buyuk,T,farkli,Z4,Yüksek
kocaeli,izmit,1988,8,evet,hayir,yok,konut,emin_degil,hafif,U,yok,Z4,Orta
adana,seyhan,1995,10,evet,hayir,kolon,ofis,var,buyuk,kompleks,yok,Z4,Yüksek
eskişehir,merkez,1980,6,evet,evet,hafif,okul,var,buyuk,kompleks,farkli,Z4,Yüksek
izmir,bornova,2008,11,hayir,hayir,yok,konut,yok,yok,dikdortgen,yok,Z4,Düşük
istanbul,tuzla,1992,5,evet,evet,yok,konut,var,hafif,U,uyumlu,Z3,Orta
giresun,alucra,2000,8,hayir,evet,yok,konut,emin_degil,hafif,L,uyumlu,Z4,Orta
ankara,sincan,2015,9,hayir,hayir,yok,konut,yok,yok,dikdortgen,yok,Z3,Düşük
bursa,nilüfer,1995,7,evet,evet,hafif,konut,var,hafif,T,uyumlu,Z3,Orta
istanbul,kadıköy,1985,8,evet,evet,kolon,konut,var,buyuk,L,farkli,Z2,Yüksek
antalya,konyaaltı,2018,6,hayir,hayir,yok,konut,yok,yok,dikdortgen,yok,Z3,Düşük
izmir,karşıyaka,1990,9,evet,evet,hafif,konut,var,buyuk,U,farkli,Z4,Yüksek
samsun,bafra,2005,5,hayir,hayir,yok,konut,yok,yok,dikdortgen,yok,Z4,Düşük
istanbul,pendik,2000,8,hayir,evet,yok,konut,emin_degil,hafif,dikdortgen,uyumlu,Z2,Düşük
ankara,keçiören,2010,10,hayir,hayir,yok,konut,yok,yok,dikdortgen,yok,Z2,Düşük
adana,yüreğir,1982,10,evet,evet,kolon,hastane,var,buyuk,kompleks,farkli,Z4,Yüksek
tekirdağ,çorlu,2015,5,hayir,hayir,yok,konut,yok,yok,dikdortgen,yok,Z2,Düşük
istanbul,sarıyer,2005,3,hayir,hayir,yok,konut,yok,yok,dikdortgen,yok,Z1,Düşük
bursa,osmangazi,1992,9,evet,hayir,hafif,konut,emin_degil,buyuk,T,yok,Z4,Yüksek
izmir,konak,1978,7,evet,evet,hafif,konut,var,hafif,L,farkli,Z3,Orta
erzincan,merkez,1998,6,evet,evet,yok,konut,emin_degil,hafif,U,uyumlu,Z4,Orta
istanbul,avcılar,2010,8,hayir,hayir,yok,ofis,yok,yok,dikdortgen,yok,Z4,Düşük
antalya,finike,1988,5,evet,hayir,kolon,okul,var,buyuk,kompleks,yok,Z4,Yüksek
ankara,mamak,2005,11,hayir,hayir,yok,konut,yok,yok,dikdortgen,yok,Z2,Düşük
sakarya,serdivan,1995,4,evet,evet,hafif,konut,var,hafif,T,uyumlu,Z3,Orta
istanbul,fatih,1980,6,evet,evet,kolon,konut,var,buyuk,L,farkli,Z2,Yüksek
izmir,balçova,2000,7,evet,hayir,yok,konut,emin_degil,hafif,dikdortgen,yok,Z4,Orta
bursa,gemlik,2012,10,hayir,hayir,yok,konut,yok,yok,dikdortgen,yok,Z4,Düşük
hatay,iskenderun,1985,8,evet,evet,hafif,hastane,var,buyuk,U,farkli,Z4,Yüksek
istanbul,maltepe,2008,9,hayir,evet,yok,konut,yok,hafif,dikdortgen,uyumlu,Z2,Düşük
adana,çukurova,2015,12,hayir,hayir,yok,konut,yok,yok,dikdortgen,yok,Z2,Düşük
ankara,yenimahalle,1995,7,evet,evet,yok,konut,var,hafif,L,uyumlu,Z3,Orta
istanbul,beşiktaş,1990,5,evet,evet,hafif,konut,emin_degil,hafif,T,uyumlu,Z3,Orta
samsun,canik,2005,6,hayir,hayir,yok,konut,yok,yok,dikdortgen,yok,Z2,Düşük
izmir,buca,1998,8,evet,hayir,yok,konut,var,hafif,dikdortgen,yok,Z2,Düşük
kocaeli,gebze,2015,8,hayir,hayir,yok,konut,yok,yok,dikdortgen,yok,Z2,Düşük
istanbul, Zeytinburnu,1992,7,evet,evet,kolon,konut,var,buyuk,kompleks,farkli,Z3,Yüksek
bursa,yıldırım,2008,5,hayir,hayir,yok,konut,yok,yok,dikdortgen,yok,Z2,Düşük
antalya,demre,2012,3,evet,hayir,yok,konut,yok,yok,dikdortgen,yok,Z4,Düşük
eskişehir,odunpazarı,1985,5,evet,evet,hafif,okul,var,hafif,U,uyumlu,Z2,Orta
istanbul,kartal,2010,14,hayir,hayir,yok,konut,yok,yok,dikdortgen,yok,Z1,Düşük
ankara,gölbaşı,2018,4,hayir,hayir,yok,konut,yok,yok,dikdortgen,yok,Z4,Düşük
izmir,bornova,1990,9,evet,evet,hafif,konut,emin_degil,buyuk,L,farkli,Z4,Yüksek
bursa,keles,2000,2,hayir,hayir,yok,konut,yok,yok,dikdortgen,yok,Z2,Düşük
istanbul,avcılar,1985,7,evet,hayir,kolon,konut,var,buyuk,T,yok,Z4,Yüksek
adana,seyhan,2005,10,hayir,hayir,yok,konut,yok,yok,dikdortgen,yok,Z4,Düşük
manisa,demirci,1995,4,evet,evet,yok,konut,var,hafif,dikdortgen,uyumlu,Z2,Düşük
giresun,alucra,1980,6,evet,hayir,hafif,konut,var,buyuk,L,yok,Z4,Yüksek
istanbul,pendik,1995,6,evet,evet,yok,konut,emin_degil,hafif,U,uyumlu,Z2,Düşük
ankara,çankaya,2015,12,hayir,hayir,yok,ofis,yok,yok,dikdortgen,yok,Z1,Düşük
izmir,karşıyaka,2012,11,hayir,hayir,yok,konut,yok,yok,dikdortgen,yok,Z4,Düşük
bursa,nilüfer,1988,7,evet,evet,kolon,hastane,var,buyuk,kompleks,farkli,Z3,Yüksek
antalya,lara,2005,5,hayir,hayir,yok,konut,yok,yok,dikdortgen,yok,Z1,Düşük
sakarya,merkez,2000,5,evet,hayir,yok,konut,emin_degil,hafif,T,yok,Z4,Orta
istanbul,bakırköy,2018,8,hayir,hayir,yok,konut,yok,yok,dikdortgen,yok,Z4,Düşük
ankara,sincan,1998,7,evet,evet,hafif,konut,var,hafif,L,uyumlu,Z3,Orta
izmir,konak,1985,8,evet,evet,kolon,okul,var,buyuk,U,farkli,Z3,Yüksek
bursa,gemlik,2000,7,evet,hayir,yok,konut,emin_degil,hafif,dikdortgen,yok,Z4,Orta
istanbul,tuzla,2012,10,hayir,hayir,yok,konut,yok,yok,dikdortgen,yok,Z3,Düşük
hatay,antakya,2010,8,hayir,evet,yok,konut,emin_degil,hafif,T,uyumlu,Z4,Düşük
antalya,finike,1995,5,evet,hayir,hafif,konut,var,hafif,L,yok,Z4,Yüksek
kocaeli,izmit,1982,8,evet,evet,kolon,konut,var,buyuk,kompleks,farkli,Z4,Yüksek
istanbul,sarıyer,1995,4,hayir,hayir,yok,konut,yok,yok,dikdortgen,yok,Z1,Düşük
ankara,etimesgut,2015,9,hayir,hayir,yok,konut,yok,yok,dikdortgen,yok,Z4,Düşük
izmir,bayraklı,1990,11,evet,evet,hafif,ofis,var,buyuk,T,farkli,Z4,Yüksek
bursa,osmangazi,2005,10,hayir,hayir,yok,konut,yok,yok,dikdortgen,yok,Z4,Düşük
istanbul,fatih,1990,5,evet,evet,hafif,konut,var,hafif,U,uyumlu,Z2,Düşük
adana,yüreğir,2008,11,hayir,hayir,yok,konut,yok,yok,dikdortgen,yok,Z4,Düşük
eskişehir,merkez,2012,7,hayir,hayir,yok,konut,yok,yok,dikdortgen,yok,Z4,Düşük
samsun,atakum,2008,10,hayir,hayir,yok,konut,yok,yok,dikdortgen,yok,Z3,Düşük
istanbul,avcılar,1995,7,evet,evet,hafif,konut,var,buyuk,L,farkli,Z4,Yüksek
ankara,mamak,2018,9,hayir,hayir,yok,konut,yok,yok,dikdortgen,yok,Z2,Düşük
izmir,balçova,1985,6,evet,evet,kolon,konut,var,buyuk,kompleks,farkli,Z4,Yüksek
bursa,yıldırım,1998,6,evet,hayir,yok,konut,var,hafif,T,yok,Z2,Düşük
istanbul,kadıköy,2015,12,hayir,hayir,yok,ofis,yok,yok,dikdortgen,yok,Z2,Düşük
erzincan,merkez,1990,7,evet,evet,hafif,hastane,var,buyuk,U,farkli,Z4,Yüksek
antalya,konyaaltı,2012,6,hayir,hayir,yok,konut,yok,yok,dikdortgen,yok,Z3,Düşük
sakarya,merkez,1988,5,evet,hayir,kolon,okul,var,buyuk,L,yok,Z4,Yüksek
istanbul, Zeytinburnu,2005,8,hayir,evet,yok,konut,emin_degil,hafif,dikdortgen,uyumlu,Z3,Düşük
ankara,çankaya,2000,8,hayir,evet,yok,konut,yok,hafif,dikdortgen,uyumlu,Z1,Düşük
izmir,buca,1990,6,evet,evet,hafif,konut,var,hafif,T,uyumlu,Z2,Orta
giresun,alucra,2012,5,hayir,hayir,yok,konut,yok,yok,dikdortgen,yok,Z4,Düşük
istanbul,pendik,1988,6,evet,evet,hafif,konut,emin_degil,buyuk,kompleks,farkli,Z2,Yüksek
bursa,gemlik,1992,6,evet,hayir,kolon,konut,var,buyuk,L,yok,Z4,Yüksek
adana,seyhan,2002,10,hayir,evet,yok,konut,emin_degil,hafif,U,uyumlu,Z4,Orta
istanbul,beşiktaş,2015,6,hayir,hayir,yok,konut,yok,yok,dikdortgen,yok,Z3,Düşük
ankara,keçiören,1995,8,evet,hayir,yok,konut,var,hafif,T,yok,Z2,Düşük
bursa,gemlik,1988,6,evet,evet,hafif,konut,var,buyuk,L,farkli,Z4,Yüksek
izmir,bayraklı,2015,13,hayir,hayir,yok,ofis,yok,yok,dikdortgen,yok,Z4,Düşük
ankara,etimesgut,1995,8,evet,evet,kolon,konut,var,hafif,U,uyumlu,Z4,Yüksek
istanbul,avcılar,1990,7,evet,hayir,hafif,konut,emin_degil,buyuk,T,yok,Z4,Yüksek
sakarya,merkez,2010,5,hayir,hayir,yok,konut,yok,yok,dikdortgen,yok,Z4,Düşük
giresun,alucra,1982,6,evet,hayir,yok,okul,var,hafif,kompleks,yok,Z4,Yüksek
antalya,lara,2016,4,hayir,hayir,yok,konut,yok,yok,dikdortgen,yok,Z1,Düşük
hatay,antakya,1995,8,evet,evet,kolon,hastane,var,buyuk,L,farkli,Z4,Yüksek
kocaeli,izmit,1985,7,evet,hayir,hafif,konut,emin_degil,hafif,U,yok,Z4,Yüksek
istanbul,bakırköy,1974,8,evet,evet,hafif,konut,var,buyuk,T,farkli,Z4,Yüksek
eskişehir,odunpazarı,2010,5,hayir,hayir,yok,konut,yok,yok,dikdortgen,yok,Z2,Düşük
adana,seyhan,1992,11,evet,hayir,kolon,ofis,var,buyuk,kompleks,yok,Z4,Yüksek
manisa,demirci,2005,4,evet,hayir,yok,konut,yok,yok,dikdortgen,yok,Z2,Düşük
izmir,bornova,1998,12,hayir,hayir,yok,konut,yok,yok,dikdortgen,yok,Z4,Düşük
istanbul,tuzla,1990,6,evet,evet,yok,konut,emin_degil,hafif,U,uyumlu,Z3,Orta
ankara,mamak,2008,10,hayir,hayir,yok,konut,yok,yok,dikdortgen,yok,Z2,Düşük
bursa,nilüfer,1995,7,evet,evet,hafif,konut,var,hafif,L,uyumlu,Z3,Orta
antalya,konyaaltı,2016,6,hayir,hayir,yok,konut,yok,yok,dikdortgen,yok,Z3,Düşük
istanbul,kadıköy,1988,8,evet,evet,kolon,konut,var,buyuk,T,farkli,Z2,Yüksek
samsun,bafra,2008,5,hayir,hayir,yok,konut,yok,yok,dikdortgen,yok,Z4,Düşük
izmir,karşıyaka,1990,9,evet,evet,hafif,konut,emin_degil,buyuk,L,farkli,Z4,Yüksek
tekirdağ,çorlu,2012,7,hayir,hayir,yok,konut,yok,yok,dikdortgen,yok,Z2,Düşük
ankara,keçiören,2000,8,hayir,evet,yok,konut,var,hafif,dikdortgen,uyumlu,Z2,Düşük
istanbul,pendik,2010,11,hayir,hayir,yok,ofis,yok,yok,dikdortgen,yok,Z2,Düşük
adana,yüreğir,1988,10,evet,evet,hafif,konut,var,buyuk,kompleks,farkli,Z4,Yüksek
erzincan,merkez,2002,5,evet,hayir,yok,konut,yok,hafif,U,yok,Z4,Orta
istanbul,sarıyer,2008,4,hayir,hayir,yok,konut,yok,yok,dikdortgen,yok,Z1,Düşük
bursa,osmangazi,1990,9,evet,evet,kolon,hastane,var,buyuk,L,farkli,Z4,Yüksek
izmir,konak,1985,7,evet,evet,hafif,konut,emin_degil,hafif,T,uyumlu,Z3,Orta
hatay,iskenderun,1995,10,evet,evet,kolon,konut,var,buyuk,U,farkli,Z4,Yüksek
ankara,sincan,2005,8,hayir,hayir,yok,konut,yok,yok,dikdortgen,yok,Z3,Düşük
istanbul,maltepe,2000,6,evet,evet,yok,konut,var,hafif,dikdortgen,uyumlu,Z2,Düşük
antalya,finike,1998,5,evet,hayir,hafif,okul,var,hafif,L,yok,Z4,Yüksek
sakarya,serdivan,2018,4,hayir,hayir,yok,konut,yok,yok,dikdortgen,yok,Z3,Düşük
istanbul,beşiktaş,1985,6,evet,evet,hafif,konut,emin_degil,buyuk,T,farkli,Z3,Yüksek
bursa,keles,2010,3,hayir,hayir,yok,konut,yok,yok,dikdortgen,yok,Z2,Düşük
izmir,balçova,1992,7,evet,evet,hafif,konut,var,buyuk,U,farkli,Z4,Yüksek
ankara,çankaya,2015,12,hayir,hayir,yok,ofis,yok,yok,dikdortgen,yok,Z1,Düşük
samsun,canik,2005,6,hayir,hayir,yok,konut,yok,yok,dikdortgen,yok,Z2,Düşük
istanbul,fatih,1982,5,evet,evet,kolon,konut,var,hafif,kompleks,uyumlu,Z2,Yüksek
adana,çukurova,2012,13,hayir,hayir,yok,konut,yok,yok,dikdortgen,yok,Z2,Düşük
kayseri,melikgazi,2005,9,hayir,evet,yok,konut,var,hafif,L,uyumlu,Z2,Düşük
istanbul, Zeytinburnu,1992,7,evet,evet,hafif,konut,emin_degil,hafif,T,farkli,Z3,Orta
izmir,buca,2008,8,hayir,hayir,yok,konut,yok,yok,dikdortgen,yok,Z2,Düşük
ankara,yenimahalle,1995,7,hayir,evet,yok,konut,var,hafif,U,uyumlu,Z3,Orta
bursa,yıldırım,2012,5,hayir,hayir,yok,konut,yok,yok,dikdortgen,yok,Z2,Düşük
istanbul,kartal,2010,16,hayir,hayir,yok,konut,yok,yok,dikdortgen,yok,Z1,Düşük
giresun,alucra,1985,5,evet,hayir,kolon,konut,var,buyuk,L,yok,Z4,Yüksek
eskişehir,merkez,1992,9,evet,evet,hafif,konut,var,hafif,T,farkli,Z4,Yüksek
istanbul,avcılar,2018,6,hayir,hayir,yok,konut,yok,yok,dikdortgen,yok,Z4,Düşük
antalya,demre,2005,3,evet,hayir,yok,konut,yok,yok,dikdortgen,yok,Z4,Düşük
kocaeli,gebze,2012,7,hayir,evet,yok,konut,var,hafif,U,uyumlu,Z2,Düşük
samsun,çarşamba,1990,5,evet,hayir,hafif,okul,var,hafif,L,yok,Z4,Yüksek
izmir,bayraklı,2002,10,hayir,hayir,yok,ofis,yok,yok,dikdortgen,yok,Z4,Düşük
ankara,gölbaşı,2015,4,hayir,hayir,yok,konut,yok,yok,dikdortgen,yok,Z4,Düşük
bursa,gemlik,1995,6,evet,hayir,hafif,konut,var,hafif,T,yok,Z4,Yüksek
istanbul,bakırköy,1975,9,evet,evet,kolon,hastane,var,buyuk,L,farkli,Z4,Yüksek
hatay,antakya,2008,8,hayir,evet,yok,konut,emin_degil,hafif,U,uyumlu,Z4,Düşük
antalya,lara,2015,6,hayir,hayir,yok,konut,yok,yok,dikdortgen,yok,Z1,Düşük
sakarya,merkez,1995,5,evet,evet,kolon,konut,var,buyuk,L,farkli,Z4,Yüksek
istanbul,tuzla,2012,11,hayir,hayir,yok,konut,yok,yok,dikdortgen,yok,Z3,Düşük
izmir,karşıyaka,2002,10,hayir,hayir,yok,konut,yok,yok,dikdortgen,yok,Z4,Düşük
ankara,etimesgut,1992,9,hayir,evet,yok,konut,var,hafif,T,uyumlu,Z4,Orta
bursa,nilüfer,1985,7,evet,evet,hafif,konut,emin_degil,buyuk,U,farkli,Z3,Yüksek
istanbul,pendik,2002,6,evet,evet,hafif,konut,var,hafif,L,uyumlu,Z2,Orta
adana,yüreğir,2015,13,hayir,hayir,yok,ofis,yok,yok,dikdortgen,yok,Z4,Düşük
muğla,datça,2015,2,hayir,hayir,yok,konut,yok,yok,dikdortgen,yok,Z1,Düşük
konya,selçuklu,1995,9,evet,hayir,yok,konut,var,hafif,T,yok,Z3,Orta
istanbul,avcılar,1982,8,evet,hayir,kolon,konut,var,buyuk,U,yok,Z4,Yüksek
izmir,bornova,2015,14,hayir,hayir,yok,konut,yok,yok,dikdortgen,yok,Z4,Düşük
ankara,keçiören,2005,7,hayir,evet,yok,konut,yok,hafif,dikdortgen,uyumlu,Z2,Düşük
samsun,atakum,2010,12,hayir,hayir,yok,konut,yok,yok,dikdortgen,yok,Z3,Düşük
istanbul,sarıyer,2005,4,hayir,hayir,yok,konut,yok,yok,dikdortgen,yok,Z1,Düşük
bursa,osmangazi,2005,11,hayir,hayir,yok,konut,yok,yok,dikdortgen,yok,Z4,Düşük
adana,seyhan,1992,9,evet,evet,hafif,konut,var,buyuk,T,farkli,Z4,Yüksek
giresun,alucra,1995,5,hayir,hayir,yok,konut,yok,yok,dikdortgen,yok,Z4,Düşük
izmir,konak,1985,8,evet,evet,kolon,okul,var,buyuk,L,farkli,Z3,Yüksek
istanbul,beşiktaş,2008,6,hayir,evet,yok,konut,yok,hafif,U,uyumlu,Z3,Düşük
ankara,mamak,2002,8,hayir,evet,yok,konut,var,hafif,dikdortgen,uyumlu,Z2,Düşük
kocaeli,izmit,1988,7,evet,evet,kolon,hastane,var,buyuk,kompleks,farkli,Z4,Yüksek
istanbul,avcılar,2008,5,hayir,evet,yok,konut,emin_degil,hafif,T,uyumlu,Z4,Düşük
antalya,lara,1992,5,evet,hayir,yok,konut,yok,yok,dikdortgen,yok,Z1,Düşük
bursa,gemlik,1980,6,evet,evet,hafif,konut,var,buyuk,L,farkli,Z4,Yüksek
izmir,balçova,2010,7,hayir,hayir,yok,konut,yok,yok,dikdortgen,yok,Z4,Düşük
ankara,çankaya,2015,10,hayir,hayir,yok,ofis,yok,yok,dikdortgen,yok,Z1,Düşük
istanbul,kadıköy,1992,7,evet,evet,hafif,konut,var,hafif,T,uyumlu,Z2,Düşük
sakarya,merkez,2008,6,hayir,evet,yok,konut,var,hafif,dikdortgen,uyumlu,Z4,Düşük
hatay,antakya,1990,8,evet,evet,kolon,konut,var,buyuk,L,farkli,Z4,Yüksek
antalya,finike,2018,4,hayir,hayir,yok,konut,yok,yok,dikdortgen,yok,Z4,Düşük
eskişehir,odunpazarı,1995,5,evet,hayir,yok,konut,var,hafif,U,yok,Z2,Düşük
istanbul,fatih,1985,5,evet,evet,hafif,konut,var,hafif,kompleks,farkli,Z2,Yüksek
ankara,sincan,1998,8,hayir,evet,yok,konut,var,hafif,T,uyumlu,Z3,Orta
izmir,bornova,2018,10,hayir,hayir,yok,ofis,yok,yok,dikdortgen,yok,Z4,Düşük
bursa,keles,2010,3,hayir,hayir,yok,konut,yok,yok,dikdortgen,yok,Z2,Düşük
istanbul, Zeytinburnu,1988,7,evet,evet,kolon,konut,var,buyuk,L,farkli,Z3,Yüksek
bursa,gemlik,1985,7,evet,evet,hafif,konut,var,buyuk,L,farkli,Z4,Yüksek
izmir,karşıyaka,1992,9,evet,evet,hafif,konut,emin_degil,hafif,U,uyumlu,Z4,Yüksek
ankara,etimesgut,2008,8,hayir,evet,yok,konut,yok,yok,dikdortgen,uyumlu,Z4,Düşük
istanbul,avcılar,1990,6,evet,hayir,hafif,konut,emin_degil,buyuk,T,yok,Z4,Yüksek
sakarya,merkez,2015,5,hayir,hayir,yok,konut,yok,yok,dikdortgen,yok,Z4,Düşük
giresun,alucra,1982,6,evet,hayir,yok,okul,var,hafif,kompleks,yok,Z4,Yüksek
antalya,lara,2018,4,hayir,hayir,yok,konut,yok,yok,dikdortgen,yok,Z1,Düşük
hatay,antakya,1995,8,evet,evet,kolon,hastane,var,buyuk,L,farkli,Z4,Yüksek
kocaeli,izmit,1988,7,evet,hayir,hafif,konut,emin_degil,hafif,U,yok,Z4,Yüksek
istanbul,bakırköy,1972,8,evet,evet,hafif,konut,var,buyuk,T,farkli,Z4,Yüksek
eskişehir,odunpazarı,2010,5,hayir,hayir,yok,konut,yok,yok,dikdortgen,yok,Z2,Düşük
adana,seyhan,1992,11,evet,hayir,kolon,ofis,var,buyuk,kompleks,yok,Z4,Yüksek
manisa,demirci,2005,4,evet,hayir,yok,konut,yok,yok,dikdortgen,yok,Z2,Düşük
izmir,bornova,1998,12,hayir,hayir,yok,konut,yok,yok,dikdortgen,yok,Z4,Düşük
istanbul,tuzla,1990,6,evet,evet,yok,konut,emin_degil,hafif,U,uyumlu,Z3,Orta
ankara,mamak,2008,10,hayir,hayir,yok,konut,yok,yok,dikdortgen,yok,Z2,Düşük
bursa,nilüfer,1995,7,evet,evet,hafif,konut,var,hafif,L,uyumlu,Z3,Orta
antalya,konyaaltı,2016,6,hayir,hayir,yok,konut,yok,yok,dikdortgen,yok,Z3,Düşük
istanbul,kadıköy,1982,8,evet,evet,kolon,konut,var,buyuk,T,farkli,Z2,Yüksek
samsun,bafra,2005,5,hayir,hayir,yok,konut,yok,yok,dikdortgen,yok,Z4,Düşük
izmir,bayraklı,1990,9,evet,evet,hafif,konut,emin_degil,buyuk,U,farkli,Z4,Yüksek
tekirdağ,çorlu,2015,7,hayir,hayir,yok,konut,yok,yok,dikdortgen,yok,Z2,Düşük
ankara,keçiören,1998,8,hayir,evet,yok,konut,var,hafif,dikdortgen,uyumlu,Z2,Düşük
istanbul,pendik,2012,11,hayir,hayir,yok,ofis,yok,yok,dikdortgen,yok,Z2,Düşük
adana,yüreğir,1988,10,evet,evet,hafif,konut,var,buyuk,kompleks,farkli,Z4,Yüksek
erzincan,merkez,2005,5,evet,hayir,yok,konut,yok,hafif,L,yok,Z4,Orta
istanbul,sarıyer,2002,4,hayir,hayir,yok,konut,yok,yok,dikdortgen,yok,Z1,Düşük
bursa,osmangazi,1985,9,evet,evet,kolon,hastane,var,buyuk,T,farkli,Z4,Yüksek
izmir,konak,1992,7,evet,evet,hafif,konut,emin_degil,hafif,U,uyumlu,Z3,Orta
hatay,iskenderun,1990,10,evet,evet,kolon,konut,var,buyuk,L,farkli,Z4,Yüksek
ankara,sincan,2010,8,hayir,hayir,yok,konut,yok,yok,dikdortgen,yok,Z3,Düşük
istanbul,maltepe,1998,6,evet,evet,yok,konut,var,hafif,dikdortgen,uyumlu,Z2,Düşük
antalya,finike,1992,5,evet,hayir,hafif,okul,var,hafif,T,yok,Z4,Yüksek
sakarya,serdivan,2015,4,hayir,hayir,yok,konut,yok,yok,dikdortgen,yok,Z3,Düşük
istanbul,beşiktaş,1988,6,evet,evet,hafif,konut,emin_degil,buyuk,kompleks,farkli,Z3,Yüksek
bursa,keles,2008,3,hayir,hayir,yok,konut,yok,yok,dikdortgen,yok,Z2,Düşük
izmir,balçova,1995,7,evet,evet,hafif,konut,var,buyuk,U,farkli,Z4,Yüksek
ankara,çankaya,2018,12,hayir,hayir,yok,ofis,yok,yok,dikdortgen,yok,Z1,Düşük
samsun,canik,2002,6,hayir,hayir,yok,konut,yok,yok,dikdortgen,yok,Z2,Düşük
istanbul,fatih,1985,6,evet,evet,kolon,konut,var,hafif,L,uyumlu,Z2,Yüksek
adana,çukurova,2018,14,hayir,hayir,yok,konut,yok,yok,dikdortgen,yok,Z2,Düşük
kayseri,melikgazi,2000,9,hayir,evet,yok,konut,var,hafif,T,uyumlu,Z2,Düşük
istanbul, Zeytinburnu,1990,7,evet,evet,hafif,konut,emin_degil,hafif,U,farkli,Z3,Orta
izmir,buca,2012,8,hayir,hayir,yok,konut,yok,yok,dikdortgen,yok,Z2,Düşük
ankara,yenimahalle,1998,7,hayir,evet,yok,konut,var,hafif,L,uyumlu,Z3,Orta
bursa,yıldırım,2015,5,hayir,hayir,yok,konut,yok,yok,dikdortgen,yok,Z2,Düşük
istanbul,kartal,2008,16,hayir,hayir,yok,konut,yok,yok,dikdortgen,yok,Z1,Düşük
giresun,alucra,1988,5,evet,hayir,kolon,konut,var,buyuk,T,yok,Z4,Yüksek
eskişehir,merkez,1995,9,evet,evet,hafif,konut,var,hafif,L,farkli,Z4,Yüksek
istanbul,avcılar,2015,6,hayir,hayir,yok,konut,yok,yok,dikdortgen,yok,Z4,Düşük
antalya,demre,2008,3,evet,hayir,yok,konut,yok,yok,dikdortgen,yok,Z4,Düşük
kocaeli,gebze,2010,7,hayir,evet,yok,konut,var,hafif,T,uyumlu,Z2,Düşük
samsun,çarşamba,1995,5,evet,hayir,hafif,okul,var,hafif,kompleks,yok,Z4,Yüksek
izmir,bayraklı,2002,10,hayir,hayir,yok,ofis,yok,yok,dikdortgen,yok,Z4,Düşük
ankara,gölbaşı,2012,4,hayir,hayir,yok,konut,yok,yok,dikdortgen,yok,Z4,Düşük
bursa,gemlik,1998,6,evet,hayir,hafif,konut,var,hafif,L,yok,Z4,Yüksek
istanbul,bakırköy,1978,9,evet,evet,kolon,hastane,var,buyuk,T,farkli,Z4,Yüksek
hatay,antakya,2012,8,hayir,evet,yok,konut,emin_degil,hafif,U,uyumlu,Z4,Düşük
antalya,lara,2018,6,hayir,hayir,yok,konut,yok,yok,dikdortgen,yok,Z1,Düşük
sakarya,merkez,1995,5,evet,evet,kolon,konut,var,buyuk,L,farkli,Z4,Yüksek
istanbul,tuzla,2010,11,hayir,hayir,yok,konut,yok,yok,dikdortgen,yok,Z3,Düşük
izmir,karşıyaka,2008,10,hayir,hayir,yok,konut,yok,yok,dikdortgen,yok,Z4,Düşük
ankara,etimesgut,2002,9,hayir,evet,yok,konut,var,hafif,T,uyumlu,Z4,Orta
bursa,nilüfer,1990,7,evet,evet,hafif,konut,emin_degil,buyuk,U,farkli,Z3,Yüksek
istanbul,pendik,1998,6,evet,evet,hafif,konut,var,hafif,L,uyumlu,Z2,Orta
adana,yüreğir,2018,13,hayir,hayir,yok,ofis,yok,yok,dikdortgen,yok,Z4,Düşük
muğla,datça,2018,2,hayir,hayir,yok,konut,yok,yok,dikdortgen,yok,Z1,Düşük
konya,selçuklu,1998,9,evet,hayir,yok,konut,var,hafif,T,yok,Z3,Orta
istanbul,avcılar,1988,8,evet,hayir,kolon,konut,var,buyuk,U,yok,Z4,Yüksek
izmir,bornova,2010,14,hayir,hayir,yok,konut,yok,yok,dikdortgen,yok,Z4,Düşük
ankara,keçiören,2002,7,hayir,evet,yok,konut,yok,hafif,dikdortgen,uyumlu,Z2,Düşük
samsun,atakum,2012,12,hayir,hayir,yok,konut,yok,yok,dikdortgen,yok,Z3,Düşük
istanbul,sarıyer,2008,4,hayir,hayir,yok,konut,yok,yok,dikdortgen,yok,Z1,Düşük
bursa,osmangazi,2008,11,hayir,hayir,yok,konut,yok,yok,dikdortgen,yok,Z4,Düşük
adana,seyhan,1995,9,evet,evet,hafif,konut,var,buyuk,T,farkli,Z4,Yüksek
giresun,alucra,2002,5,hayir,hayir,yok,konut,yok,yok,dikdortgen,yok,Z4,Düşük
izmir,konak,1988,8,evet,evet,kolon,okul,var,buyuk,L,farkli,Z3,Yüksek
istanbul,beşiktaş,2005,6,hayir,evet,yok,konut,yok,hafif,U,uyumlu,Z3,Düşük
ankara,mamak,2005,8,hayir,evet,yok,konut,var,hafif,dikdortgen,uyumlu,Z2,Düşük
kocaeli,izmit,1990,7,evet,evet,kolon,hastane,var,buyuk,kompleks,farkli,Z4,Yüksek
istanbul,avcılar,2010,5,hayir,evet,yok,konut,emin_degil,hafif,T,uyumlu,Z4,Düşük
antalya,lara,1998,5,evet,hayir,yok,konut,yok,yok,dikdortgen,yok,Z1,Düşük
bursa,gemlik,1982,6,evet,evet,hafif,konut,var,buyuk,L,farkli,Z4,Yüksek
izmir,balçova,2012,7,hayir,hayir,yok,konut,yok,yok,dikdortgen,yok,Z4,Düşük
ankara,çankaya,2018,10,hayir,hayir,yok,ofis,yok,yok,dikdortgen,yok,Z1,Düşük
istanbul,kadıköy,1995,7,evet,evet,hafif,konut,var,hafif,T,uyumlu,Z2,Düşük
sakarya,merkez,2012,6,hayir,evet,yok,konut,var,hafif,dikdortgen,uyumlu,Z4,Düşük
hatay,antakya,1992,8,evet,evet,kolon,konut,var,buyuk,L,farkli,Z4,Yüksek
antalya,finike,2022,4,hayir,hayir,yok,konut,yok,yok,dikdortgen,yok,Z4,Düşük
eskişehir,odunpazarı,1998,5,evet,hayir,yok,konut,var,hafif,U,yok,Z2,Düşük
istanbul,fatih,1988,5,evet,evet,hafif,konut,var,hafif,kompleks,farkli,Z2,Yüksek
ankara,sincan,2000,8,hayir,evet,yok,konut,var,hafif,T,uyumlu,Z3,Orta
izmir,bornova,2018,10,hayir,hayir,yok,ofis,yok,yok,dikdortgen,yok,Z4,Düşük
bursa,keles,2015,3,hayir,hayir,yok,konut,yok,yok,dikdortgen,yok,Z2,Düşük
istanbul, Zeytinburnu,1990,7,evet,evet,kolon,konut,var,buyuk,L,farkli,Z3,Yüksek
bursa,gemlik,1988,6,evet,evet,hafif,konut,var,buyuk,T,farkli,Z4,Yüksek
izmir,bayraklı,2005,11,hayir,hayir,yok,ofis,yok,yok,dikdortgen,yok,Z4,Düşük
ankara,etimesgut,1992,9,evet,evet,kolon,konut,var,hafif,U,uyumlu,Z4,Yüksek
istanbul,avcılar,1995,7,evet,hayir,hafif,konut,emin_degil,buyuk,L,yok,Z4,Yüksek
sakarya,merkez,2010,5,hayir,hayir,yok,konut,yok,yok,dikdortgen,yok,Z4,Düşük
giresun,alucra,1980,6,evet,hayir,yok,okul,var,hafif,kompleks,yok,Z4,Yüksek
antalya,lara,2018,4,hayir,hayir,yok,konut,yok,yok,dikdortgen,yok,Z1,Düşük
hatay,antakya,1992,8,evet,evet,kolon,hastane,var,buyuk,T,farkli,Z4,Yüksek
kocaeli,izmit,1985,7,evet,hayir,hafif,konut,emin_degil,hafif,U,yok,Z4,Yüksek
istanbul,bakırköy,1970,8,evet,evet,hafif,konut,var,buyuk,L,farkli,Z4,Yüksek
eskişehir,odunpazarı,2015,5,hayir,hayir,yok,konut,yok,yok,dikdortgen,yok,Z2,Düşük
adana,seyhan,1990,11,evet,hayir,kolon,ofis,var,buyuk,kompleks,yok,Z4,Yüksek
manisa,demirci,2008,4,evet,hayir,yok,konut,yok,yok,dikdortgen,yok,Z2,Düşük
izmir,bornova,2000,12,hayir,hayir,yok,konut,yok,yok,dikdortgen,yok,Z4,Düşük
istanbul,tuzla,1995,6,evet,evet,yok,konut,emin_degil,hafif,U,uyumlu,Z3,Orta
ankara,mamak,2010,10,hayir,hayir,yok,konut,yok,yok,dikdortgen,yok,Z2,Düşük
bursa,nilüfer,1992,7,evet,evet,hafif,konut,var,hafif,L,uyumlu,Z3,Orta
antalya,konyaaltı,2012,6,hayir,hayir,yok,konut,yok,yok,dikdortgen,yok,Z3,Düşük
istanbul,kadıköy,1980,8,evet,evet,kolon,konut,var,buyuk,T,farkli,Z2,Yüksek
samsun,bafra,2005,5,hayir,hayir,yok,konut,yok,yok,dikdortgen,yok,Z4,Düşük
izmir,karşıyaka,1988,9,evet,evet,hafif,konut,emin_degil,buyuk,U,farkli,Z4,Yüksek
tekirdağ,çorlu,2018,7,hayir,hayir,yok,konut,yok,yok,dikdortgen,yok,Z2,Düşük
ankara,keçiören,1995,8,hayir,evet,yok,konut,var,hafif,dikdortgen,uyumlu,Z2,Düşük
istanbul,pendik,2008,11,hayir,hayir,yok,ofis,yok,yok,dikdortgen,yok,Z2,Düşük
adana,yüreğir,1990,10,evet,evet,hafif,konut,var,buyuk,kompleks,farkli,Z4,Yüksek
erzincan,merkez,2005,5,evet,hayir,yok,konut,yok,hafif,L,yok,Z4,Orta
istanbul,sarıyer,2010,4,hayir,hayir,yok,konut,yok,yok,dikdortgen,yok,Z1,Düşük
bursa,osmangazi,1985,9,evet,evet,kolon,hastane,var,buyuk,T,farkli,Z4,Yüksek
izmir,konak,1992,7,evet,evet,hafif,konut,emin_degil,hafif,U,uyumlu,Z3,Orta
hatay,iskenderun,1980,10,evet,evet,kolon,konut,var,buyuk,L,farkli,Z4,Yüksek
ankara,sincan,2012,8,hayir,hayir,yok,konut,yok,yok,dikdortgen,yok,Z3,Düşük
istanbul,maltepe,1998,6,evet,evet,yok,konut,var,hafif,dikdortgen,uyumlu,Z2,Düşük
antalya,finike,1992,5,evet,hayir,hafif,okul,var,hafif,T,yok,Z4,Yüksek
sakarya,serdivan,2015,4,hayir,hayir,yok,konut,yok,yok,dikdortgen,yok,Z3,Düşük
istanbul,beşiktaş,1982,6,evet,evet,hafif,konut,emin_degil,buyuk,kompleks,farkli,Z3,Yüksek
bursa,keles,2005,3,hayir,hayir,yok,konut,yok,yok,dikdortgen,yok,Z2,Düşük
izmir,balçova,1990,7,evet,evet,hafif,konut,var,buyuk,T,farkli,Z4,Yüksek
ankara,çankaya,2018,12,hayir,hayir,yok,ofis,yok,yok,dikdortgen,yok,Z1,Düşük
samsun,canik,2002,6,hayir,hayir,yok,konut,yok,yok,dikdortgen,yok,Z2,Düşük
istanbul,fatih,1988,5,evet,evet,kolon,konut,var,hafif,U,uyumlu,Z2,Yüksek
adana,çukurova,2012,13,hayir,hayir,yok,konut,yok,yok,dikdortgen,yok,Z2,Düşük
kayseri,melikgazi,2000,9,hayir,evet,yok,konut,var,hafif,L,uyumlu,Z2,Düşük
istanbul, Zeytinburnu,1995,7,evet,evet,hafif,konut,emin_degil,hafif,dikdortgen,farkli,Z3,Orta
izmir,buca,2010,8,hayir,hayir,yok,konut,yok,yok,dikdortgen,yok,Z2,Düşük
ankara,yenimahalle,1992,7,hayir,evet,yok,konut,var,hafif,T,uyumlu,Z3,Orta
bursa,yıldırım,2015,5,hayir,hayir,yok,konut,yok,yok,dikdortgen,yok,Z2,Düşük
istanbul,kartal,2010,16,hayir,hayir,yok,konut,yok,yok,dikdortgen,yok,Z1,Düşük
giresun,alucra,1978,5,evet,hayir,kolon,konut,var,buyuk,L,yok,Z4,Yüksek
eskişehir,merkez,1990,9,evet,evet,hafif,konut,var,hafif,U,farkli,Z4,Yüksek
istanbul,avcılar,2018,6,hayir,hayir,yok,konut,yok,yok,dikdortgen,yok,Z4,Düşük
antalya,demre,2005,3,evet,hayir,yok,konut,yok,yok,dikdortgen,yok,Z4,Düşük
kocaeli,gebze,2008,7,hayir,evet,yok,konut,var,hafif,T,uyumlu,Z2,Düşük
samsun,çarşamba,1992,5,evet,hayir,hafif,okul,var,hafif,kompleks,yok,Z4,Yüksek
izmir,bayraklı,2000,10,hayir,hayir,yok,ofis,yok,yok,dikdortgen,yok,Z4,Düşük
ankara,gölbaşı,2015,4,hayir,hayir,yok,konut,yok,yok,dikdortgen,yok,Z4,Düşük
bursa,gemlik,1995,6,evet,hayir,hafif,konut,var,hafif,L,yok,Z4,Yüksek
istanbul,bakırköy,1972,9,evet,evet,kolon,hastane,var,buyuk,T,farkli,Z4,Yüksek
hatay,antakya,2010,8,hayir,evet,yok,konut,emin_degil,hafif,U,uyumlu,Z4,Düşük
antalya,lara,2015,6,hayir,hayir,yok,konut,yok,yok,dikdortgen,yok,Z1,Düşük
sakarya,merkez,1992,5,evet,evet,kolon,konut,var,buyuk,L,farkli,Z4,Yüksek
istanbul,tuzla,2015,11,hayir,hayir,yok,konut,yok,yok,dikdortgen,yok,Z3,Düşük
izmir,karşıyaka,2005,10,hayir,hayir,yok,konut,yok,yok,dikdortgen,yok,Z4,Düşük
ankara,etimesgut,1998,9,hayir,evet,yok,konut,var,hafif,T,uyumlu,Z4,Orta
bursa,nilüfer,1985,7,evet,evet,hafif,konut,emin_degil,buyuk,U,farkli,Z3,Yüksek
istanbul,pendik,2000,6,evet,evet,hafif,konut,var,hafif,L,uyumlu,Z2,Orta
adana,yüreğir,2012,13,hayir,hayir,yok,ofis,yok,yok,dikdortgen,yok,Z4,Düşük
muğla,datça,2015,2,hayir,hayir,yok,konut,yok,yok,dikdortgen,yok,Z1,Düşük
konya,selçuklu,1992,9,evet,hayir,yok,konut,var,hafif,kompleks,yok,Z3,Orta
istanbul,avcılar,1980,8,evet,hayir,kolon,konut,var,buyuk,T,yok,Z4,Yüksek
izmir,bornova,2012,14,hayir,hayir,yok,konut,yok,yok,dikdortgen,yok,Z4,Düşük
ankara,keçiören,2005,7,hayir,evet,yok,konut,yok,hafif,dikdortgen,uyumlu,Z2,Düşük
samsun,atakum,2010,12,hayir,hayir,yok,konut,yok,yok,dikdortgen,yok,Z3,Düşük
istanbul,sarıyer,2008,4,hayir,hayir,yok,konut,yok,yok,dikdortgen,yok,Z1,Düşük
bursa,osmangazi,2005,11,hayir,hayir,yok,konut,yok,yok,dikdortgen,yok,Z4,Düşük
adana,seyhan,1990,9,evet,evet,hafif,konut,var,buyuk,L,farkli,Z4,Yüksek
giresun,alucra,2002,5,hayir,hayir,yok,konut,yok,yok,dikdortgen,yok,Z4,Düşük
izmir,konak,1982,8,evet,evet,kolon,okul,var,buyuk,T,farkli,Z3,Yüksek
istanbul,beşiktaş,2008,6,hayir,evet,yok,konut,yok,hafif,U,uyumlu,Z3,Düşük
ankara,mamak,2002,8,hayir,evet,yok,konut,var,hafif,dikdortgen,uyumlu,Z2,Düşük
kocaeli,izmit,1988,7,evet,evet,kolon,hastane,var,buyuk,kompleks,farkli,Z4,Yüksek
istanbul,avcılar,2010,5,hayir,evet,yok,konut,emin_degil,hafif,L,uyumlu,Z4,Düşük
antalya,lara,1998,5,evet,hayir,yok,konut,yok,yok,dikdortgen,yok,Z1,Düşük
bursa,gemlik,1982,6,evet,evet,hafif,konut,var,buyuk,U,farkli,Z4,Yüksek
izmir,balçova,2012,7,hayir,hayir,yok,konut,yok,yok,dikdortgen,yok,Z4,Düşük
ankara,çankaya,2015,10,hayir,hayir,yok,ofis,yok,yok,dikdortgen,yok,Z1,Düşük
istanbul,kadıköy,1995,7,evet,evet,hafif,konut,var,hafif,T,uyumlu,Z2,Düşük
sakarya,merkez,2012,6,hayir,evet,yok,konut,var,hafif,dikdortgen,uyumlu,Z4,Düşük
hatay,antakya,1992,8,evet,evet,kolon,konut,var,buyuk,L,farkli,Z4,Yüksek
antalya,finike,2020,4,hayir,hayir,yok,konut,yok,yok,dikdortgen,yok,Z4,Düşük
eskişehir,odunpazarı,1995,5,evet,hayir,yok,konut,var,hafif,U,yok,Z2,Düşük
istanbul,fatih,1982,5,evet,evet,hafif,konut,var,hafif,kompleks,farkli,Z2,Yüksek
ankara,sincan,2000,8,hayir,evet,yok,konut,var,hafif,L,uyumlu,Z3,Orta
izmir,bornova,2018,10,hayir,hayir,yok,ofis,yok,yok,dikdortgen,yok,Z4,Düşük
bursa,keles,2012,3,hayir,hayir,yok,konut,yok,yok,dikdortgen,yok,Z2,Düşük
istanbul, Zeytinburnu,1990,7,evet,evet,kolon,konut,var,buyuk,T,farkli,Z3,Yüksek